IdReparacion,IdMoto,IdUsuario,Descripcion,Estado,FechaInicio,FechaFin,Total,Fase,Marca,Modelo,UsuarioNombre,cliente
1,1974,4930,ajuste tecnico de problema y diagnostico y verificacion completa.,Finalizado,2026-03-08 00:00:00,2026-03-10 00:00:00,5582,Entregado,Yamaha,Gixxer 250,Carlos Mendoza,Wilmer Soto
2,207,1353,inspeccion avanzada de chip y reprogramacion debido a desgaste.,Finalizado,2026-03-22 00:00:00,2026-03-22 00:00:00,4536,Entregado,Suzuki,Ninja 400,Jose Ramirez,Francisco Blandon
3,1273,3166,inspeccion avanzada de vinilado y gps incluyendo ajuste final.,Finalizado,2026-03-01 00:00:00,2026-03-02 00:00:00,2979,Entregado,Kawasaki,GSX-R750,Jose Ramirez,Edwin Chavez
4,1368,708,instalacion y calibracion de frenos y radiador por falla detectada.,Finalizado,2026-03-19 00:00:00,2026-03-22 00:00:00,2853,Entregado,KTM,CBR 600RR,Jose Ramirez,Edwin Chavez
5,4388,595,ajuste tecnico de suspension y frenos y verificacion completa.,En proceso,2026-03-02 00:00:00,2026-03-05 00:00:00,5094,Cliente informado,Suzuki,FT150,Carlos Mendoza,Francisco Blandon
6,1160,3259,diagnostico y reparacion de calipers y luces led con pruebas posteriores.,Finalizado,2026-03-21 00:00:00,2026-03-21 00:00:00,3092,Cliente informado,Suzuki,DM200,Jose Ramirez,Javier Morales
7,1455,3126,correccion especializada de chequeo y filtro de aceite debido a desgaste.,Finalizado,2026-02-28 00:00:00,2026-03-04 00:00:00,5041,Entregado,Italika,Z650,Carlos Mendoza,Luis Martinez
8,3098,737,revision completa de lubricacion y bujias con pruebas posteriores.,Finalizado,2026-03-11 00:00:00,2026-03-12 00:00:00,2992,Cliente informado,AKT,GN125,Jose Ramirez,Brayan Silva
9,2066,5162,optimizacion del sistema luces y bateria incluyendo ajuste final.,Finalizado,2026-03-25 00:00:00,2026-03-28 00:00:00,2882,Cliente informado,AKT,NKD 125,Carlos Mendoza,Jose Ramirez
10,2964,4413,correccion especializada de problema y problema incluyendo ajuste final.,Finalizado,2026-03-23 00:00:00,2026-03-13 00:00:00,6053,Cliente informado,Honda,FZ16,Jose Ramirez,Javier Morales
11,1767,5194,diagnostico y reparacion de eje y pistones incluyendo ajuste final.,Finalizado,2026-03-18 00:00:00,2026-03-20 00:00:00,1818,Cliente informado,TVS,Gixxer 250,Carlos Mendoza,Edwin Chavez
12,1524,940,inspeccion avanzada de pistones y motor segun solicitud del cliente.,Finalizado,2026-03-02 00:00:00,2026-03-03 00:00:00,2767,Cliente informado,Kawasaki,GSX-R750,Carlos Mendoza,Daniel Castillo
13,3651,3524,correccion especializada de niveles y chequeo y verificacion completa.,Finalizado,2026-03-17 00:00:00,2026-03-07 00:00:00,1889,Cliente informado,Bajaj,DM200,Carlos Mendoza,Javier Morales
14,3675,5149,revision completa de sensores de estacionamiento y turbo para mejorar rendimiento.,Finalizado,2026-03-01 00:00:00,2026-03-04 00:00:00,6049,Cliente informado,KTM,MT-07,Carlos Mendoza,Jose Ramirez
15,4276,3738,inspeccion avanzada de alineacion y revision segun solicitud del cliente.,Finalizado,2026-03-25 00:00:00,2026-03-29 00:00:00,5508,Entregado,Yamaha,CB190R,Jose Ramirez,Mario Lopez
16,2395,2543,instalacion y calibracion de llantas deportivas y estetico segun solicitud del cliente.,Finalizado,2026-03-25 00:00:00,2026-03-25 00:00:00,3621,Entregado,TVS,Pulsar NS200,Carlos Mendoza,Luis Martinez
17,3349,3967,diagnostico y reparacion de evaluacion y problema por falla detectada.,Finalizado,2026-03-15 00:00:00,2026-03-18 00:00:00,4675,Cliente informado,Honda,MT-07,Carlos Mendoza,Brayan Silva
18,2449,443,optimizacion del sistema velocidad y cromado segun solicitud del cliente.,Finalizado,2026-03-17 00:00:00,2026-03-17 00:00:00,858,Entregado,Kawasaki,DM200,Carlos Mendoza,Wilmer Soto
19,3909,2476,diagnostico y reparacion de encendido y alternador segun solicitud del cliente.,Finalizado,2026-02-28 00:00:00,2026-03-01 00:00:00,905,Entregado,Suzuki,FZ16,Carlos Mendoza,Francisco Blandon
20,391,2742,mantenimiento preventivo en cromado y personalizacion por falla detectada.,Finalizado,2026-03-29 00:00:00,2026-03-29 00:00:00,3907,Cliente informado,Suzuki,XR150L,Jose Ramirez,Alexis Diaz
21,4768,3741,correccion especializada de bateria y fallo electrico incluyendo ajuste final.,Finalizado,2026-03-05 00:00:00,2026-03-07 00:00:00,2579,Cliente informado,Bajaj,Boxer 150,Carlos Mendoza,Javier Morales
22,2121,4930,inspeccion avanzada de pantalla y chip para mejorar rendimiento.,Finalizado,2026-03-05 00:00:00,2026-03-06 00:00:00,5619,Entregado,KTM,CB190R,Carlos Mendoza,Mario Lopez
23,3557,4343,optimizacion del sistema balanceo y alineacion y verificacion completa.,Finalizado,2026-03-12 00:00:00,2026-03-15 00:00:00,1331,Entregado,Suzuki,R15,Carlos Mendoza,Julio Navarro
24,4838,2954,optimizacion del sistema revision y cambio de aceite para mejorar rendimiento.,Finalizado,2026-03-02 00:00:00,2026-03-05 00:00:00,6028,Entregado,Bajaj,Z650,Carlos Mendoza,Julio Navarro
25,2516,4849,revision completa de centralita y sistema electrico segun solicitud del cliente.,Finalizado,2026-03-05 00:00:00,2026-03-05 00:00:00,1153,Entregado,Yamaha,Boxer 150,Carlos Mendoza,Manuel Vargas
26,4191,4269,mantenimiento preventivo en radiador y amortiguadores segun solicitud del cliente.,Finalizado,2026-03-07 00:00:00,2026-03-10 00:00:00,4420,Entregado,KTM,Apache RTR 200,Carlos Mendoza,Julio Navarro
27,1193,2853,optimizacion del sistema centralita y centralita por falla detectada.,Finalizado,2026-03-16 00:00:00,2026-03-16 00:00:00,2747,Entregado,Suzuki,FT150,Carlos Mendoza,Cristian Molina
28,3368,376,diagnostico y reparacion de pistones y direccion por falla detectada.,Finalizado,2026-03-06 00:00:00,2026-03-07 00:00:00,1690,Entregado,Honda,Apache RTR 200,Carlos Mendoza,Kevin Torres
29,28,3267,optimizacion del sistema cableado y fallo electrico segun solicitud del cliente.,Finalizado,2026-03-15 00:00:00,2026-03-18 00:00:00,5362,Cliente informado,Suzuki,Pulsar NS200,Jose Ramirez,Alexis Diaz
30,1219,1710,optimizacion del sistema chequeo y niveles y verificacion completa.,Finalizado,2026-03-08 00:00:00,2026-03-09 00:00:00,5723,Entregado,TVS,Z650,Carlos Mendoza,Steven Rocha
31,278,3918,instalacion y calibracion de chasis y chasis debido a desgaste.,Finalizado,2026-03-28 00:00:00,2026-03-30 00:00:00,611,Entregado,Honda,GSX-R750,Jose Ramirez,Julio Navarro
32,2122,189,instalacion y calibracion de distribucion y motor y verificacion completa.,Finalizado,2026-03-03 00:00:00,2026-03-04 00:00:00,6281,Cliente informado,Kawasaki,CBR 600RR,Carlos Mendoza,Wilmer Soto
33,2353,2595,mantenimiento preventivo en radiador y direccion por falla detectada.,Finalizado,2026-03-10 00:00:00,2026-03-11 00:00:00,5202,Entregado,Bajaj,Duke 390,Carlos Mendoza,Javier Morales
34,3648,1756,revision completa de cambio de aceite y cambio de aceite debido a desgaste.,Finalizado,2026-03-07 00:00:00,2026-03-10 00:00:00,5913,Cliente informado,Italika,Ninja 400,Carlos Mendoza,Mario Lopez
35,3722,460,revision completa de lubricacion y cambio de aceite debido a desgaste.,Finalizado,2026-02-28 00:00:00,2026-02-28 00:00:00,3506,Cliente informado,Italika,Boxer 150,Carlos Mendoza,Steven Rocha
36,318,1978,mantenimiento preventivo en balanceo y revision con pruebas posteriores.,Finalizado,2026-03-09 00:00:00,2026-03-12 00:00:00,2856,Cliente informado,TVS,RC 200,Carlos Mendoza,Brayan Silva
37,1756,1635,optimizacion del sistema fallo electrico y motor de arranque por falla detectada.,Finalizado,2026-03-14 00:00:00,2026-03-17 00:00:00,2800,Entregado,KTM,Ninja 400,Carlos Mendoza,Roberto Flores
38,3651,3524,inspeccion avanzada de gps y frenos deportivos segun solicitud del cliente.,Finalizado,2026-03-17 00:00:00,2026-03-07 00:00:00,857,Cliente informado,Honda,Duke 390,Jose Ramirez,Eduardo Castro
39,1238,3159,inspeccion avanzada de luces y cableado debido a desgaste.,En proceso,2026-03-20 00:00:00,2026-03-21 00:00:00,5150,Entregado,Yamaha,Pulsar NS200,Carlos Mendoza,Edwin Chavez
40,1279,3947,inspeccion avanzada de motor y diferencial incluyendo ajuste final.,Finalizado,2026-03-20 00:00:00,2026-03-20 00:00:00,2153,Cliente informado,Honda,NKD 125,Jose Ramirez,Andres Ruiz
41,4829,1653,servicio integral para pistones y culata y verificacion completa.,Finalizado,2026-03-29 00:00:00,2026-03-30 00:00:00,5069,Entregado,Bajaj,GSX-R750,Jose Ramirez,Steven Rocha
42,3823,3326,ajuste tecnico de encendido y sensores segun solicitud del cliente.,Finalizado,2026-03-24 00:00:00,2026-03-25 00:00:00,2349,Cliente informado,Suzuki,CB190R,Carlos Mendoza,Steven Rocha
43,2122,189,instalacion y calibracion de llantas deportivas y aleron incluyendo ajuste final.,Finalizado,2026-03-03 00:00:00,2026-03-04 00:00:00,1948,Cliente informado,Bajaj,GN125,Carlos Mendoza,Cristian Molina
44,4515,2714,optimizacion del sistema centralita y centralita debido a desgaste.,Finalizado,2026-03-28 00:00:00,2026-03-31 00:00:00,5479,Cliente informado,Suzuki,GSX-R750,Jose Ramirez,Oscar Reyes
45,3847,4307,ajuste tecnico de escaneo y evaluacion incluyendo ajuste final.,Finalizado,2026-03-27 00:00:00,2026-03-31 00:00:00,5803,Entregado,Yamaha,GN125,Carlos Mendoza,Jose Ramirez
46,3319,3817,mantenimiento preventivo en niveles y balanceo debido a desgaste.,Finalizado,2026-02-28 00:00:00,2026-03-02 00:00:00,3730,Cliente informado,Italika,FZ16,Jose Ramirez,Alexis Diaz
47,3454,766,instalacion y calibracion de fallo electrico y bateria por falla detectada.,Finalizado,2026-03-11 00:00:00,2026-03-14 00:00:00,2755,Cliente informado,Honda,Z650,Jose Ramirez,Miguel Garcia
48,2826,4263,instalacion y calibracion de embrague y transmision y verificacion completa.,Finalizado,2026-03-18 00:00:00,2026-03-20 00:00:00,1628,Entregado,Suzuki,Ninja 400,Carlos Mendoza,Eduardo Castro
49,3352,47,correccion especializada de suspension y amortiguadores incluyendo ajuste final.,Finalizado,2026-03-05 00:00:00,2026-03-05 00:00:00,983,Cliente informado,Honda,Ninja 400,Carlos Mendoza,Wilmer Soto
50,341,5027,inspeccion avanzada de vinilado y camara para mejorar rendimiento.,Finalizado,2026-03-10 00:00:00,2026-03-12 00:00:00,1002,Entregado,Kawasaki,MT-07,Carlos Mendoza,Wilmer Soto
51,1519,5237,instalacion y calibracion de cableado y encendido para mejorar rendimiento.,Finalizado,2026-03-18 00:00:00,2026-03-22 00:00:00,6167,Cliente informado,Kawasaki,FZ16,Jose Ramirez,Roberto Flores
52,58,3681,revision completa de frenos y ciguenal incluyendo ajuste final.,Finalizado,2026-03-29 00:00:00,2026-04-02 00:00:00,3227,Cliente informado,Honda,R15,Jose Ramirez,Erick Gutierrez
53,3640,1909,inspeccion avanzada de chequeo y balanceo segun solicitud del cliente.,Finalizado,2026-03-08 00:00:00,2026-03-08 00:00:00,1032,Cliente informado,Italika,RC 200,Carlos Mendoza,Victor Rivas
54,1400,656,revision completa de pintura y turbo por falla detectada.,En proceso,2026-03-08 00:00:00,2026-03-08 00:00:00,4555,Cliente informado,Bajaj,FT150,Jose Ramirez,Cristian Molina
55,3188,4791,revision completa de fallo electrico y centralita incluyendo ajuste final.,Finalizado,2026-03-21 00:00:00,2026-03-25 00:00:00,5106,Cliente informado,Suzuki,RC 200,Jose Ramirez,Erick Gutierrez
56,2651,1362,instalacion y calibracion de bomba de agua y diferencial para mejorar rendimiento.,Finalizado,2026-03-14 00:00:00,2026-03-14 00:00:00,2949,Cliente informado,Italika,Pulsar NS200,Jose Ramirez,Francisco Blandon
57,3188,4791,optimizacion del sistema llantas deportivas y aleron por falla detectada.,Finalizado,2026-03-21 00:00:00,2026-03-25 00:00:00,3427,Cliente informado,Bajaj,DM200,Carlos Mendoza,Alexis Diaz
58,3863,2714,diagnostico y reparacion de filtro de aceite y bujias segun solicitud del cliente.,Finalizado,2026-03-03 00:00:00,2026-03-05 00:00:00,1398,Cliente informado,Suzuki,Boxer 150,Jose Ramirez,Manuel Vargas
59,4144,4130,ajuste tecnico de chequeo y problema con pruebas posteriores.,Finalizado,2026-03-24 00:00:00,2026-03-28 00:00:00,3204,Entregado,AKT,DM200,Jose Ramirez,Carlos Mendoza
60,4017,3408,mantenimiento preventivo en motor de arranque y alternador y verificacion completa.,Finalizado,2026-03-23 00:00:00,2026-03-23 00:00:00,2739,Cliente informado,Honda,XR150L,Jose Ramirez,Luis Martinez
61,3762,611,instalacion y calibracion de balanceo y bujias con pruebas posteriores.,Finalizado,2026-03-13 00:00:00,2026-03-16 00:00:00,689,Entregado,KTM,Pulsar NS200,Carlos Mendoza,Luis Martinez
62,338,982,inspeccion avanzada de eje y amortiguadores por falla detectada.,Finalizado,2026-03-28 00:00:00,2026-04-01 00:00:00,5542,Entregado,KTM,Apache RTR 200,Jose Ramirez,Daniel Castillo
63,1222,2008,ajuste tecnico de diagnostico y chequeo por falla detectada.,Entregado,2026-03-17 00:00:00,2026-03-20 00:00:00,1121,Entregado,Yamaha,GN125,Jose Ramirez,Luis Martinez
64,2775,1770,mantenimiento preventivo en amortiguadores y frenos por falla detectada.,En proceso,2026-03-24 00:00:00,2026-03-27 00:00:00,722,Cliente informado,Yamaha,R15,Jose Ramirez,Alexis Diaz
65,623,2129,instalacion y calibracion de chequeo y cambio de aceite con pruebas posteriores.,Finalizado,2026-03-03 00:00:00,2026-03-03 00:00:00,1116,Entregado,Kawasaki,Z650,Carlos Mendoza,Julio Navarro
66,3275,788,mantenimiento preventivo en revision general y falla incluyendo ajuste final.,Finalizado,2026-03-06 00:00:00,2026-03-10 00:00:00,5579,Cliente informado,KTM,XR150L,Jose Ramirez,Roberto Flores
67,3267,1097,inspeccion avanzada de escaneo y diagnostico y verificacion completa.,Finalizado,2026-03-24 00:00:00,2026-03-24 00:00:00,1304,Cliente informado,Bajaj,RC 200,Jose Ramirez,Javier Morales
68,1581,110,correccion especializada de bateria y sistema electrico con pruebas posteriores.,Finalizado,2026-03-04 00:00:00,2026-03-07 00:00:00,1825,Cliente informado,Suzuki,CBR 600RR,Jose Ramirez,Luis Martinez
69,4177,1370,revision completa de revision y niveles incluyendo ajuste final.,Finalizado,2026-03-04 00:00:00,2026-03-04 00:00:00,3701,Entregado,Kawasaki,Z650,Jose Ramirez,Wilmer Soto
70,3024,6,servicio integral para filtro de aceite y lubricacion por falla detectada.,Finalizado,2026-03-08 00:00:00,2026-03-10 00:00:00,5428,Cliente informado,Yamaha,DM200,Jose Ramirez,Juan Perez
71,3435,2139,mantenimiento preventivo en inspeccion y revision general con pruebas posteriores.,Finalizado,2026-03-03 00:00:00,2026-03-06 00:00:00,4388,Cliente informado,Bajaj,MT-07,Carlos Mendoza,Henry Tellez
72,552,1625,inspeccion avanzada de ciguenal y pistones con pruebas posteriores.,Finalizado,2026-03-24 00:00:00,2026-03-26 00:00:00,1286,Cliente informado,Bajaj,R15,Jose Ramirez,Andres Ruiz
73,584,3889,revision completa de alternador y cableado debido a desgaste.,Finalizado,2026-03-11 00:00:00,2026-03-15 00:00:00,2878,Entregado,Bajaj,Gixxer 250,Carlos Mendoza,Daniel Castillo
74,4626,200,optimizacion del sistema ciguenal y culata incluyendo ajuste final.,Finalizado,2026-03-17 00:00:00,2026-03-07 00:00:00,4165,Entregado,Bajaj,DM200,Jose Ramirez,Erick Gutierrez
75,1040,5177,ajuste tecnico de cableado y sistema electrico segun solicitud del cliente.,Finalizado,2026-03-17 00:00:00,2026-03-21 00:00:00,523,Entregado,Honda,DM200,Carlos Mendoza,Manuel Vargas
76,4471,257,servicio integral para alineacion y niveles con pruebas posteriores.,Finalizado,2026-03-15 00:00:00,2026-03-17 00:00:00,5296,Entregado,Suzuki,RC 200,Jose Ramirez,Eduardo Castro
77,43,251,optimizacion del sistema bateria y sistema electrico y verificacion completa.,Finalizado,2026-03-14 00:00:00,2026-03-16 00:00:00,5819,Cliente informado,Bajaj,FT150,Carlos Mendoza,Erick Gutierrez
78,158,396,correccion especializada de chequeo y balanceo debido a desgaste.,Finalizado,2026-03-04 00:00:00,2026-03-07 00:00:00,2238,Cliente informado,Italika,R15,Carlos Mendoza,Daniel Castillo
79,4155,3460,servicio integral para filtro de aceite y revision por falla detectada.,Finalizado,2026-03-11 00:00:00,2026-03-11 00:00:00,3215,Cliente informado,Bajaj,NKD 125,Carlos Mendoza,Andres Ruiz
80,2881,1593,instalacion y calibracion de bujias y filtro de aceite incluyendo ajuste final.,Finalizado,2026-03-05 00:00:00,2026-03-06 00:00:00,1346,Entregado,Honda,Pulsar NS200,Carlos Mendoza,Javier Morales
81,4516,1341,revision completa de chequeo y balanceo incluyendo ajuste final.,Finalizado,2026-03-27 00:00:00,2026-03-31 00:00:00,1657,Entregado,Yamaha,Apache RTR 200,Jose Ramirez,Roberto Flores
82,4214,1695,ajuste tecnico de sensores y motor de arranque y verificacion completa.,Finalizado,2026-02-28 00:00:00,2026-03-02 00:00:00,2811,Cliente informado,Kawasaki,FT150,Jose Ramirez,Victor Rivas
83,584,3889,inspeccion avanzada de lubricacion y filtro de aire por falla detectada.,Finalizado,2026-03-11 00:00:00,2026-03-15 00:00:00,2867,Entregado,Yamaha,R15,Jose Ramirez,Roberto Flores
84,4655,4571,instalacion y calibracion de embrague y culata y verificacion completa.,Finalizado,2026-03-27 00:00:00,2026-03-27 00:00:00,2574,Cliente informado,Honda,GN125,Jose Ramirez,Jose Ramirez
85,4860,2387,servicio integral para chequeo y cambio de aceite por falla detectada.,Finalizado,2026-03-20 00:00:00,2026-03-21 00:00:00,4740,Cliente informado,Bajaj,CB190R,Carlos Mendoza,Javier Morales
86,275,3545,diagnostico y reparacion de arbol de levas y carroceria y verificacion completa.,En proceso,2026-03-08 00:00:00,2026-03-10 00:00:00,1790,Cliente informado,Italika,Boxer 150,Jose Ramirez,Brayan Silva
87,3166,4505,revision completa de amortiguadores y direccion debido a desgaste.,Finalizado,2026-03-26 00:00:00,2026-03-30 00:00:00,5504,Cliente informado,Yamaha,FZ16,Carlos Mendoza,Steven Rocha
88,1920,4634,instalacion y calibracion de evaluacion y evaluacion por falla detectada.,Finalizado,2026-03-10 00:00:00,2026-03-14 00:00:00,1559,Entregado,Honda,GSX-R750,Carlos Mendoza,Andres Ruiz
89,2449,1778,diagnostico y reparacion de biela y ciguenal por falla detectada.,Finalizado,2026-03-04 00:00:00,2026-02-22 00:00:00,2877,Cliente informado,Bajaj,DM200,Jose Ramirez,Javier Morales
90,2553,1018,revision completa de cromado y luces led para mejorar rendimiento.,Finalizado,2026-03-04 00:00:00,2026-03-08 00:00:00,2942,Cliente informado,KTM,RC 200,Jose Ramirez,Miguel Garcia
91,1916,3153,optimizacion del sistema eje y distribucion por falla detectada.,Finalizado,2026-02-28 00:00:00,2026-03-02 00:00:00,6315,Cliente informado,Suzuki,CBR 600RR,Carlos Mendoza,Eduardo Castro
92,4830,1055,diagnostico y reparacion de luces y sistema electrico por falla detectada.,Finalizado,2026-03-23 00:00:00,2026-03-23 00:00:00,5837,Cliente informado,Honda,Apache RTR 200,Carlos Mendoza,Samuel Cruz
93,567,904,revision completa de fallo electrico y sensores para mejorar rendimiento.,Finalizado,2026-03-11 00:00:00,2026-03-15 00:00:00,3810,Cliente informado,Italika,GN125,Jose Ramirez,Kevin Torres
94,1478,3089,diagnostico y reparacion de motor de arranque y encendido con pruebas posteriores.,Finalizado,2026-03-03 00:00:00,2026-03-06 00:00:00,2246,Entregado,Yamaha,GN125,Jose Ramirez,Andres Ruiz
95,466,331,ajuste tecnico de filtro de aire y balanceo debido a desgaste.,Finalizado,2026-03-10 00:00:00,2026-03-10 00:00:00,6379,Cliente informado,Italika,FT150,Jose Ramirez,Brayan Silva
96,1962,3695,instalacion y calibracion de motor de arranque y luces para mejorar rendimiento.,Finalizado,2026-03-07 00:00:00,2026-03-09 00:00:00,3914,Cliente informado,Bajaj,CBR 600RR,Jose Ramirez,Brayan Silva
97,68,5160,revision completa de alineacion y revision para mejorar rendimiento.,Finalizado,2026-03-25 00:00:00,2026-03-27 00:00:00,4696,Entregado,Honda,CB190R,Carlos Mendoza,Victor Rivas
98,3242,3935,correccion especializada de chequeo y filtro de aceite por falla detectada.,Finalizado,2026-03-16 00:00:00,2026-03-17 00:00:00,3390,Entregado,Bajaj,Duke 390,Carlos Mendoza,Steven Rocha
99,2780,4120,servicio integral para alineacion y chequeo debido a desgaste.,Finalizado,2026-03-11 00:00:00,2026-03-11 00:00:00,2540,Entregado,Italika,Apache RTR 200,Carlos Mendoza,Kevin Torres
100,2809,3741,ajuste tecnico de niveles y balanceo para mejorar rendimiento.,Finalizado,2026-03-22 00:00:00,2026-03-25 00:00:00,6108,Cliente informado,Bajaj,MT-07,Jose Ramirez,Victor Rivas
101,97,3693,inspeccion avanzada de suspension deportiva y escape deportivo por falla detectada.,En proceso,2026-03-09 00:00:00,2026-03-13 00:00:00,2285,Cliente informado,Bajaj,Z650,Carlos Mendoza,Alexis Diaz
102,3909,2476,inspeccion avanzada de modificacion y audio y verificacion completa.,Finalizado,2026-02-28 00:00:00,2026-03-01 00:00:00,5766,Entregado,Yamaha,FT150,Carlos Mendoza,Mario Lopez
103,2791,4963,instalacion y calibracion de alineacion y cambio de aceite por falla detectada.,Finalizado,2026-03-10 00:00:00,2026-03-10 00:00:00,4986,Entregado,Yamaha,Pulsar NS200,Jose Ramirez,Brayan Silva
104,3768,3163,instalacion y calibracion de performance y pintura debido a desgaste.,Finalizado,2026-03-18 00:00:00,2026-03-21 00:00:00,3799,Entregado,Kawasaki,NKD 125,Jose Ramirez,Cristian Molina
105,211,3238,diagnostico y reparacion de lubricacion y cambio de aceite segun solicitud del cliente.,Finalizado,2026-03-12 00:00:00,2026-03-14 00:00:00,3594,Cliente informado,Bajaj,Pulsar NS200,Jose Ramirez,Miguel Garcia
106,2030,4933,diagnostico y reparacion de evaluacion y chequeo incluyendo ajuste final.,Finalizado,2026-03-09 00:00:00,2026-03-11 00:00:00,5744,Entregado,KTM,Ninja 400,Carlos Mendoza,Brayan Silva
107,2301,2406,mantenimiento preventivo en actualizacion de software y suspension deportiva segun solicitud del cliente.,Finalizado,2026-03-13 00:00:00,2026-03-14 00:00:00,3715,Entregado,KTM,CB190R,Carlos Mendoza,Edwin Chavez
108,4694,4752,mantenimiento preventivo en luces y sensores con pruebas posteriores.,Entregado,2026-03-01 00:00:00,2026-03-01 00:00:00,887,Entregado,Honda,RC 200,Jose Ramirez,Daniel Castillo
109,2155,3188,inspeccion avanzada de transmision y bomba de agua debido a desgaste.,Entregado,2026-03-09 00:00:00,2026-03-12 00:00:00,2854,Entregado,Honda,RC 200,Jose Ramirez,Edwin Chavez
110,4274,5268,revision completa de centralita y luces incluyendo ajuste final.,Finalizado,2026-03-03 00:00:00,2026-03-06 00:00:00,760,Cliente informado,Kawasaki,Boxer 150,Jose Ramirez,Mario Lopez
111,2497,3063,revision completa de polarizado y polarizado con pruebas posteriores.,Finalizado,2026-03-06 00:00:00,2026-03-08 00:00:00,2305,Cliente informado,Suzuki,Z650,Carlos Mendoza,Luis Martinez
112,397,4584,diagnostico y reparacion de chequeo y revision segun solicitud del cliente.,Entregado,2026-03-03 00:00:00,2026-03-03 00:00:00,2263,Cliente informado,Honda,CBR 600RR,Carlos Mendoza,Jose Ramirez
113,1211,113,optimizacion del sistema ruido y inspeccion para mejorar rendimiento.,Finalizado,2026-03-19 00:00:00,2026-03-21 00:00:00,4965,Cliente informado,Honda,FT150,Jose Ramirez,Fernando Herrera
114,3633,4118,revision completa de ruido y revision general por falla detectada.,Finalizado,2026-03-26 00:00:00,2026-03-27 00:00:00,4032,Cliente informado,Italika,DM200,Jose Ramirez,Mario Lopez
115,3454,766,optimizacion del sistema frenos deportivos y custom debido a desgaste.,Finalizado,2026-03-11 00:00:00,2026-03-14 00:00:00,2741,Cliente informado,Suzuki,Boxer 150,Jose Ramirez,Wilmer Soto
116,1632,2973,diagnostico y reparacion de alineacion y chequeo por falla detectada.,Finalizado,2026-03-15 00:00:00,2026-03-17 00:00:00,4296,Cliente informado,Bajaj,Z650,Carlos Mendoza,Miguel Garcia
117,709,1627,ajuste tecnico de filtro de aire y revision segun solicitud del cliente.,Finalizado,2026-03-12 00:00:00,2026-03-15 00:00:00,6356,Cliente informado,Kawasaki,RC 200,Carlos Mendoza,Edwin Chavez
118,2613,4595,inspeccion avanzada de cableado y sensores y verificacion completa.,Finalizado,2026-03-11 00:00:00,2026-03-13 00:00:00,5403,Cliente informado,Yamaha,MT-07,Jose Ramirez,Oscar Reyes
119,1064,4365,revision completa de ruido y test incluyendo ajuste final.,Finalizado,2026-02-28 00:00:00,2026-03-04 00:00:00,3429,Entregado,Yamaha,GSX-R750,Jose Ramirez,Andres Ruiz
120,4351,3126,revision completa de chequeo y revision segun solicitud del cliente.,Finalizado,2026-03-19 00:00:00,2026-03-20 00:00:00,4376,Cliente informado,KTM,MT-07,Jose Ramirez,Wilmer Soto
121,632,3003,optimizacion del sistema escaneo y chequeo y verificacion completa.,Finalizado,2026-03-13 00:00:00,2026-03-14 00:00:00,6209,Cliente informado,Suzuki,CBR 600RR,Carlos Mendoza,Kevin Torres
122,2922,599,instalacion y calibracion de motor y culata y verificacion completa.,Finalizado,2026-03-14 00:00:00,2026-03-04 00:00:00,2241,Cliente informado,Yamaha,MT-07,Carlos Mendoza,Carlos Mendoza
123,4741,3736,servicio integral para balanceo y bujias con pruebas posteriores.,Finalizado,2026-03-14 00:00:00,2026-03-17 00:00:00,5164,Entregado,Bajaj,CB190R,Jose Ramirez,Mario Lopez
124,4256,4120,diagnostico y reparacion de fallo electrico y encendido para mejorar rendimiento.,Finalizado,2026-03-13 00:00:00,2026-03-03 00:00:00,6027,Entregado,Bajaj,FZ16,Carlos Mendoza,Eduardo Castro
125,3961,4270,correccion especializada de bateria y cableado con pruebas posteriores.,Finalizado,2026-03-03 00:00:00,2026-03-05 00:00:00,3654,Entregado,Suzuki,FZ16,Carlos Mendoza,Edwin Chavez
126,653,3443,revision completa de sistema electrico y alternador debido a desgaste.,Finalizado,2026-03-27 00:00:00,2026-03-28 00:00:00,3013,Entregado,Suzuki,RC 200,Carlos Mendoza,Juan Perez
127,1374,2616,optimizacion del sistema alineacion y alineacion con pruebas posteriores.,Finalizado,2026-03-22 00:00:00,2026-03-23 00:00:00,1929,Cliente informado,Yamaha,Duke 390,Jose Ramirez,Alexis Diaz
128,2183,2846,optimizacion del sistema radiador y pistones y verificacion completa.,Finalizado,2026-03-07 00:00:00,2026-03-10 00:00:00,3960,Cliente informado,Yamaha,FZ16,Carlos Mendoza,Cristian Molina
129,574,2405,revision completa de caja de cambios y eje y verificacion completa.,Finalizado,2026-03-12 00:00:00,2026-03-13 00:00:00,2762,Cliente informado,Kawasaki,Boxer 150,Jose Ramirez,Brayan Silva
130,1565,2852,servicio integral para ruido y escaneo con pruebas posteriores.,Finalizado,2026-03-24 00:00:00,2026-03-27 00:00:00,2199,Cliente informado,Italika,Boxer 150,Carlos Mendoza,Julio Navarro
131,4884,1811,optimizacion del sistema camara y calipers debido a desgaste.,Finalizado,2026-03-01 00:00:00,2026-03-05 00:00:00,2636,Entregado,Kawasaki,Pulsar NS200,Jose Ramirez,Eduardo Castro
132,299,58,mantenimiento preventivo en motor de arranque y centralita para mejorar rendimiento.,Finalizado,2026-03-03 00:00:00,2026-03-05 00:00:00,858,Entregado,Kawasaki,Duke 390,Carlos Mendoza,Mario Lopez
133,4518,4325,inspeccion avanzada de alineacion y revision y verificacion completa.,Finalizado,2026-03-01 00:00:00,2026-03-02 00:00:00,4984,Entregado,Kawasaki,FZ16,Carlos Mendoza,Carlos Mendoza
134,4955,4503,ajuste tecnico de bateria y fallo electrico incluyendo ajuste final.,Finalizado,2026-03-11 00:00:00,2026-03-13 00:00:00,1500,Entregado,Italika,GSX-R750,Carlos Mendoza,Alexis Diaz
135,2928,2742,servicio integral para sensores y cableado incluyendo ajuste final.,Finalizado,2026-03-22 00:00:00,2026-03-26 00:00:00,3460,Cliente informado,Kawasaki,DM200,Jose Ramirez,Kevin Torres
136,788,2774,correccion especializada de sensores de estacionamiento y estetico por falla detectada.,Finalizado,2026-03-07 00:00:00,2026-03-09 00:00:00,705,Cliente informado,Yamaha,Gixxer 250,Carlos Mendoza,Brayan Silva
137,4880,3275,diagnostico y reparacion de falla y falla incluyendo ajuste final.,Finalizado,2026-03-28 00:00:00,2026-04-01 00:00:00,1235,Cliente informado,Suzuki,Pulsar NS200,Jose Ramirez,Carlos Mendoza
138,2563,2610,inspeccion avanzada de distribucion y suspension incluyendo ajuste final.,Finalizado,2026-03-28 00:00:00,2026-03-28 00:00:00,6423,Entregado,Suzuki,Pulsar NS200,Jose Ramirez,Steven Rocha
139,1285,565,diagnostico y reparacion de escaneo y test segun solicitud del cliente.,Finalizado,2026-03-06 00:00:00,2026-02-24 00:00:00,1868,Entregado,Italika,Pulsar NS200,Carlos Mendoza,Juan Perez
140,3769,2366,servicio integral para diagnostico y problema por falla detectada.,Finalizado,2026-03-24 00:00:00,2026-03-25 00:00:00,2601,Entregado,KTM,MT-07,Carlos Mendoza,Wilmer Soto
141,2977,2733,revision completa de cambio color y tuning segun solicitud del cliente.,Finalizado,2026-03-17 00:00:00,2026-03-21 00:00:00,1541,Entregado,Bajaj,GN125,Jose Ramirez,Henry Tellez
142,315,3035,ajuste tecnico de ruido y test para mejorar rendimiento.,Finalizado,2026-03-07 00:00:00,2026-03-10 00:00:00,3468,Entregado,AKT,GSX-R750,Jose Ramirez,Carlos Mendoza
143,967,4338,inspeccion avanzada de motor de arranque y motor de arranque con pruebas posteriores.,Finalizado,2026-03-04 00:00:00,2026-03-06 00:00:00,898,Cliente informado,Suzuki,FZ16,Carlos Mendoza,Wilmer Soto
144,3252,1302,diagnostico y reparacion de vinilado y custom segun solicitud del cliente.,Finalizado,2026-03-14 00:00:00,2026-03-16 00:00:00,6434,Cliente informado,Suzuki,XR150L,Carlos Mendoza,Luis Martinez
145,2527,2575,inspeccion avanzada de pintura y sensores de estacionamiento incluyendo ajuste final.,Finalizado,2026-03-16 00:00:00,2026-03-18 00:00:00,6112,Entregado,Honda,Ninja 400,Carlos Mendoza,Juan Perez
146,83,2646,ajuste tecnico de sensores y encendido debido a desgaste.,Finalizado,2026-03-01 00:00:00,2026-03-01 00:00:00,3137,Entregado,KTM,Apache RTR 200,Jose Ramirez,Kevin Torres
147,1405,1463,instalacion y calibracion de caja de cambios y caja de cambios incluyendo ajuste final.,Finalizado,2026-03-17 00:00:00,2026-03-20 00:00:00,5538,Cliente informado,Yamaha,R15,Jose Ramirez,Erick Gutierrez
148,3278,2437,instalacion y calibracion de niveles y niveles incluyendo ajuste final.,Finalizado,2026-03-03 00:00:00,2026-03-03 00:00:00,2867,Cliente informado,Honda,XR150L,Jose Ramirez,Julio Navarro
149,3841,4136,revision completa de test y problema incluyendo ajuste final.,En proceso,2026-03-09 00:00:00,2026-03-12 00:00:00,3783,Cliente informado,Honda,Duke 390,Carlos Mendoza,Wilmer Soto
150,1219,1710,correccion especializada de sensores y motor de arranque por falla detectada.,Finalizado,2026-03-08 00:00:00,2026-03-09 00:00:00,3204,Entregado,Suzuki,MT-07,Carlos Mendoza,Brayan Silva
151,1187,3819,ajuste tecnico de caja de cambios y bomba de agua con pruebas posteriores.,Finalizado,2026-03-10 00:00:00,2026-03-14 00:00:00,4522,Cliente informado,Italika,Duke 390,Carlos Mendoza,Julio Navarro
152,2325,3308,mantenimiento preventivo en evaluacion y escaneo para mejorar rendimiento.,Finalizado,2026-03-23 00:00:00,2026-03-26 00:00:00,1179,Entregado,Italika,DM200,Carlos Mendoza,Samuel Cruz
153,3640,1909,revision completa de evaluacion y revision general debido a desgaste.,Finalizado,2026-03-08 00:00:00,2026-03-08 00:00:00,1309,Cliente informado,Kawasaki,NKD 125,Carlos Mendoza,Roberto Flores
154,3615,2346,servicio integral para cableado y alternador y verificacion completa.,Finalizado,2026-03-20 00:00:00,2026-03-21 00:00:00,4743,Entregado,Yamaha,Apache RTR 200,Carlos Mendoza,Javier Morales
155,3638,2264,mantenimiento preventivo en fallo electrico y bateria y verificacion completa.,Finalizado,2026-03-18 00:00:00,2026-03-22 00:00:00,573,Entregado,Yamaha,Z650,Jose Ramirez,Kevin Torres
156,2144,4165,servicio integral para reprogramacion y reprogramacion debido a desgaste.,Finalizado,2026-03-08 00:00:00,2026-03-09 00:00:00,6137,Entregado,Italika,R15,Jose Ramirez,Steven Rocha
157,4366,4693,servicio integral para frenos deportivos y audio con pruebas posteriores.,Finalizado,2026-03-18 00:00:00,2026-03-19 00:00:00,5140,Entregado,Honda,NKD 125,Jose Ramirez,Cristian Molina
158,3098,737,ajuste tecnico de frenos deportivos y turbo para mejorar rendimiento.,Finalizado,2026-03-11 00:00:00,2026-03-12 00:00:00,3214,Cliente informado,Yamaha,MT-07,Jose Ramirez,Roberto Flores
159,4072,3642,ajuste tecnico de performance y pantalla y verificacion completa.,Finalizado,2026-03-05 00:00:00,2026-03-05 00:00:00,4850,Cliente informado,Honda,FZ16,Carlos Mendoza,Roberto Flores
160,3724,2393,servicio integral para sensores de estacionamiento y suspension deportiva con pruebas posteriores.,Finalizado,2026-03-23 00:00:00,2026-03-23 00:00:00,2067,Cliente informado,TVS,Duke 390,Jose Ramirez,Edwin Chavez
161,4369,4843,instalacion y calibracion de amortiguadores y bomba de agua con pruebas posteriores.,Finalizado,2026-03-07 00:00:00,2026-03-10 00:00:00,1608,Cliente informado,Suzuki,Duke 390,Carlos Mendoza,Miguel Garcia
162,4106,2717,inspeccion avanzada de arbol de levas y biela y verificacion completa.,Finalizado,2026-03-21 00:00:00,2026-03-22 00:00:00,2514,Entregado,Honda,CBR 600RR,Carlos Mendoza,Alexis Diaz
163,3852,1984,optimizacion del sistema motor de arranque y bateria y verificacion completa.,Finalizado,2026-03-11 00:00:00,2026-03-15 00:00:00,945,Entregado,Bajaj,RC 200,Carlos Mendoza,Luis Martinez
164,4452,2306,servicio integral para revision general y falla segun solicitud del cliente.,Finalizado,2026-03-09 00:00:00,2026-03-13 00:00:00,1032,Cliente informado,TVS,CB190R,Carlos Mendoza,Miguel Garcia
165,2736,4348,correccion especializada de ciguenal y distribucion para mejorar rendimiento.,Finalizado,2026-03-28 00:00:00,2026-03-31 00:00:00,4570,Entregado,Kawasaki,CB190R,Carlos Mendoza,Steven Rocha
166,88,4866,instalacion y calibracion de amortiguadores y eje con pruebas posteriores.,Finalizado,2026-03-01 00:00:00,2026-03-02 00:00:00,4764,Cliente informado,Suzuki,CB190R,Jose Ramirez,Victor Rivas
167,597,2954,diagnostico y reparacion de centralita y luces con pruebas posteriores.,Finalizado,2026-03-25 00:00:00,2026-03-27 00:00:00,5582,Cliente informado,AKT,Pulsar NS200,Carlos Mendoza,Andres Ruiz
168,4116,41,optimizacion del sistema arbol de levas y radiador por falla detectada.,Finalizado,2026-03-05 00:00:00,2026-03-08 00:00:00,5200,Cliente informado,Kawasaki,MT-07,Jose Ramirez,Daniel Castillo
169,3163,2619,ajuste tecnico de centralita y motor de arranque con pruebas posteriores.,Finalizado,2026-03-28 00:00:00,2026-03-30 00:00:00,4856,Cliente informado,Kawasaki,CB190R,Carlos Mendoza,Julio Navarro
170,251,4162,inspeccion avanzada de chasis y amortiguadores con pruebas posteriores.,Finalizado,2026-03-08 00:00:00,2026-02-26 00:00:00,5892,Entregado,KTM,Z650,Jose Ramirez,Victor Rivas
171,4127,3315,correccion especializada de lubricacion y filtro de aceite para mejorar rendimiento.,Finalizado,2026-03-29 00:00:00,2026-03-30 00:00:00,1861,Cliente informado,KTM,Duke 390,Carlos Mendoza,Carlos Mendoza
172,3381,5,mantenimiento preventivo en cableado y cableado debido a desgaste.,Finalizado,2026-03-07 00:00:00,2026-03-09 00:00:00,2748,Entregado,Yamaha,Apache RTR 200,Jose Ramirez,Juan Perez
173,2557,1522,servicio integral para bateria y motor de arranque debido a desgaste.,Finalizado,2026-03-03 00:00:00,2026-03-06 00:00:00,3736,Cliente informado,Suzuki,Ninja 400,Jose Ramirez,Juan Perez
174,231,1844,instalacion y calibracion de escaneo y diagnostico con pruebas posteriores.,Finalizado,2026-03-18 00:00:00,2026-03-21 00:00:00,2322,Cliente informado,KTM,GN125,Carlos Mendoza,Edwin Chavez
175,587,446,instalacion y calibracion de motor de arranque y motor de arranque por falla detectada.,Finalizado,2026-03-28 00:00:00,2026-03-28 00:00:00,4177,Entregado,Honda,GSX-R750,Jose Ramirez,Miguel Garcia
176,2338,3092,correccion especializada de sensores y alternador incluyendo ajuste final.,Finalizado,2026-03-01 00:00:00,2026-03-05 00:00:00,2960,Cliente informado,Yamaha,XR150L,Jose Ramirez,Julio Navarro
177,315,3035,mantenimiento preventivo en evaluacion y chequeo debido a desgaste.,Finalizado,2026-03-07 00:00:00,2026-03-10 00:00:00,3000,Entregado,KTM,GSX-R750,Carlos Mendoza,Manuel Vargas
178,838,3395,inspeccion avanzada de alineacion y filtro de aceite y verificacion completa.,Finalizado,2026-03-16 00:00:00,2026-03-17 00:00:00,3150,Cliente informado,Suzuki,R15,Carlos Mendoza,Alexis Diaz
179,2532,3999,diagnostico y reparacion de alternador y luces incluyendo ajuste final.,Finalizado,2026-03-24 00:00:00,2026-03-25 00:00:00,6237,Entregado,Kawasaki,Duke 390,Jose Ramirez,Eduardo Castro
180,1650,3127,instalacion y calibracion de chequeo y filtro de aire para mejorar rendimiento.,Finalizado,2026-03-19 00:00:00,2026-03-22 00:00:00,4599,Entregado,Honda,MT-07,Jose Ramirez,Julio Navarro
181,3563,591,optimizacion del sistema luces y sensores segun solicitud del cliente.,Finalizado,2026-03-24 00:00:00,2026-03-25 00:00:00,5126,Cliente informado,Honda,Gixxer 250,Carlos Mendoza,Francisco Blandon
182,2503,2151,optimizacion del sistema cableado y bateria con pruebas posteriores.,Finalizado,2026-03-21 00:00:00,2026-03-21 00:00:00,2790,Cliente informado,Italika,CB190R,Carlos Mendoza,Erick Gutierrez
183,2546,429,servicio integral para alternador y encendido segun solicitud del cliente.,Finalizado,2026-03-08 00:00:00,2026-03-10 00:00:00,1196,Cliente informado,Kawasaki,FT150,Jose Ramirez,Henry Tellez
184,3524,412,instalacion y calibracion de pantalla y llantas deportivas con pruebas posteriores.,Finalizado,2026-03-23 00:00:00,2026-03-25 00:00:00,4316,Entregado,Italika,Z650,Jose Ramirez,Alexis Diaz
185,2931,1494,servicio integral para fallo electrico y motor de arranque incluyendo ajuste final.,Finalizado,2026-03-11 00:00:00,2026-03-15 00:00:00,569,Entregado,Suzuki,Gixxer 250,Carlos Mendoza,Oscar Reyes
186,2407,1791,ajuste tecnico de caja de cambios y distribucion para mejorar rendimiento.,Finalizado,2026-03-14 00:00:00,2026-03-17 00:00:00,1188,Cliente informado,KTM,Boxer 150,Jose Ramirez,Alexis Diaz
187,2746,2342,instalacion y calibracion de actualizacion de software y suspension deportiva y verificacion completa.,Finalizado,2026-03-10 00:00:00,2026-03-12 00:00:00,6498,Entregado,Yamaha,FT150,Jose Ramirez,Daniel Castillo
188,530,2169,correccion especializada de niveles y alineacion debido a desgaste.,Finalizado,2026-03-14 00:00:00,2026-03-15 00:00:00,5515,Entregado,Italika,GSX-R750,Carlos Mendoza,Brayan Silva
189,4715,2721,inspeccion avanzada de potencia y pantalla con pruebas posteriores.,Finalizado,2026-03-01 00:00:00,2026-03-01 00:00:00,2603,Cliente informado,Italika,FZ16,Carlos Mendoza,Luis Martinez
190,4473,3309,revision completa de culata y motor por falla detectada.,Finalizado,2026-03-01 00:00:00,2026-03-03 00:00:00,5987,Entregado,Bajaj,XR150L,Carlos Mendoza,Miguel Garcia
191,4416,773,revision completa de fallo electrico y motor de arranque segun solicitud del cliente.,Finalizado,2026-03-07 00:00:00,2026-03-10 00:00:00,4524,Entregado,Yamaha,Apache RTR 200,Carlos Mendoza,Fernando Herrera
192,406,2289,correccion especializada de niveles y cambio de aceite por falla detectada.,Finalizado,2026-03-09 00:00:00,2026-03-12 00:00:00,1747,Cliente informado,Italika,GSX-R750,Jose Ramirez,Victor Rivas
193,4181,4531,instalacion y calibracion de sensores y cableado con pruebas posteriores.,Finalizado,2026-03-09 00:00:00,2026-03-12 00:00:00,5530,Entregado,Bajaj,NKD 125,Jose Ramirez,Fernando Herrera
194,2795,3364,inspeccion avanzada de motor y frenos para mejorar rendimiento.,Entregado,2026-03-09 00:00:00,2026-03-10 00:00:00,1799,Cliente informado,Yamaha,RC 200,Carlos Mendoza,Jose Ramirez
195,1229,2933,revision completa de arbol de levas y bomba de agua incluyendo ajuste final.,Finalizado,2026-03-16 00:00:00,2026-03-18 00:00:00,585,Entregado,Suzuki,CBR 600RR,Jose Ramirez,Steven Rocha
196,4354,3217,revision completa de chequeo y ruido debido a desgaste.,Finalizado,2026-03-07 00:00:00,2026-02-25 00:00:00,2209,Cliente informado,Kawasaki,FT150,Carlos Mendoza,Oscar Reyes
197,3977,4270,optimizacion del sistema falla y test incluyendo ajuste final.,Finalizado,2026-03-19 00:00:00,2026-03-20 00:00:00,2853,Entregado,Yamaha,Boxer 150,Jose Ramirez,Carlos Mendoza
198,4939,503,ajuste tecnico de bomba de agua y bomba de agua con pruebas posteriores.,Finalizado,2026-03-28 00:00:00,2026-03-30 00:00:00,2822,Entregado,AKT,NKD 125,Carlos Mendoza,Daniel Castillo
199,3035,4531,correccion especializada de encendido y motor de arranque segun solicitud del cliente.,Entregado,2026-03-18 00:00:00,2026-03-18 00:00:00,1395,Cliente informado,KTM,RC 200,Carlos Mendoza,Daniel Castillo
200,1847,4268,correccion especializada de suspension deportiva y custom para mejorar rendimiento.,Finalizado,2026-03-24 00:00:00,2026-03-26 00:00:00,3153,Entregado,Suzuki,XR150L,Jose Ramirez,Steven Rocha
201,1274,4766,inspeccion avanzada de suspension deportiva y cromado con pruebas posteriores.,Finalizado,2026-03-09 00:00:00,2026-03-09 00:00:00,2510,Entregado,Suzuki,RC 200,Jose Ramirez,Roberto Flores
202,3250,1019,mantenimiento preventivo en niveles y lubricacion con pruebas posteriores.,Finalizado,2026-03-16 00:00:00,2026-03-19 00:00:00,1411,Cliente informado,Kawasaki,RC 200,Carlos Mendoza,Steven Rocha
203,486,792,servicio integral para problema y escaneo segun solicitud del cliente.,Finalizado,2026-03-24 00:00:00,2026-03-14 00:00:00,2970,Entregado,AKT,Boxer 150,Carlos Mendoza,Kevin Torres
204,3535,3808,servicio integral para revision y filtro de aire para mejorar rendimiento.,Finalizado,2026-03-10 00:00:00,2026-03-14 00:00:00,3985,Cliente informado,Suzuki,RC 200,Carlos Mendoza,Miguel Garcia
205,2053,1051,inspeccion avanzada de cableado y sistema electrico debido a desgaste.,En proceso,2026-03-17 00:00:00,2026-03-19 00:00:00,6402,Cliente informado,Honda,RC 200,Jose Ramirez,Henry Tellez
206,2045,5081,ajuste tecnico de escaneo y chequeo y verificacion completa.,Finalizado,2026-03-05 00:00:00,2026-03-06 00:00:00,3630,Cliente informado,AKT,R15,Jose Ramirez,Erick Gutierrez
207,963,1924,diagnostico y reparacion de direccion y eje debido a desgaste.,Finalizado,2026-02-28 00:00:00,2026-03-04 00:00:00,4682,Cliente informado,Bajaj,GN125,Jose Ramirez,Mario Lopez
208,4486,539,diagnostico y reparacion de chip y suspension deportiva para mejorar rendimiento.,Finalizado,2026-03-01 00:00:00,2026-03-04 00:00:00,534,Entregado,Bajaj,NKD 125,Carlos Mendoza,Henry Tellez
209,4388,595,instalacion y calibracion de revision general y ruido y verificacion completa.,En proceso,2026-03-02 00:00:00,2026-03-05 00:00:00,5363,Cliente informado,Kawasaki,Apache RTR 200,Jose Ramirez,Julio Navarro
210,4317,5047,correccion especializada de sensores y bateria debido a desgaste.,Finalizado,2026-03-17 00:00:00,2026-03-18 00:00:00,2678,Cliente informado,TVS,FT150,Jose Ramirez,Steven Rocha
211,1693,1184,inspeccion avanzada de bomba de agua y chasis incluyendo ajuste final.,Finalizado,2026-03-16 00:00:00,2026-03-20 00:00:00,5699,Entregado,Italika,GN125,Jose Ramirez,Alexis Diaz
212,990,4098,optimizacion del sistema sistema electrico y encendido y verificacion completa.,Finalizado,2026-03-07 00:00:00,2026-03-07 00:00:00,903,Entregado,Italika,MT-07,Jose Ramirez,Manuel Vargas
213,2775,1770,revision completa de problema y problema incluyendo ajuste final.,En proceso,2026-03-24 00:00:00,2026-03-27 00:00:00,6040,Cliente informado,Honda,CBR 600RR,Jose Ramirez,Wilmer Soto
214,4794,4493,diagnostico y reparacion de inspeccion y diagnostico y verificacion completa.,Finalizado,2026-03-02 00:00:00,2026-03-06 00:00:00,2463,Cliente informado,TVS,FT150,Carlos Mendoza,Mario Lopez
215,4271,3014,correccion especializada de lubricacion y cambio de aceite para mejorar rendimiento.,Finalizado,2026-03-26 00:00:00,2026-03-28 00:00:00,4775,Cliente informado,Kawasaki,FT150,Carlos Mendoza,Alexis Diaz
216,1519,5237,inspeccion avanzada de carroceria y transmision incluyendo ajuste final.,Finalizado,2026-03-18 00:00:00,2026-03-22 00:00:00,1489,Cliente informado,KTM,Pulsar NS200,Jose Ramirez,Manuel Vargas
217,1040,5177,mantenimiento preventivo en centralita y motor de arranque incluyendo ajuste final.,Finalizado,2026-03-17 00:00:00,2026-03-21 00:00:00,3928,Entregado,Italika,Z650,Carlos Mendoza,Kevin Torres
218,480,3819,mantenimiento preventivo en filtro de aire y alineacion por falla detectada.,Finalizado,2026-03-09 00:00:00,2026-03-09 00:00:00,2974,Entregado,Bajaj,FZ16,Jose Ramirez,Francisco Blandon
219,1974,4930,diagnostico y reparacion de test y ruido segun solicitud del cliente.,Finalizado,2026-03-08 00:00:00,2026-03-10 00:00:00,5948,Entregado,KTM,GSX-R750,Jose Ramirez,Luis Martinez
220,1304,1900,revision completa de inspeccion y revision general con pruebas posteriores.,Finalizado,2026-03-01 00:00:00,2026-03-04 00:00:00,4814,Entregado,Kawasaki,GN125,Carlos Mendoza,Carlos Mendoza
221,4064,2203,ajuste tecnico de cambio de aceite y revision y verificacion completa.,Finalizado,2026-03-21 00:00:00,2026-03-23 00:00:00,3762,Cliente informado,Yamaha,R15,Jose Ramirez,Eduardo Castro
222,4133,2149,revision completa de ruido y inspeccion debido a desgaste.,Finalizado,2026-03-21 00:00:00,2026-03-21 00:00:00,4381,Entregado,Bajaj,MT-07,Carlos Mendoza,Samuel Cruz
223,1588,418,mantenimiento preventivo en sensores y encendido debido a desgaste.,En proceso,2026-03-25 00:00:00,2026-03-26 00:00:00,808,Entregado,Yamaha,Z650,Jose Ramirez,Cristian Molina
224,4788,3133,correccion especializada de evaluacion y ruido incluyendo ajuste final.,Finalizado,2026-03-18 00:00:00,2026-03-20 00:00:00,906,Cliente informado,Italika,Gixxer 250,Carlos Mendoza,Cristian Molina
225,587,446,correccion especializada de problema y evaluacion con pruebas posteriores.,Finalizado,2026-03-28 00:00:00,2026-03-28 00:00:00,5503,Entregado,Bajaj,FZ16,Carlos Mendoza,Carlos Mendoza
226,3293,1184,inspeccion avanzada de arbol de levas y pistones y verificacion completa.,Finalizado,2026-03-14 00:00:00,2026-03-15 00:00:00,5280,Cliente informado,Yamaha,CBR 600RR,Jose Ramirez,Henry Tellez
227,119,4396,instalacion y calibracion de sensores y cableado con pruebas posteriores.,Entregado,2026-03-02 00:00:00,2026-03-04 00:00:00,5806,Cliente informado,Bajaj,GSX-R750,Jose Ramirez,Wilmer Soto
228,2737,4701,servicio integral para suspension deportiva y modificacion por falla detectada.,Finalizado,2026-03-21 00:00:00,2026-03-21 00:00:00,5265,Entregado,Kawasaki,CB190R,Jose Ramirez,Cristian Molina
229,4582,310,inspeccion avanzada de culata y direccion incluyendo ajuste final.,Finalizado,2026-03-20 00:00:00,2026-03-24 00:00:00,4154,Cliente informado,Suzuki,Z650,Carlos Mendoza,Alexis Diaz
230,4416,773,instalacion y calibracion de biela y caja de cambios incluyendo ajuste final.,Finalizado,2026-03-07 00:00:00,2026-03-10 00:00:00,5715,Entregado,AKT,NKD 125,Jose Ramirez,Steven Rocha
231,3958,3798,inspeccion avanzada de ruido y escaneo y verificacion completa.,Finalizado,2026-03-18 00:00:00,2026-03-08 00:00:00,576,Entregado,Italika,Apache RTR 200,Carlos Mendoza,Steven Rocha
232,4106,2717,correccion especializada de suspension y arbol de levas y verificacion completa.,Finalizado,2026-03-21 00:00:00,2026-03-22 00:00:00,5597,Entregado,Honda,R15,Jose Ramirez,Henry Tellez
233,169,570,optimizacion del sistema pintar carroceria y turbo por falla detectada.,Finalizado,2026-03-20 00:00:00,2026-03-23 00:00:00,3122,Cliente informado,Yamaha,Apache RTR 200,Jose Ramirez,Alexis Diaz
234,4369,4843,instalacion y calibracion de evaluacion y escaneo y verificacion completa.,Finalizado,2026-03-07 00:00:00,2026-03-10 00:00:00,4657,Cliente informado,Yamaha,GSX-R750,Carlos Mendoza,Edwin Chavez
235,4066,2108,optimizacion del sistema luces y motor de arranque y verificacion completa.,Finalizado,2026-03-03 00:00:00,2026-03-06 00:00:00,3881,Entregado,Suzuki,RC 200,Carlos Mendoza,Mario Lopez
236,4016,3247,inspeccion avanzada de encendido y alternador segun solicitud del cliente.,Finalizado,2026-03-26 00:00:00,2026-03-27 00:00:00,3196,Entregado,KTM,FT150,Jose Ramirez,Edwin Chavez
237,278,3918,diagnostico y reparacion de diagnostico y inspeccion con pruebas posteriores.,Finalizado,2026-03-28 00:00:00,2026-03-30 00:00:00,2180,Entregado,Yamaha,Duke 390,Jose Ramirez,Manuel Vargas
238,2045,5081,inspeccion avanzada de cambio color y cambio color segun solicitud del cliente.,Finalizado,2026-03-05 00:00:00,2026-03-06 00:00:00,2301,Cliente informado,Suzuki,GN125,Jose Ramirez,Edwin Chavez
239,2848,4660,ajuste tecnico de transmision y biela debido a desgaste.,Finalizado,2026-03-22 00:00:00,2026-03-25 00:00:00,5042,Cliente informado,Kawasaki,Duke 390,Carlos Mendoza,Eduardo Castro
240,1229,2933,servicio integral para problema y problema para mejorar rendimiento.,Finalizado,2026-03-16 00:00:00,2026-03-18 00:00:00,5722,Entregado,Bajaj,GSX-R750,Jose Ramirez,Manuel Vargas
241,1134,1039,inspeccion avanzada de suspension deportiva y estetico con pruebas posteriores.,Finalizado,2026-03-18 00:00:00,2026-03-08 00:00:00,3643,Cliente informado,Suzuki,Apache RTR 200,Carlos Mendoza,Miguel Garcia
242,3295,3651,revision completa de sonido y chip por falla detectada.,Finalizado,2026-03-19 00:00:00,2026-03-21 00:00:00,5412,Entregado,Suzuki,Ninja 400,Carlos Mendoza,Javier Morales
243,4704,3528,correccion especializada de filtro de aceite y revision por falla detectada.,Finalizado,2026-03-22 00:00:00,2026-03-22 00:00:00,1963,Cliente informado,Honda,Apache RTR 200,Carlos Mendoza,Manuel Vargas
244,119,4396,servicio integral para gps y polarizado incluyendo ajuste final.,Entregado,2026-03-02 00:00:00,2026-03-04 00:00:00,4477,Cliente informado,Suzuki,R15,Carlos Mendoza,Manuel Vargas
245,863,2202,correccion especializada de kit aerodinamico y fibra de carbono por falla detectada.,En proceso,2026-03-22 00:00:00,2026-03-24 00:00:00,726,Cliente informado,Suzuki,Boxer 150,Jose Ramirez,Alexis Diaz
246,4911,2328,servicio integral para ruido y test incluyendo ajuste final.,Finalizado,2026-03-27 00:00:00,2026-03-28 00:00:00,3580,Cliente informado,Bajaj,Boxer 150,Carlos Mendoza,Victor Rivas
247,1344,1765,ajuste tecnico de velocidad y suspension deportiva incluyendo ajuste final.,Finalizado,2026-03-09 00:00:00,2026-03-13 00:00:00,3051,Cliente informado,Yamaha,FZ16,Jose Ramirez,Carlos Mendoza
248,3282,925,diagnostico y reparacion de polarizado y personalizacion y verificacion completa.,Finalizado,2026-03-19 00:00:00,2026-03-19 00:00:00,5295,Cliente informado,Bajaj,FZ16,Carlos Mendoza,Wilmer Soto
249,4313,2663,ajuste tecnico de radiador y direccion por falla detectada.,Finalizado,2026-03-17 00:00:00,2026-03-17 00:00:00,5827,Entregado,Yamaha,RC 200,Carlos Mendoza,Samuel Cruz
250,3563,591,inspeccion avanzada de arbol de levas y motor con pruebas posteriores.,Finalizado,2026-03-24 00:00:00,2026-03-25 00:00:00,4859,Cliente informado,Honda,NKD 125,Carlos Mendoza,Miguel Garcia
251,25,826,servicio integral para escape deportivo y cromado segun solicitud del cliente.,Finalizado,2026-03-22 00:00:00,2026-03-22 00:00:00,5488,Entregado,Honda,FT150,Carlos Mendoza,Eduardo Castro
252,1565,2852,revision completa de test y escaneo segun solicitud del cliente.,Finalizado,2026-03-24 00:00:00,2026-03-27 00:00:00,4881,Cliente informado,Bajaj,FT150,Jose Ramirez,Henry Tellez
253,1756,1635,diagnostico y reparacion de chip y frenos deportivos incluyendo ajuste final.,Finalizado,2026-03-14 00:00:00,2026-03-17 00:00:00,5092,Entregado,Honda,CB190R,Jose Ramirez,Mario Lopez
254,1374,2616,revision completa de cambio de aceite y revision por falla detectada.,Finalizado,2026-03-22 00:00:00,2026-03-23 00:00:00,1830,Cliente informado,Yamaha,Duke 390,Carlos Mendoza,Francisco Blandon
255,1076,1896,servicio integral para culata y pistones segun solicitud del cliente.,Finalizado,2026-03-19 00:00:00,2026-03-23 00:00:00,5893,Entregado,AKT,Ninja 400,Jose Ramirez,Juan Perez
256,4234,4130,revision completa de alternador y fallo electrico segun solicitud del cliente.,Finalizado,2026-03-06 00:00:00,2026-03-07 00:00:00,3544,Entregado,KTM,Apache RTR 200,Carlos Mendoza,Juan Perez
257,2407,1791,instalacion y calibracion de luces led y potencia y verificacion completa.,Finalizado,2026-03-14 00:00:00,2026-03-17 00:00:00,5930,Cliente informado,Bajaj,DM200,Jose Ramirez,Luis Martinez
258,2736,4348,inspeccion avanzada de alternador y luces debido a desgaste.,Finalizado,2026-03-28 00:00:00,2026-03-31 00:00:00,557,Entregado,TVS,Duke 390,Carlos Mendoza,Erick Gutierrez
259,3366,3626,instalacion y calibracion de chequeo y balanceo y verificacion completa.,Finalizado,2026-03-09 00:00:00,2026-03-09 00:00:00,1397,Cliente informado,Honda,CB190R,Jose Ramirez,Erick Gutierrez
260,664,2543,ajuste tecnico de cambio de aceite y cambio de aceite y verificacion completa.,Finalizado,2026-02-28 00:00:00,2026-02-28 00:00:00,3998,Cliente informado,Italika,Z650,Jose Ramirez,Jose Ramirez
261,845,4630,instalacion y calibracion de filtro de aceite y filtro de aceite con pruebas posteriores.,Finalizado,2026-03-27 00:00:00,2026-03-27 00:00:00,3385,Cliente informado,Yamaha,GSX-R750,Jose Ramirez,Wilmer Soto
262,567,904,revision completa de cableado y centralita segun solicitud del cliente.,Finalizado,2026-03-11 00:00:00,2026-03-15 00:00:00,4295,Cliente informado,Italika,Z650,Carlos Mendoza,Edwin Chavez
263,1220,1932,servicio integral para revision y alineacion debido a desgaste.,Finalizado,2026-03-29 00:00:00,2026-03-30 00:00:00,1793,Cliente informado,Honda,GSX-R750,Jose Ramirez,Jose Ramirez
264,1219,1710,correccion especializada de sensores y bateria por falla detectada.,Finalizado,2026-03-08 00:00:00,2026-03-09 00:00:00,5565,Entregado,Italika,GSX-R750,Carlos Mendoza,Manuel Vargas
265,795,3736,optimizacion del sistema revision general y problema por falla detectada.,Finalizado,2026-03-22 00:00:00,2026-03-12 00:00:00,3197,Cliente informado,Yamaha,Apache RTR 200,Jose Ramirez,Steven Rocha
266,2806,5149,mantenimiento preventivo en carroceria y eje por falla detectada.,Finalizado,2026-03-29 00:00:00,2026-04-01 00:00:00,6169,Entregado,Bajaj,Duke 390,Carlos Mendoza,Carlos Mendoza
267,4582,310,servicio integral para alineacion y niveles segun solicitud del cliente.,Finalizado,2026-03-20 00:00:00,2026-03-24 00:00:00,1898,Cliente informado,Suzuki,MT-07,Carlos Mendoza,Juan Perez
268,1974,4930,mantenimiento preventivo en caja de cambios y amortiguadores incluyendo ajuste final.,Finalizado,2026-03-08 00:00:00,2026-03-10 00:00:00,2204,Entregado,Honda,NKD 125,Jose Ramirez,Wilmer Soto
269,4044,1153,servicio integral para bujias y chequeo con pruebas posteriores.,Finalizado,2026-03-21 00:00:00,2026-03-25 00:00:00,4381,Cliente informado,Kawasaki,Gixxer 250,Jose Ramirez,Andres Ruiz
270,1967,1891,diagnostico y reparacion de tuning y frenos deportivos con pruebas posteriores.,Finalizado,2026-03-02 00:00:00,2026-02-20 00:00:00,2891,Entregado,Yamaha,GN125,Jose Ramirez,Francisco Blandon
271,4313,2663,correccion especializada de reprogramacion y reprogramacion incluyendo ajuste final.,Finalizado,2026-03-17 00:00:00,2026-03-17 00:00:00,4337,Entregado,Suzuki,R15,Jose Ramirez,Mario Lopez
272,4214,1695,diagnostico y reparacion de audio y luces led por falla detectada.,Finalizado,2026-02-28 00:00:00,2026-03-02 00:00:00,4726,Cliente informado,Kawasaki,R15,Jose Ramirez,Cristian Molina
273,1401,2283,ajuste tecnico de reprogramacion y sensores de estacionamiento debido a desgaste.,Finalizado,2026-03-13 00:00:00,2026-03-15 00:00:00,3252,Entregado,AKT,XR150L,Carlos Mendoza,Alexis Diaz
274,3174,3681,revision completa de estetico y performance y verificacion completa.,Finalizado,2026-03-05 00:00:00,2026-03-06 00:00:00,965,Entregado,KTM,R15,Jose Ramirez,Cristian Molina
275,2183,2846,inspeccion avanzada de chequeo y diagnostico debido a desgaste.,Finalizado,2026-03-07 00:00:00,2026-03-10 00:00:00,1505,Cliente informado,AKT,XR150L,Jose Ramirez,Carlos Mendoza
276,654,4404,optimizacion del sistema luces y alternador segun solicitud del cliente.,Finalizado,2026-03-14 00:00:00,2026-03-15 00:00:00,2374,Cliente informado,AKT,Apache RTR 200,Carlos Mendoza,Jose Ramirez
277,4873,2053,correccion especializada de gps y suspension deportiva y verificacion completa.,Finalizado,2026-03-22 00:00:00,2026-03-22 00:00:00,2124,Cliente informado,Yamaha,CB190R,Jose Ramirez,Wilmer Soto
278,2051,2867,ajuste tecnico de problema y inspeccion debido a desgaste.,Finalizado,2026-03-07 00:00:00,2026-03-11 00:00:00,1874,Cliente informado,Bajaj,Apache RTR 200,Jose Ramirez,Oscar Reyes
279,3531,4342,servicio integral para alternador y motor de arranque para mejorar rendimiento.,Finalizado,2026-02-28 00:00:00,2026-02-28 00:00:00,6217,Entregado,TVS,R15,Carlos Mendoza,Francisco Blandon
280,4884,1811,diagnostico y reparacion de diagnostico y test para mejorar rendimiento.,Finalizado,2026-03-01 00:00:00,2026-03-05 00:00:00,4375,Entregado,Honda,FZ16,Carlos Mendoza,Alexis Diaz
281,1616,1055,diagnostico y reparacion de frenos y direccion para mejorar rendimiento.,Finalizado,2026-03-18 00:00:00,2026-03-19 00:00:00,855,Entregado,Yamaha,NKD 125,Carlos Mendoza,Edwin Chavez
282,977,3741,diagnostico y reparacion de biela y radiador por falla detectada.,Finalizado,2026-03-14 00:00:00,2026-03-16 00:00:00,2111,Entregado,AKT,Z650,Carlos Mendoza,Jose Ramirez
283,88,1038,diagnostico y reparacion de suspension y motor segun solicitud del cliente.,Finalizado,2026-03-19 00:00:00,2026-03-22 00:00:00,5509,Entregado,Yamaha,DM200,Carlos Mendoza,Julio Navarro
284,2970,4794,servicio integral para audio y reprogramacion por falla detectada.,En proceso,2026-03-24 00:00:00,2026-03-25 00:00:00,5671,Entregado,Honda,RC 200,Jose Ramirez,Carlos Mendoza
285,96,914,optimizacion del sistema pantalla y modificacion debido a desgaste.,Finalizado,2026-03-04 00:00:00,2026-03-08 00:00:00,4606,Entregado,Bajaj,FT150,Jose Ramirez,Oscar Reyes
286,3384,1446,instalacion y calibracion de potencia y sonido debido a desgaste.,Finalizado,2026-03-18 00:00:00,2026-03-18 00:00:00,2446,Cliente informado,Honda,R15,Carlos Mendoza,Mario Lopez
287,3651,3524,ajuste tecnico de pintar carroceria y chip segun solicitud del cliente.,Finalizado,2026-03-17 00:00:00,2026-03-07 00:00:00,4864,Cliente informado,Bajaj,Apache RTR 200,Jose Ramirez,Brayan Silva
288,554,1574,servicio integral para evaluacion y evaluacion y verificacion completa.,Finalizado,2026-03-27 00:00:00,2026-03-28 00:00:00,798,Cliente informado,KTM,FT150,Jose Ramirez,Eduardo Castro
289,4884,1811,ajuste tecnico de suspension deportiva y aleron debido a desgaste.,Finalizado,2026-03-01 00:00:00,2026-03-05 00:00:00,5133,Entregado,Bajaj,Gixxer 250,Jose Ramirez,Francisco Blandon
290,3794,4821,ajuste tecnico de balanceo y chequeo debido a desgaste.,Finalizado,2026-03-20 00:00:00,2026-03-24 00:00:00,4515,Entregado,Italika,R15,Jose Ramirez,Samuel Cruz
291,3366,3626,ajuste tecnico de diferencial y embrague incluyendo ajuste final.,Finalizado,2026-03-09 00:00:00,2026-03-09 00:00:00,1055,Cliente informado,Honda,Z650,Jose Ramirez,Edwin Chavez
292,4334,192,ajuste tecnico de diferencial y diferencial incluyendo ajuste final.,Finalizado,2026-03-16 00:00:00,2026-03-19 00:00:00,3949,Entregado,Kawasaki,Gixxer 250,Jose Ramirez,Wilmer Soto
293,4421,3643,diagnostico y reparacion de inspeccion y escaneo incluyendo ajuste final.,Finalizado,2026-02-28 00:00:00,2026-03-04 00:00:00,3778,Cliente informado,Bajaj,GN125,Carlos Mendoza,Javier Morales
294,3314,2099,ajuste tecnico de encendido y encendido debido a desgaste.,Finalizado,2026-03-22 00:00:00,2026-03-25 00:00:00,944,Entregado,TVS,CBR 600RR,Carlos Mendoza,Samuel Cruz
295,1904,4554,mantenimiento preventivo en chequeo y escaneo para mejorar rendimiento.,Finalizado,2026-03-17 00:00:00,2026-03-20 00:00:00,4419,Cliente informado,Yamaha,DM200,Jose Ramirez,Cristian Molina
296,2736,4348,optimizacion del sistema evaluacion y problema y verificacion completa.,Finalizado,2026-03-28 00:00:00,2026-03-31 00:00:00,3652,Entregado,Honda,R15,Jose Ramirez,Jose Ramirez
297,10,4188,correccion especializada de diagnostico y falla incluyendo ajuste final.,Finalizado,2026-03-22 00:00:00,2026-03-26 00:00:00,5804,Entregado,Bajaj,Duke 390,Jose Ramirez,Alexis Diaz
298,2119,2226,diagnostico y reparacion de pintura y polarizado para mejorar rendimiento.,Finalizado,2026-03-14 00:00:00,2026-03-17 00:00:00,1047,Cliente informado,TVS,CB190R,Carlos Mendoza,Daniel Castillo
299,924,2487,diagnostico y reparacion de sistema electrico y sensores debido a desgaste.,Finalizado,2026-03-29 00:00:00,2026-03-31 00:00:00,3020,Cliente informado,Suzuki,GSX-R750,Jose Ramirez,Mario Lopez
300,4955,4503,diagnostico y reparacion de radiador y embrague incluyendo ajuste final.,Finalizado,2026-03-11 00:00:00,2026-03-13 00:00:00,3154,Entregado,Bajaj,FT150,Jose Ramirez,Javier Morales
301,2449,1778,ajuste tecnico de arbol de levas y biela para mejorar rendimiento.,Finalizado,2026-03-04 00:00:00,2026-02-22 00:00:00,3889,Cliente informado,Yamaha,Boxer 150,Jose Ramirez,Victor Rivas
302,4160,110,instalacion y calibracion de direccion y arbol de levas para mejorar rendimiento.,Finalizado,2026-03-22 00:00:00,2026-03-22 00:00:00,5847,Cliente informado,Honda,Gixxer 250,Jose Ramirez,Carlos Mendoza
303,3242,3935,instalacion y calibracion de alineacion y balanceo incluyendo ajuste final.,Finalizado,2026-03-16 00:00:00,2026-03-17 00:00:00,2164,Entregado,Yamaha,GN125,Carlos Mendoza,Henry Tellez
304,4920,1858,servicio integral para vinilado y pintar carroceria debido a desgaste.,Finalizado,2026-03-06 00:00:00,2026-03-10 00:00:00,5295,Entregado,AKT,Apache RTR 200,Jose Ramirez,Javier Morales
305,519,2058,servicio integral para evaluacion y escaneo incluyendo ajuste final.,Finalizado,2026-03-28 00:00:00,2026-03-18 00:00:00,6065,Cliente informado,Honda,RC 200,Carlos Mendoza,Samuel Cruz
306,1221,1536,correccion especializada de performance y turbo segun solicitud del cliente.,Entregado,2026-03-09 00:00:00,2026-03-09 00:00:00,3424,Cliente informado,Suzuki,FT150,Carlos Mendoza,Francisco Blandon
307,1007,3991,ajuste tecnico de camara y frenos deportivos segun solicitud del cliente.,Finalizado,2026-03-11 00:00:00,2026-03-14 00:00:00,4274,Entregado,Yamaha,MT-07,Carlos Mendoza,Oscar Reyes
308,2677,3090,servicio integral para frenos y amortiguadores por falla detectada.,Finalizado,2026-03-17 00:00:00,2026-03-17 00:00:00,5146,Cliente informado,Yamaha,R15,Jose Ramirez,Edwin Chavez
309,3635,4633,optimizacion del sistema sensores de estacionamiento y llantas deportivas segun solicitud del cliente.,Finalizado,2026-03-01 00:00:00,2026-03-04 00:00:00,4405,Cliente informado,Bajaj,RC 200,Jose Ramirez,Wilmer Soto
310,4844,1735,revision completa de radiador y pistones y verificacion completa.,Finalizado,2026-03-24 00:00:00,2026-03-27 00:00:00,2637,Entregado,Bajaj,GN125,Jose Ramirez,Erick Gutierrez
311,3035,4531,correccion especializada de filtro de aire y balanceo por falla detectada.,Entregado,2026-03-18 00:00:00,2026-03-18 00:00:00,4373,Cliente informado,TVS,GSX-R750,Jose Ramirez,Samuel Cruz
312,135,3855,mantenimiento preventivo en llantas deportivas y pintura segun solicitud del cliente.,Finalizado,2026-03-19 00:00:00,2026-03-09 00:00:00,2974,Entregado,Suzuki,R15,Carlos Mendoza,Kevin Torres
313,4192,1891,ajuste tecnico de modificacion y modificacion con pruebas posteriores.,Finalizado,2026-03-19 00:00:00,2026-03-23 00:00:00,3811,Cliente informado,Honda,FT150,Carlos Mendoza,Victor Rivas
314,1685,5131,diagnostico y reparacion de chequeo y filtro de aire para mejorar rendimiento.,Finalizado,2026-03-16 00:00:00,2026-03-19 00:00:00,2898,Cliente informado,AKT,Z650,Jose Ramirez,Carlos Mendoza
315,2527,2575,correccion especializada de diagnostico y chequeo debido a desgaste.,Finalizado,2026-03-16 00:00:00,2026-03-18 00:00:00,1944,Entregado,Suzuki,FT150,Jose Ramirez,Daniel Castillo
316,4366,4693,inspeccion avanzada de chequeo y filtro de aire con pruebas posteriores.,Finalizado,2026-03-18 00:00:00,2026-03-19 00:00:00,4736,Entregado,Yamaha,Boxer 150,Jose Ramirez,Alexis Diaz
317,295,2386,diagnostico y reparacion de sistema electrico y centralita debido a desgaste.,Finalizado,2026-03-01 00:00:00,2026-03-03 00:00:00,2943,Entregado,Honda,Z650,Jose Ramirez,Juan Perez
318,780,2223,mantenimiento preventivo en fibra de carbono y calipers con pruebas posteriores.,Finalizado,2026-03-16 00:00:00,2026-03-18 00:00:00,5952,Cliente informado,Bajaj,GSX-R750,Jose Ramirez,Daniel Castillo
319,4538,1533,mantenimiento preventivo en amortiguadores y embrague segun solicitud del cliente.,Finalizado,2026-03-08 00:00:00,2026-03-08 00:00:00,1973,Cliente informado,Yamaha,CB190R,Carlos Mendoza,Henry Tellez
320,3200,4867,correccion especializada de falla y revision general para mejorar rendimiento.,Finalizado,2026-03-11 00:00:00,2026-03-15 00:00:00,3837,Cliente informado,Bajaj,CB190R,Carlos Mendoza,Fernando Herrera
321,2964,4413,correccion especializada de centralita y bateria con pruebas posteriores.,Finalizado,2026-03-23 00:00:00,2026-03-13 00:00:00,4126,Cliente informado,Honda,Pulsar NS200,Carlos Mendoza,Victor Rivas
322,2263,3844,inspeccion avanzada de diagnostico y inspeccion incluyendo ajuste final.,Finalizado,2026-03-23 00:00:00,2026-03-23 00:00:00,2143,Entregado,TVS,R15,Carlos Mendoza,Fernando Herrera
323,4927,60,ajuste tecnico de inspeccion y inspeccion con pruebas posteriores.,Finalizado,2026-02-28 00:00:00,2026-02-28 00:00:00,583,Cliente informado,Italika,MT-07,Jose Ramirez,Erick Gutierrez
324,2535,3464,instalacion y calibracion de revision general y test segun solicitud del cliente.,Finalizado,2026-03-11 00:00:00,2026-03-11 00:00:00,801,Cliente informado,KTM,GN125,Jose Ramirez,Javier Morales
325,4409,4511,correccion especializada de eje y radiador debido a desgaste.,Finalizado,2026-03-01 00:00:00,2026-03-03 00:00:00,904,Entregado,Honda,Gixxer 250,Carlos Mendoza,Wilmer Soto
326,694,4346,servicio integral para performance y turbo por falla detectada.,Finalizado,2026-03-26 00:00:00,2026-03-30 00:00:00,4594,Cliente informado,Suzuki,FZ16,Jose Ramirez,Edwin Chavez
327,4806,3666,inspeccion avanzada de evaluacion y falla por falla detectada.,Finalizado,2026-03-07 00:00:00,2026-03-08 00:00:00,3227,Entregado,Yamaha,CB190R,Carlos Mendoza,Wilmer Soto
328,3462,3276,inspeccion avanzada de velocidad y vinilado por falla detectada.,Finalizado,2026-03-06 00:00:00,2026-03-07 00:00:00,2734,Cliente informado,Italika,FZ16,Jose Ramirez,Victor Rivas
329,52,2054,inspeccion avanzada de pistones y chasis segun solicitud del cliente.,En proceso,2026-02-28 00:00:00,2026-03-03 00:00:00,2669,Entregado,Suzuki,Gixxer 250,Carlos Mendoza,Erick Gutierrez
330,1169,708,correccion especializada de distribucion y carroceria debido a desgaste.,Finalizado,2026-03-14 00:00:00,2026-03-18 00:00:00,3616,Entregado,Honda,Apache RTR 200,Jose Ramirez,Carlos Mendoza
331,2146,3659,mantenimiento preventivo en evaluacion y inspeccion y verificacion completa.,Finalizado,2026-03-05 00:00:00,2026-03-06 00:00:00,4671,Entregado,Kawasaki,FZ16,Carlos Mendoza,Steven Rocha
332,2922,599,optimizacion del sistema diagnostico y falla debido a desgaste.,Finalizado,2026-03-14 00:00:00,2026-03-04 00:00:00,1690,Cliente informado,TVS,Ninja 400,Jose Ramirez,Brayan Silva
333,4695,5320,instalacion y calibracion de problema y revision general segun solicitud del cliente.,Finalizado,2026-03-23 00:00:00,2026-03-24 00:00:00,6080,Entregado,AKT,XR150L,Carlos Mendoza,Brayan Silva
334,2580,3814,servicio integral para carroceria y distribucion para mejorar rendimiento.,Finalizado,2026-03-13 00:00:00,2026-03-16 00:00:00,4687,Entregado,Bajaj,CB190R,Carlos Mendoza,Fernando Herrera
335,3541,2237,inspeccion avanzada de revision y balanceo por falla detectada.,Finalizado,2026-03-13 00:00:00,2026-03-17 00:00:00,2385,Cliente informado,Honda,CB190R,Jose Ramirez,Alexis Diaz
336,2677,3090,diagnostico y reparacion de pintura y actualizacion de software debido a desgaste.,Finalizado,2026-03-17 00:00:00,2026-03-17 00:00:00,1362,Cliente informado,Italika,MT-07,Jose Ramirez,Francisco Blandon
337,2447,786,optimizacion del sistema amortiguadores y motor debido a desgaste.,Finalizado,2026-03-23 00:00:00,2026-03-26 00:00:00,3306,Entregado,Suzuki,NKD 125,Jose Ramirez,Andres Ruiz
338,83,2646,diagnostico y reparacion de evaluacion y ruido para mejorar rendimiento.,Finalizado,2026-03-01 00:00:00,2026-03-01 00:00:00,4387,Entregado,Yamaha,GN125,Carlos Mendoza,Julio Navarro
339,4884,1811,revision completa de inspeccion y chequeo y verificacion completa.,Finalizado,2026-03-01 00:00:00,2026-03-05 00:00:00,3575,Entregado,KTM,GN125,Carlos Mendoza,Eduardo Castro
340,1038,925,optimizacion del sistema chequeo y inspeccion para mejorar rendimiento.,Finalizado,2026-03-07 00:00:00,2026-03-08 00:00:00,1259,Entregado,Yamaha,Gixxer 250,Carlos Mendoza,Mario Lopez
341,3909,2476,revision completa de falla y chequeo incluyendo ajuste final.,Finalizado,2026-02-28 00:00:00,2026-03-01 00:00:00,1385,Entregado,Italika,GSX-R750,Carlos Mendoza,Julio Navarro
342,1313,4727,correccion especializada de frenos y suspension incluyendo ajuste final.,Finalizado,2026-03-04 00:00:00,2026-03-07 00:00:00,3473,Entregado,AKT,DM200,Carlos Mendoza,Eduardo Castro
343,2263,3844,diagnostico y reparacion de performance y vinilado incluyendo ajuste final.,Finalizado,2026-03-23 00:00:00,2026-03-23 00:00:00,1212,Entregado,Kawasaki,MT-07,Jose Ramirez,Samuel Cruz
344,1098,459,correccion especializada de fibra de carbono y audio por falla detectada.,Finalizado,2026-03-03 00:00:00,2026-03-06 00:00:00,963,Cliente informado,Honda,FT150,Jose Ramirez,Samuel Cruz
345,4393,2682,mantenimiento preventivo en test y inspeccion por falla detectada.,Finalizado,2026-03-08 00:00:00,2026-03-09 00:00:00,1470,Cliente informado,KTM,Gixxer 250,Carlos Mendoza,Miguel Garcia
346,3368,376,ajuste tecnico de ciguenal y arbol de levas segun solicitud del cliente.,Finalizado,2026-03-06 00:00:00,2026-03-07 00:00:00,2565,Entregado,KTM,XR150L,Carlos Mendoza,Oscar Reyes
347,3088,1475,ajuste tecnico de bateria y encendido por falla detectada.,Finalizado,2026-03-23 00:00:00,2026-03-23 00:00:00,1491,Cliente informado,Suzuki,R15,Jose Ramirez,Eduardo Castro
348,3211,2692,inspeccion avanzada de niveles y lubricacion para mejorar rendimiento.,Finalizado,2026-03-05 00:00:00,2026-03-05 00:00:00,3178,Entregado,Suzuki,FT150,Carlos Mendoza,Oscar Reyes
349,1436,2188,correccion especializada de bateria y alternador y verificacion completa.,Finalizado,2026-03-01 00:00:00,2026-03-04 00:00:00,4632,Cliente informado,AKT,CBR 600RR,Jose Ramirez,Daniel Castillo
350,4410,484,ajuste tecnico de cromado y personalizacion y verificacion completa.,Finalizado,2026-03-16 00:00:00,2026-03-20 00:00:00,5319,Cliente informado,Italika,Duke 390,Jose Ramirez,Henry Tellez
351,3401,4312,inspeccion avanzada de chequeo y balanceo y verificacion completa.,Finalizado,2026-03-06 00:00:00,2026-03-09 00:00:00,2913,Entregado,Honda,MT-07,Jose Ramirez,Samuel Cruz
352,1006,4633,servicio integral para encendido y alternador con pruebas posteriores.,Finalizado,2026-03-12 00:00:00,2026-03-15 00:00:00,4937,Entregado,Yamaha,FT150,Jose Ramirez,Brayan Silva
353,4738,4912,revision completa de diagnostico y escaneo segun solicitud del cliente.,Finalizado,2026-03-01 00:00:00,2026-03-03 00:00:00,6461,Cliente informado,Italika,Boxer 150,Jose Ramirez,Carlos Mendoza
354,3894,1817,instalacion y calibracion de pistones y chasis por falla detectada.,En proceso,2026-03-20 00:00:00,2026-03-22 00:00:00,3208,Cliente informado,Honda,GSX-R750,Carlos Mendoza,Victor Rivas
355,3395,346,inspeccion avanzada de suspension deportiva y frenos deportivos debido a desgaste.,Finalizado,2026-03-09 00:00:00,2026-03-11 00:00:00,5127,Entregado,Kawasaki,Duke 390,Jose Ramirez,Steven Rocha
356,4809,3545,mantenimiento preventivo en falla y revision general debido a desgaste.,Finalizado,2026-03-13 00:00:00,2026-03-17 00:00:00,1029,Cliente informado,KTM,Z650,Jose Ramirez,Javier Morales
357,3284,2324,instalacion y calibracion de evaluacion y evaluacion debido a desgaste.,Finalizado,2026-03-16 00:00:00,2026-03-17 00:00:00,4686,Cliente informado,Kawasaki,Z650,Carlos Mendoza,Steven Rocha
358,1013,2426,mantenimiento preventivo en cambio de aceite y cambio de aceite incluyendo ajuste final.,Finalizado,2026-03-20 00:00:00,2026-03-22 00:00:00,3498,Cliente informado,Honda,NKD 125,Carlos Mendoza,Alexis Diaz
359,2263,3844,correccion especializada de chequeo y test segun solicitud del cliente.,Finalizado,2026-03-23 00:00:00,2026-03-23 00:00:00,2678,Entregado,KTM,Boxer 150,Carlos Mendoza,Oscar Reyes
360,1040,5177,mantenimiento preventivo en suspension y ciguenal para mejorar rendimiento.,Finalizado,2026-03-17 00:00:00,2026-03-21 00:00:00,3968,Entregado,Honda,Apache RTR 200,Carlos Mendoza,Roberto Flores
361,3434,220,revision completa de ciguenal y direccion para mejorar rendimiento.,Finalizado,2026-03-27 00:00:00,2026-03-31 00:00:00,5300,Entregado,Bajaj,R15,Jose Ramirez,Juan Perez
362,310,1255,ajuste tecnico de potencia y aleron por falla detectada.,En proceso,2026-03-18 00:00:00,2026-03-19 00:00:00,6031,Entregado,KTM,R15,Carlos Mendoza,Henry Tellez
363,88,4866,instalacion y calibracion de problema y diagnostico debido a desgaste.,Finalizado,2026-03-01 00:00:00,2026-03-02 00:00:00,4912,Cliente informado,Kawasaki,GSX-R750,Carlos Mendoza,Brayan Silva
364,2137,4386,optimizacion del sistema cromado y cromado con pruebas posteriores.,Finalizado,2026-03-03 00:00:00,2026-03-03 00:00:00,2031,Entregado,TVS,Z650,Carlos Mendoza,Luis Martinez
365,4631,2878,correccion especializada de escaneo y diagnostico debido a desgaste.,Finalizado,2026-03-07 00:00:00,2026-03-07 00:00:00,5360,Entregado,KTM,Apache RTR 200,Carlos Mendoza,Carlos Mendoza
366,2746,2342,correccion especializada de alternador y alternador y verificacion completa.,Finalizado,2026-03-10 00:00:00,2026-03-12 00:00:00,4931,Entregado,KTM,Pulsar NS200,Carlos Mendoza,Javier Morales
367,3651,3524,inspeccion avanzada de caja de cambios y embrague y verificacion completa.,Finalizado,2026-03-17 00:00:00,2026-03-07 00:00:00,1346,Cliente informado,Yamaha,Apache RTR 200,Jose Ramirez,Fernando Herrera
368,2071,3721,diagnostico y reparacion de cableado y fallo electrico para mejorar rendimiento.,Finalizado,2026-03-04 00:00:00,2026-03-05 00:00:00,5462,Cliente informado,Bajaj,CB190R,Jose Ramirez,Fernando Herrera
369,137,4511,servicio integral para cableado y alternador con pruebas posteriores.,Finalizado,2026-03-16 00:00:00,2026-03-19 00:00:00,1305,Cliente informado,Honda,CB190R,Carlos Mendoza,Steven Rocha
370,1064,2683,ajuste tecnico de filtro de aire y filtro de aire debido a desgaste.,Entregado,2026-03-08 00:00:00,2026-03-12 00:00:00,2617,Cliente informado,TVS,Pulsar NS200,Carlos Mendoza,Miguel Garcia
371,3384,1446,ajuste tecnico de amortiguadores y eje debido a desgaste.,Finalizado,2026-03-18 00:00:00,2026-03-18 00:00:00,4057,Cliente informado,Yamaha,GN125,Carlos Mendoza,Manuel Vargas
372,3212,3463,servicio integral para cambio de aceite y alineacion debido a desgaste.,Finalizado,2026-03-22 00:00:00,2026-03-25 00:00:00,1852,Cliente informado,KTM,FT150,Jose Ramirez,Luis Martinez
373,3036,3051,mantenimiento preventivo en sensores y motor de arranque y verificacion completa.,Finalizado,2026-03-23 00:00:00,2026-03-24 00:00:00,3564,Cliente informado,Bajaj,Boxer 150,Carlos Mendoza,Alexis Diaz
374,2449,1778,ajuste tecnico de pintura y estetico debido a desgaste.,Finalizado,2026-03-04 00:00:00,2026-02-22 00:00:00,4595,Cliente informado,Kawasaki,Gixxer 250,Jose Ramirez,Wilmer Soto
375,4819,1018,revision completa de alineacion y chequeo debido a desgaste.,Finalizado,2026-03-26 00:00:00,2026-03-27 00:00:00,4623,Entregado,KTM,XR150L,Carlos Mendoza,Miguel Garcia
376,410,2900,optimizacion del sistema bateria y cableado y verificacion completa.,Finalizado,2026-03-24 00:00:00,2026-03-25 00:00:00,1132,Entregado,Italika,CBR 600RR,Jose Ramirez,Carlos Mendoza
377,3887,2663,mantenimiento preventivo en ruido y chequeo para mejorar rendimiento.,En proceso,2026-03-13 00:00:00,2026-03-13 00:00:00,2401,Cliente informado,Yamaha,GN125,Carlos Mendoza,Kevin Torres
378,554,242,servicio integral para alternador y sistema electrico segun solicitud del cliente.,Finalizado,2026-03-29 00:00:00,2026-04-02 00:00:00,3866,Entregado,Kawasaki,GN125,Jose Ramirez,Samuel Cruz
379,3979,4752,mantenimiento preventivo en ruido y problema con pruebas posteriores.,Finalizado,2026-03-18 00:00:00,2026-03-21 00:00:00,3760,Entregado,KTM,R15,Carlos Mendoza,Roberto Flores
380,1801,2615,mantenimiento preventivo en aleron y velocidad para mejorar rendimiento.,Finalizado,2026-03-02 00:00:00,2026-03-03 00:00:00,2181,Entregado,KTM,Ninja 400,Carlos Mendoza,Juan Perez
381,4614,416,correccion especializada de falla y evaluacion segun solicitud del cliente.,Finalizado,2026-03-22 00:00:00,2026-03-26 00:00:00,751,Entregado,Suzuki,Gixxer 250,Carlos Mendoza,Erick Gutierrez
382,3870,5192,revision completa de revision y bujias por falla detectada.,Finalizado,2026-03-05 00:00:00,2026-03-08 00:00:00,6414,Entregado,KTM,Z650,Carlos Mendoza,Fernando Herrera
383,2200,479,revision completa de centralita y alternador segun solicitud del cliente.,Finalizado,2026-03-07 00:00:00,2026-02-25 00:00:00,6002,Cliente informado,KTM,Apache RTR 200,Carlos Mendoza,Mario Lopez
384,4306,1278,mantenimiento preventivo en bomba de agua y frenos segun solicitud del cliente.,Finalizado,2026-03-03 00:00:00,2026-03-07 00:00:00,911,Entregado,KTM,Ninja 400,Carlos Mendoza,Henry Tellez
385,1220,1932,correccion especializada de sensores de estacionamiento y aleron segun solicitud del cliente.,Finalizado,2026-03-29 00:00:00,2026-03-30 00:00:00,6242,Cliente informado,TVS,DM200,Jose Ramirez,Francisco Blandon
386,4538,1533,mantenimiento preventivo en cambio color y kit aerodinamico con pruebas posteriores.,Finalizado,2026-03-08 00:00:00,2026-03-08 00:00:00,4122,Cliente informado,Bajaj,Z650,Jose Ramirez,Carlos Mendoza
387,2693,2623,mantenimiento preventivo en chasis y chasis por falla detectada.,Finalizado,2026-03-27 00:00:00,2026-03-28 00:00:00,3819,Cliente informado,Honda,Apache RTR 200,Carlos Mendoza,Brayan Silva
388,844,4307,inspeccion avanzada de sensores y alternador para mejorar rendimiento.,Finalizado,2026-03-02 00:00:00,2026-03-06 00:00:00,1020,Cliente informado,AKT,DM200,Jose Ramirez,Henry Tellez
389,2053,1051,diagnostico y reparacion de motor de arranque y encendido incluyendo ajuste final.,En proceso,2026-03-17 00:00:00,2026-03-19 00:00:00,1573,Cliente informado,Bajaj,MT-07,Jose Ramirez,Julio Navarro
390,2045,232,diagnostico y reparacion de ciguenal y chasis por falla detectada.,Finalizado,2026-03-01 00:00:00,2026-03-04 00:00:00,5009,Cliente informado,Honda,Boxer 150,Jose Ramirez,Brayan Silva
391,4902,4493,instalacion y calibracion de reprogramacion y luces led por falla detectada.,Finalizado,2026-03-06 00:00:00,2026-03-10 00:00:00,3743,Entregado,Bajaj,CB190R,Jose Ramirez,Juan Perez
392,1812,2830,mantenimiento preventivo en cableado y sensores debido a desgaste.,Finalizado,2026-03-03 00:00:00,2026-03-03 00:00:00,1440,Cliente informado,Honda,GN125,Jose Ramirez,Juan Perez
393,4047,3884,servicio integral para chequeo y escaneo para mejorar rendimiento.,Finalizado,2026-03-15 00:00:00,2026-03-17 00:00:00,6161,Entregado,Suzuki,Gixxer 250,Jose Ramirez,Oscar Reyes
394,4824,2599,instalacion y calibracion de potencia y cambio color incluyendo ajuste final.,Finalizado,2026-03-20 00:00:00,2026-03-23 00:00:00,1360,Cliente informado,Suzuki,DM200,Carlos Mendoza,Wilmer Soto
395,3188,4791,optimizacion del sistema encendido y fallo electrico debido a desgaste.,Finalizado,2026-03-21 00:00:00,2026-03-25 00:00:00,6056,Cliente informado,Honda,Apache RTR 200,Carlos Mendoza,Luis Martinez
396,1519,5237,ajuste tecnico de cambio de aceite y revision por falla detectada.,Finalizado,2026-03-18 00:00:00,2026-03-22 00:00:00,1239,Cliente informado,Honda,Apache RTR 200,Carlos Mendoza,Brayan Silva
397,3852,1984,servicio integral para modificacion y frenos deportivos debido a desgaste.,Finalizado,2026-03-11 00:00:00,2026-03-15 00:00:00,5408,Entregado,Yamaha,Ninja 400,Jose Ramirez,Juan Perez
398,391,2742,servicio integral para cableado y alternador incluyendo ajuste final.,Finalizado,2026-03-29 00:00:00,2026-03-29 00:00:00,5365,Cliente informado,Italika,Duke 390,Jose Ramirez,Victor Rivas
399,3124,1096,servicio integral para sistema electrico y sensores por falla detectada.,Finalizado,2026-03-11 00:00:00,2026-03-12 00:00:00,1899,Entregado,AKT,Apache RTR 200,Carlos Mendoza,Brayan Silva
400,4144,4130,mantenimiento preventivo en bateria y motor de arranque con pruebas posteriores.,Finalizado,2026-03-24 00:00:00,2026-03-28 00:00:00,866,Entregado,Italika,GN125,Jose Ramirez,Cristian Molina
401,1455,3126,revision completa de motor de arranque y sensores debido a desgaste.,Finalizado,2026-02-28 00:00:00,2026-03-04 00:00:00,3152,Entregado,AKT,Boxer 150,Jose Ramirez,Jose Ramirez
402,4766,3833,servicio integral para inspeccion y falla incluyendo ajuste final.,Finalizado,2026-03-11 00:00:00,2026-03-14 00:00:00,4814,Cliente informado,KTM,GN125,Carlos Mendoza,Victor Rivas
403,1891,2066,servicio integral para bomba de agua y ciguenal para mejorar rendimiento.,Finalizado,2026-03-18 00:00:00,2026-03-18 00:00:00,1327,Cliente informado,Suzuki,XR150L,Carlos Mendoza,Brayan Silva
404,3635,4633,correccion especializada de vinilado y sensores de estacionamiento con pruebas posteriores.,Finalizado,2026-03-01 00:00:00,2026-03-04 00:00:00,4831,Cliente informado,Yamaha,MT-07,Carlos Mendoza,Daniel Castillo
405,182,134,ajuste tecnico de centralita y sistema electrico segun solicitud del cliente.,Finalizado,2026-03-15 00:00:00,2026-03-19 00:00:00,6326,Entregado,Yamaha,R15,Carlos Mendoza,Kevin Torres
406,1406,2443,correccion especializada de problema y diagnostico segun solicitud del cliente.,Finalizado,2026-03-14 00:00:00,2026-03-15 00:00:00,4574,Entregado,Yamaha,Apache RTR 200,Carlos Mendoza,Luis Martinez
407,4351,3126,ajuste tecnico de turbo y fibra de carbono por falla detectada.,Finalizado,2026-03-19 00:00:00,2026-03-20 00:00:00,5199,Cliente informado,Kawasaki,Ninja 400,Carlos Mendoza,Roberto Flores
408,4047,3884,mantenimiento preventivo en camara y vinilado segun solicitud del cliente.,Finalizado,2026-03-15 00:00:00,2026-03-17 00:00:00,581,Entregado,KTM,Duke 390,Jose Ramirez,Javier Morales
409,2529,4751,servicio integral para velocidad y pintura para mejorar rendimiento.,Finalizado,2026-03-01 00:00:00,2026-02-19 00:00:00,5640,Entregado,Honda,DM200,Carlos Mendoza,Eduardo Castro
410,3282,4548,diagnostico y reparacion de alternador y encendido y verificacion completa.,Finalizado,2026-03-24 00:00:00,2026-03-14 00:00:00,3991,Cliente informado,Yamaha,GSX-R750,Jose Ramirez,Kevin Torres
411,83,2646,servicio integral para test y diagnostico con pruebas posteriores.,Finalizado,2026-03-01 00:00:00,2026-03-01 00:00:00,818,Entregado,Honda,CB190R,Jose Ramirez,Mario Lopez
412,773,200,optimizacion del sistema chequeo y chequeo y verificacion completa.,Finalizado,2026-03-22 00:00:00,2026-03-26 00:00:00,6311,Entregado,AKT,DM200,Carlos Mendoza,Henry Tellez
413,857,1411,correccion especializada de bateria y motor de arranque segun solicitud del cliente.,Finalizado,2026-03-04 00:00:00,2026-03-04 00:00:00,3297,Entregado,Suzuki,NKD 125,Jose Ramirez,Steven Rocha
414,696,537,servicio integral para filtro de aire y filtro de aire con pruebas posteriores.,Finalizado,2026-03-27 00:00:00,2026-03-28 00:00:00,5268,Cliente informado,TVS,CBR 600RR,Jose Ramirez,Jose Ramirez
415,4794,4493,inspeccion avanzada de inspeccion y problema para mejorar rendimiento.,Finalizado,2026-03-02 00:00:00,2026-03-06 00:00:00,5818,Cliente informado,Suzuki,Pulsar NS200,Jose Ramirez,Javier Morales
416,2395,2543,revision completa de cableado y sistema electrico segun solicitud del cliente.,Finalizado,2026-03-25 00:00:00,2026-03-25 00:00:00,4496,Entregado,KTM,Apache RTR 200,Carlos Mendoza,Juan Perez
417,2516,3208,optimizacion del sistema falla y ruido incluyendo ajuste final.,Finalizado,2026-03-20 00:00:00,2026-03-23 00:00:00,3905,Entregado,Kawasaki,GSX-R750,Jose Ramirez,Samuel Cruz
418,2043,1768,diagnostico y reparacion de problema y evaluacion por falla detectada.,Finalizado,2026-03-26 00:00:00,2026-03-26 00:00:00,3658,Entregado,Italika,XR150L,Jose Ramirez,Eduardo Castro
419,4788,3133,mantenimiento preventivo en evaluacion y revision general para mejorar rendimiento.,Finalizado,2026-03-18 00:00:00,2026-03-20 00:00:00,1090,Cliente informado,Italika,FT150,Jose Ramirez,Cristian Molina
420,2986,1912,revision completa de calipers y sensores de estacionamiento con pruebas posteriores.,Finalizado,2026-03-23 00:00:00,2026-03-23 00:00:00,5557,Entregado,KTM,Apache RTR 200,Carlos Mendoza,Erick Gutierrez
421,967,4338,ajuste tecnico de falla y falla incluyendo ajuste final.,Finalizado,2026-03-04 00:00:00,2026-03-06 00:00:00,2800,Cliente informado,TVS,Ninja 400,Jose Ramirez,Victor Rivas
422,4920,1858,servicio integral para motor de arranque y bateria incluyendo ajuste final.,Finalizado,2026-03-06 00:00:00,2026-03-10 00:00:00,1884,Entregado,KTM,GN125,Carlos Mendoza,Samuel Cruz
423,169,570,ajuste tecnico de evaluacion y evaluacion y verificacion completa.,Finalizado,2026-03-20 00:00:00,2026-03-23 00:00:00,2048,Cliente informado,KTM,DM200,Jose Ramirez,Henry Tellez
424,948,186,diagnostico y reparacion de inspeccion y test con pruebas posteriores.,Finalizado,2026-03-07 00:00:00,2026-03-10 00:00:00,3512,Entregado,Yamaha,GN125,Carlos Mendoza,Kevin Torres
425,1344,3238,instalacion y calibracion de camara y actualizacion de software para mejorar rendimiento.,Finalizado,2026-03-07 00:00:00,2026-03-08 00:00:00,3665,Entregado,Italika,XR150L,Carlos Mendoza,Eduardo Castro
426,3079,4340,ajuste tecnico de motor de arranque y luces incluyendo ajuste final.,Finalizado,2026-03-26 00:00:00,2026-03-30 00:00:00,1718,Cliente informado,KTM,CB190R,Jose Ramirez,Kevin Torres
427,4086,359,instalacion y calibracion de ruido y test por falla detectada.,Finalizado,2026-03-19 00:00:00,2026-03-23 00:00:00,5108,Entregado,Yamaha,RC 200,Carlos Mendoza,Fernando Herrera
428,2563,4306,instalacion y calibracion de balanceo y chequeo por falla detectada.,Finalizado,2026-03-24 00:00:00,2026-03-28 00:00:00,3295,Cliente informado,KTM,Ninja 400,Jose Ramirez,Roberto Flores
429,1271,3663,instalacion y calibracion de falla y diagnostico para mejorar rendimiento.,Finalizado,2026-03-08 00:00:00,2026-03-08 00:00:00,2099,Entregado,Yamaha,MT-07,Carlos Mendoza,Julio Navarro
430,800,3519,instalacion y calibracion de fallo electrico y fallo electrico incluyendo ajuste final.,Finalizado,2026-03-08 00:00:00,2026-03-10 00:00:00,3399,Entregado,AKT,Duke 390,Jose Ramirez,Cristian Molina
431,4924,2464,revision completa de polarizado y pantalla incluyendo ajuste final.,Finalizado,2026-03-23 00:00:00,2026-03-26 00:00:00,4228,Entregado,KTM,Pulsar NS200,Jose Ramirez,Edwin Chavez
432,3908,4747,revision completa de balanceo y filtro de aceite para mejorar rendimiento.,Finalizado,2026-03-26 00:00:00,2026-03-27 00:00:00,6110,Entregado,Kawasaki,GSX-R750,Carlos Mendoza,Javier Morales
433,3088,1475,diagnostico y reparacion de sonido y tuning segun solicitud del cliente.,Finalizado,2026-03-23 00:00:00,2026-03-23 00:00:00,6263,Cliente informado,KTM,Z650,Jose Ramirez,Roberto Flores
434,1341,1408,optimizacion del sistema polarizado y turbo incluyendo ajuste final.,Finalizado,2026-03-18 00:00:00,2026-03-08 00:00:00,4127,Cliente informado,TVS,GN125,Carlos Mendoza,Mario Lopez
435,802,4732,instalacion y calibracion de embrague y embrague incluyendo ajuste final.,Finalizado,2026-03-09 00:00:00,2026-03-13 00:00:00,4470,Cliente informado,Yamaha,Pulsar NS200,Carlos Mendoza,Henry Tellez
436,4631,2878,servicio integral para cambio de aceite y lubricacion y verificacion completa.,Finalizado,2026-03-07 00:00:00,2026-03-07 00:00:00,6043,Entregado,Italika,Duke 390,Carlos Mendoza,Edwin Chavez
437,584,62,correccion especializada de sensores y motor de arranque debido a desgaste.,Finalizado,2026-03-18 00:00:00,2026-03-21 00:00:00,1604,Entregado,Suzuki,DM200,Carlos Mendoza,Brayan Silva
438,3064,93,servicio integral para camara y vinilado por falla detectada.,Finalizado,2026-03-07 00:00:00,2026-03-08 00:00:00,1217,Entregado,TVS,Pulsar NS200,Jose Ramirez,Juan Perez
439,519,2058,revision completa de test y test para mejorar rendimiento.,Finalizado,2026-03-28 00:00:00,2026-03-18 00:00:00,4547,Cliente informado,Kawasaki,RC 200,Carlos Mendoza,Carlos Mendoza
440,3754,4308,optimizacion del sistema bomba de agua y biela y verificacion completa.,Finalizado,2026-03-03 00:00:00,2026-03-03 00:00:00,3138,Cliente informado,Yamaha,DM200,Jose Ramirez,Oscar Reyes
441,4694,4752,ajuste tecnico de caja de cambios y direccion para mejorar rendimiento.,Entregado,2026-03-01 00:00:00,2026-03-01 00:00:00,5619,Entregado,Kawasaki,DM200,Jose Ramirez,Cristian Molina
442,227,4083,mantenimiento preventivo en filtro de aceite y balanceo con pruebas posteriores.,Finalizado,2026-03-04 00:00:00,2026-02-22 00:00:00,4283,Entregado,Yamaha,Gixxer 250,Carlos Mendoza,Cristian Molina
443,1508,3606,optimizacion del sistema sonido y vinilado debido a desgaste.,Finalizado,2026-03-26 00:00:00,2026-03-27 00:00:00,4648,Entregado,Bajaj,Z650,Carlos Mendoza,Oscar Reyes
444,406,2289,optimizacion del sistema suspension deportiva y luces led con pruebas posteriores.,Finalizado,2026-03-09 00:00:00,2026-03-12 00:00:00,3030,Cliente informado,Italika,Duke 390,Jose Ramirez,Henry Tellez
445,1076,1896,correccion especializada de bujias y chequeo incluyendo ajuste final.,Finalizado,2026-03-19 00:00:00,2026-03-23 00:00:00,630,Entregado,Italika,RC 200,Carlos Mendoza,Mario Lopez
446,739,2603,mantenimiento preventivo en diferencial y bomba de agua debido a desgaste.,Finalizado,2026-03-29 00:00:00,2026-03-29 00:00:00,2181,Cliente informado,Suzuki,GSX-R750,Carlos Mendoza,Carlos Mendoza
447,4404,3124,correccion especializada de ruido y ruido incluyendo ajuste final.,Finalizado,2026-03-18 00:00:00,2026-03-19 00:00:00,2313,Cliente informado,Kawasaki,Boxer 150,Carlos Mendoza,Victor Rivas
448,243,3276,ajuste tecnico de chequeo y chequeo por falla detectada.,Finalizado,2026-03-06 00:00:00,2026-03-10 00:00:00,4772,Cliente informado,Yamaha,R15,Jose Ramirez,Mario Lopez
449,3717,4753,correccion especializada de direccion y biela con pruebas posteriores.,Finalizado,2026-03-23 00:00:00,2026-03-25 00:00:00,4437,Entregado,Yamaha,R15,Carlos Mendoza,Fernando Herrera
450,739,2603,servicio integral para pintar carroceria y pantalla por falla detectada.,Finalizado,2026-03-29 00:00:00,2026-03-29 00:00:00,2478,Cliente informado,TVS,Apache RTR 200,Jose Ramirez,Daniel Castillo
451,1767,5194,mantenimiento preventivo en chequeo y diagnostico debido a desgaste.,Finalizado,2026-03-18 00:00:00,2026-03-20 00:00:00,6338,Cliente informado,Kawasaki,RC 200,Jose Ramirez,Edwin Chavez
452,4844,1735,mantenimiento preventivo en estetico y pintura incluyendo ajuste final.,Finalizado,2026-03-24 00:00:00,2026-03-27 00:00:00,3636,Entregado,Kawasaki,Pulsar NS200,Carlos Mendoza,Fernando Herrera
453,285,420,inspeccion avanzada de eje y biela y verificacion completa.,Finalizado,2026-03-24 00:00:00,2026-03-24 00:00:00,4145,Entregado,AKT,FT150,Carlos Mendoza,Edwin Chavez
454,1098,459,optimizacion del sistema alternador y centralita para mejorar rendimiento.,Finalizado,2026-03-03 00:00:00,2026-03-06 00:00:00,1339,Cliente informado,Suzuki,RC 200,Carlos Mendoza,Henry Tellez
455,794,2564,instalacion y calibracion de diagnostico y test por falla detectada.,Finalizado,2026-03-05 00:00:00,2026-03-06 00:00:00,2753,Cliente informado,Bajaj,Duke 390,Carlos Mendoza,Cristian Molina
456,1916,3153,correccion especializada de diferencial y bomba de agua para mejorar rendimiento.,Finalizado,2026-02-28 00:00:00,2026-03-02 00:00:00,3488,Cliente informado,Kawasaki,CB190R,Jose Ramirez,Jose Ramirez
457,4614,416,instalacion y calibracion de falla y test segun solicitud del cliente.,Finalizado,2026-03-22 00:00:00,2026-03-26 00:00:00,621,Entregado,Yamaha,CB190R,Jose Ramirez,Francisco Blandon
458,4959,637,ajuste tecnico de inspeccion y escaneo segun solicitud del cliente.,Finalizado,2026-03-09 00:00:00,2026-03-10 00:00:00,5917,Entregado,Honda,CB190R,Jose Ramirez,Francisco Blandon
459,2516,4849,instalacion y calibracion de sensores y bateria por falla detectada.,Finalizado,2026-03-05 00:00:00,2026-03-05 00:00:00,5323,Entregado,Honda,Pulsar NS200,Carlos Mendoza,Roberto Flores
460,10,4188,ajuste tecnico de motor de arranque y luces por falla detectada.,Finalizado,2026-03-22 00:00:00,2026-03-26 00:00:00,3184,Entregado,TVS,Boxer 150,Carlos Mendoza,Cristian Molina
461,3745,1361,inspeccion avanzada de chequeo y niveles por falla detectada.,Finalizado,2026-03-18 00:00:00,2026-03-21 00:00:00,641,Entregado,Bajaj,FZ16,Carlos Mendoza,Javier Morales
462,2143,2424,mantenimiento preventivo en encendido y fallo electrico para mejorar rendimiento.,Finalizado,2026-03-02 00:00:00,2026-03-05 00:00:00,5812,Entregado,Bajaj,Boxer 150,Carlos Mendoza,Eduardo Castro
463,979,1369,inspeccion avanzada de balanceo y lubricacion y verificacion completa.,Finalizado,2026-03-18 00:00:00,2026-03-19 00:00:00,2399,Entregado,KTM,Duke 390,Carlos Mendoza,Wilmer Soto
464,4626,200,mantenimiento preventivo en llantas deportivas y performance con pruebas posteriores.,Finalizado,2026-03-17 00:00:00,2026-03-07 00:00:00,2215,Entregado,Kawasaki,NKD 125,Jose Ramirez,Kevin Torres
465,3557,4343,revision completa de luces y cableado por falla detectada.,Finalizado,2026-03-12 00:00:00,2026-03-15 00:00:00,2645,Entregado,KTM,Apache RTR 200,Jose Ramirez,Fernando Herrera
466,1221,1536,inspeccion avanzada de performance y aleron y verificacion completa.,Entregado,2026-03-09 00:00:00,2026-03-09 00:00:00,4576,Cliente informado,Suzuki,FZ16,Carlos Mendoza,Erick Gutierrez
467,3173,2302,instalacion y calibracion de cambio de aceite y alineacion por falla detectada.,Finalizado,2026-03-29 00:00:00,2026-03-19 00:00:00,5744,Entregado,Suzuki,Duke 390,Jose Ramirez,Francisco Blandon
468,3267,1097,mantenimiento preventivo en polarizado y sonido con pruebas posteriores.,Finalizado,2026-03-24 00:00:00,2026-03-24 00:00:00,5095,Cliente informado,Yamaha,R15,Carlos Mendoza,Eduardo Castro
469,1957,2129,servicio integral para embrague y direccion segun solicitud del cliente.,Finalizado,2026-03-23 00:00:00,2026-03-25 00:00:00,882,Entregado,Kawasaki,XR150L,Carlos Mendoza,Carlos Mendoza
470,963,1924,revision completa de luces led y estetico para mejorar rendimiento.,Finalizado,2026-02-28 00:00:00,2026-03-04 00:00:00,6170,Cliente informado,AKT,GSX-R750,Carlos Mendoza,Francisco Blandon
471,4393,2682,revision completa de biela y pistones segun solicitud del cliente.,Finalizado,2026-03-08 00:00:00,2026-03-09 00:00:00,4228,Cliente informado,TVS,MT-07,Jose Ramirez,Juan Perez
472,741,5222,mantenimiento preventivo en fallo electrico y alternador debido a desgaste.,Finalizado,2026-03-28 00:00:00,2026-03-29 00:00:00,5262,Entregado,KTM,Apache RTR 200,Jose Ramirez,Andres Ruiz
473,1949,949,servicio integral para distribucion y suspension y verificacion completa.,Finalizado,2026-03-12 00:00:00,2026-03-15 00:00:00,2274,Entregado,Italika,FZ16,Jose Ramirez,Roberto Flores
474,128,2835,ajuste tecnico de motor y distribucion segun solicitud del cliente.,Finalizado,2026-03-23 00:00:00,2026-03-25 00:00:00,1157,Entregado,Yamaha,Pulsar NS200,Jose Ramirez,Javier Morales
475,4891,1912,mantenimiento preventivo en diagnostico y ruido incluyendo ajuste final.,En proceso,2026-03-12 00:00:00,2026-03-12 00:00:00,5286,Entregado,Yamaha,R15,Carlos Mendoza,Julio Navarro
476,4358,4167,mantenimiento preventivo en escape deportivo y reprogramacion debido a desgaste.,Finalizado,2026-03-16 00:00:00,2026-03-18 00:00:00,1824,Cliente informado,Yamaha,RC 200,Carlos Mendoza,Javier Morales
477,1401,1351,servicio integral para diagnostico y problema incluyendo ajuste final.,Finalizado,2026-03-28 00:00:00,2026-03-29 00:00:00,1542,Entregado,Bajaj,CB190R,Carlos Mendoza,Carlos Mendoza
478,1801,4163,servicio integral para tuning y velocidad segun solicitud del cliente.,Finalizado,2026-03-09 00:00:00,2026-03-12 00:00:00,1126,Cliente informado,TVS,Ninja 400,Jose Ramirez,Victor Rivas
479,2045,5081,servicio integral para diferencial y pistones y verificacion completa.,Finalizado,2026-03-05 00:00:00,2026-03-06 00:00:00,4362,Cliente informado,Kawasaki,XR150L,Carlos Mendoza,Luis Martinez
480,969,2859,servicio integral para cromado y escape deportivo incluyendo ajuste final.,Finalizado,2026-03-14 00:00:00,2026-03-15 00:00:00,720,Entregado,Honda,NKD 125,Carlos Mendoza,Miguel Garcia
481,2563,2610,servicio integral para test y ruido debido a desgaste.,Finalizado,2026-03-28 00:00:00,2026-03-28 00:00:00,2216,Entregado,Italika,Apache RTR 200,Jose Ramirez,Mario Lopez
482,1801,4163,ajuste tecnico de ruido y test con pruebas posteriores.,Finalizado,2026-03-09 00:00:00,2026-03-12 00:00:00,4610,Cliente informado,KTM,Z650,Carlos Mendoza,Mario Lopez
483,2563,4306,mantenimiento preventivo en falla y falla debido a desgaste.,Finalizado,2026-03-24 00:00:00,2026-03-28 00:00:00,3826,Cliente informado,Suzuki,XR150L,Jose Ramirez,Roberto Flores
484,1967,1891,diagnostico y reparacion de revision y chequeo para mejorar rendimiento.,Finalizado,2026-03-02 00:00:00,2026-02-20 00:00:00,558,Entregado,Bajaj,XR150L,Jose Ramirez,Samuel Cruz
485,2918,3833,revision completa de chequeo y ruido debido a desgaste.,Finalizado,2026-03-01 00:00:00,2026-03-01 00:00:00,3272,Entregado,Honda,R15,Jose Ramirez,Samuel Cruz
486,3090,3391,instalacion y calibracion de velocidad y gps segun solicitud del cliente.,Finalizado,2026-03-02 00:00:00,2026-03-02 00:00:00,5844,Entregado,Suzuki,R15,Jose Ramirez,Mario Lopez
487,1898,4483,instalacion y calibracion de escaneo y chequeo incluyendo ajuste final.,Finalizado,2026-03-18 00:00:00,2026-03-22 00:00:00,3366,Entregado,Bajaj,GN125,Jose Ramirez,Jose Ramirez
488,820,2927,optimizacion del sistema cambio de aceite y balanceo y verificacion completa.,Finalizado,2026-03-27 00:00:00,2026-03-27 00:00:00,3794,Cliente informado,Honda,NKD 125,Carlos Mendoza,Kevin Torres
489,4066,2108,revision completa de suspension y biela debido a desgaste.,Finalizado,2026-03-03 00:00:00,2026-03-06 00:00:00,4330,Entregado,Yamaha,Z650,Jose Ramirez,Eduardo Castro
490,4154,4528,ajuste tecnico de radiador y culata por falla detectada.,Finalizado,2026-03-08 00:00:00,2026-03-12 00:00:00,2335,Entregado,Honda,Boxer 150,Carlos Mendoza,Victor Rivas
491,161,1051,diagnostico y reparacion de caja de cambios y transmision para mejorar rendimiento.,Finalizado,2026-03-28 00:00:00,2026-03-28 00:00:00,3026,Cliente informado,Honda,Z650,Carlos Mendoza,Roberto Flores
492,3317,708,servicio integral para inspeccion y diagnostico para mejorar rendimiento.,Finalizado,2026-03-21 00:00:00,2026-03-11 00:00:00,4031,Entregado,Honda,RC 200,Carlos Mendoza,Kevin Torres
493,4780,5251,correccion especializada de niveles y filtro de aceite con pruebas posteriores.,Finalizado,2026-03-17 00:00:00,2026-03-20 00:00:00,1575,Cliente informado,Yamaha,GSX-R750,Jose Ramirez,Mario Lopez
494,1524,940,revision completa de alternador y motor de arranque segun solicitud del cliente.,Finalizado,2026-03-02 00:00:00,2026-03-03 00:00:00,4267,Cliente informado,Suzuki,FT150,Jose Ramirez,Fernando Herrera
495,2931,1084,inspeccion avanzada de filtro de aceite y filtro de aire incluyendo ajuste final.,Finalizado,2026-03-18 00:00:00,2026-03-20 00:00:00,1168,Entregado,Bajaj,Pulsar NS200,Jose Ramirez,Steven Rocha
496,845,4467,inspeccion avanzada de ruido y revision general debido a desgaste.,Finalizado,2026-03-05 00:00:00,2026-03-05 00:00:00,4042,Entregado,Bajaj,Pulsar NS200,Carlos Mendoza,Manuel Vargas
497,1125,1078,instalacion y calibracion de velocidad y suspension deportiva por falla detectada.,Finalizado,2026-03-11 00:00:00,2026-03-15 00:00:00,3362,Cliente informado,Honda,Boxer 150,Carlos Mendoza,Victor Rivas
498,2934,5128,revision completa de bateria y motor de arranque y verificacion completa.,Finalizado,2026-03-04 00:00:00,2026-02-22 00:00:00,4092,Entregado,Bajaj,R15,Jose Ramirez,Samuel Cruz
499,3642,3490,servicio integral para estetico y performance segun solicitud del cliente.,Finalizado,2026-03-20 00:00:00,2026-03-24 00:00:00,2194,Entregado,Suzuki,RC 200,Carlos Mendoza,Andres Ruiz
500,2580,3814,inspeccion avanzada de potencia y cromado incluyendo ajuste final.,Finalizado,2026-03-13 00:00:00,2026-03-16 00:00:00,2741,Entregado,Kawasaki,MT-07,Jose Ramirez,Cristian Molina
501,3379,1932,ajuste tecnico de test y evaluacion segun solicitud del cliente.,Finalizado,2026-03-27 00:00:00,2026-03-30 00:00:00,3524,Cliente informado,Bajaj,DM200,Jose Ramirez,Roberto Flores
502,1262,3424,instalacion y calibracion de ciguenal y embrague incluyendo ajuste final.,Entregado,2026-03-23 00:00:00,2026-03-25 00:00:00,3015,Entregado,Suzuki,MT-07,Carlos Mendoza,Wilmer Soto
503,2855,1324,ajuste tecnico de revision y bujias segun solicitud del cliente.,Finalizado,2026-03-20 00:00:00,2026-03-24 00:00:00,4498,Cliente informado,Bajaj,Ninja 400,Carlos Mendoza,Henry Tellez
504,1898,4483,revision completa de personalizacion y turbo y verificacion completa.,Finalizado,2026-03-18 00:00:00,2026-03-22 00:00:00,1063,Entregado,Honda,MT-07,Jose Ramirez,Kevin Torres
505,195,2633,mantenimiento preventivo en alineacion y niveles para mejorar rendimiento.,Finalizado,2026-03-28 00:00:00,2026-04-01 00:00:00,5900,Cliente informado,Bajaj,FZ16,Carlos Mendoza,Mario Lopez
506,249,4449,revision completa de arbol de levas y bomba de agua con pruebas posteriores.,Finalizado,2026-03-01 00:00:00,2026-02-19 00:00:00,3875,Entregado,Kawasaki,GSX-R750,Jose Ramirez,Samuel Cruz
507,4214,1695,ajuste tecnico de pintura y estetico para mejorar rendimiento.,Finalizado,2026-02-28 00:00:00,2026-03-02 00:00:00,1235,Cliente informado,Bajaj,Ninja 400,Carlos Mendoza,Julio Navarro
508,1861,2878,servicio integral para frenos y bomba de agua debido a desgaste.,Finalizado,2026-03-08 00:00:00,2026-03-08 00:00:00,1886,Entregado,Suzuki,NKD 125,Jose Ramirez,Carlos Mendoza
509,1588,418,correccion especializada de luces y cableado debido a desgaste.,En proceso,2026-03-25 00:00:00,2026-03-26 00:00:00,4811,Entregado,Yamaha,R15,Jose Ramirez,Andres Ruiz
510,758,570,optimizacion del sistema falla y problema segun solicitud del cliente.,Finalizado,2026-03-26 00:00:00,2026-03-27 00:00:00,5119,Cliente informado,Yamaha,Gixxer 250,Jose Ramirez,Edwin Chavez
511,3250,1019,instalacion y calibracion de distribucion y transmision para mejorar rendimiento.,Finalizado,2026-03-16 00:00:00,2026-03-19 00:00:00,2593,Cliente informado,KTM,DM200,Jose Ramirez,Eduardo Castro
512,800,3519,optimizacion del sistema motor y chasis segun solicitud del cliente.,Finalizado,2026-03-08 00:00:00,2026-03-10 00:00:00,6404,Entregado,AKT,CB190R,Carlos Mendoza,Mario Lopez
513,3284,2324,revision completa de aleron y aleron segun solicitud del cliente.,Finalizado,2026-03-16 00:00:00,2026-03-17 00:00:00,3939,Cliente informado,Kawasaki,Gixxer 250,Carlos Mendoza,Andres Ruiz
514,786,2305,revision completa de encendido y cableado por falla detectada.,Finalizado,2026-03-24 00:00:00,2026-03-25 00:00:00,5055,Entregado,Suzuki,Z650,Carlos Mendoza,Juan Perez
515,3636,3276,servicio integral para niveles y lubricacion incluyendo ajuste final.,Finalizado,2026-03-11 00:00:00,2026-03-13 00:00:00,677,Entregado,Italika,Duke 390,Jose Ramirez,Carlos Mendoza
516,52,2859,inspeccion avanzada de filtro de aceite y chequeo incluyendo ajuste final.,Finalizado,2026-03-29 00:00:00,2026-03-30 00:00:00,5816,Cliente informado,Yamaha,RC 200,Carlos Mendoza,Erick Gutierrez
517,2529,4751,diagnostico y reparacion de actualizacion de software y custom incluyendo ajuste final.,Finalizado,2026-03-01 00:00:00,2026-02-19 00:00:00,5532,Entregado,KTM,FT150,Carlos Mendoza,Miguel Garcia
518,3803,5209,ajuste tecnico de pistones y suspension para mejorar rendimiento.,Entregado,2026-03-12 00:00:00,2026-03-14 00:00:00,4593,Cliente informado,Yamaha,Duke 390,Carlos Mendoza,Luis Martinez
519,353,761,servicio integral para distribucion y carroceria segun solicitud del cliente.,Finalizado,2026-03-28 00:00:00,2026-04-01 00:00:00,3864,Cliente informado,AKT,RC 200,Carlos Mendoza,Francisco Blandon
520,2234,5148,diagnostico y reparacion de cromado y vinilado con pruebas posteriores.,Finalizado,2026-03-10 00:00:00,2026-03-13 00:00:00,1791,Entregado,Suzuki,FT150,Carlos Mendoza,Francisco Blandon
521,844,4307,correccion especializada de motor de arranque y cableado por falla detectada.,Finalizado,2026-03-02 00:00:00,2026-03-06 00:00:00,4145,Cliente informado,Suzuki,CB190R,Carlos Mendoza,Juan Perez
522,3744,672,optimizacion del sistema evaluacion y evaluacion debido a desgaste.,Finalizado,2026-03-17 00:00:00,2026-03-20 00:00:00,5139,Entregado,AKT,Apache RTR 200,Carlos Mendoza,Fernando Herrera
523,4085,3309,correccion especializada de pistones y amortiguadores debido a desgaste.,Finalizado,2026-03-27 00:00:00,2026-03-31 00:00:00,3148,Entregado,KTM,CB190R,Carlos Mendoza,Wilmer Soto
524,91,4109,revision completa de motor de arranque y centralita con pruebas posteriores.,Finalizado,2026-03-08 00:00:00,2026-03-12 00:00:00,2811,Cliente informado,Honda,Gixxer 250,Carlos Mendoza,Edwin Chavez
525,1317,4365,mantenimiento preventivo en estetico y potencia segun solicitud del cliente.,Finalizado,2026-03-22 00:00:00,2026-03-22 00:00:00,1595,Cliente informado,Suzuki,MT-07,Carlos Mendoza,Oscar Reyes
526,3465,3096,mantenimiento preventivo en frenos y distribucion para mejorar rendimiento.,Finalizado,2026-03-17 00:00:00,2026-03-18 00:00:00,4370,Entregado,Yamaha,MT-07,Carlos Mendoza,Roberto Flores
527,4830,1055,instalacion y calibracion de revision general y chequeo y verificacion completa.,Finalizado,2026-03-23 00:00:00,2026-03-23 00:00:00,1206,Cliente informado,Suzuki,Pulsar NS200,Carlos Mendoza,Daniel Castillo
528,3267,1097,optimizacion del sistema luces led y actualizacion de software segun solicitud del cliente.,Finalizado,2026-03-24 00:00:00,2026-03-24 00:00:00,4961,Cliente informado,AKT,Duke 390,Carlos Mendoza,Eduardo Castro
529,2546,4762,ajuste tecnico de ruido y escaneo con pruebas posteriores.,Finalizado,2026-03-13 00:00:00,2026-03-17 00:00:00,3391,Cliente informado,Yamaha,NKD 125,Carlos Mendoza,Luis Martinez
530,4385,4910,mantenimiento preventivo en fallo electrico y motor de arranque para mejorar rendimiento.,Finalizado,2026-03-05 00:00:00,2026-03-07 00:00:00,4327,Cliente informado,Honda,Gixxer 250,Carlos Mendoza,Kevin Torres
531,3724,2393,diagnostico y reparacion de bujias y chequeo por falla detectada.,Finalizado,2026-03-23 00:00:00,2026-03-23 00:00:00,5721,Cliente informado,Suzuki,Apache RTR 200,Jose Ramirez,Alexis Diaz
532,2855,1324,mantenimiento preventivo en problema y revision general incluyendo ajuste final.,Finalizado,2026-03-20 00:00:00,2026-03-24 00:00:00,6319,Cliente informado,Bajaj,XR150L,Jose Ramirez,Daniel Castillo
533,2407,1791,instalacion y calibracion de bateria y centralita debido a desgaste.,Finalizado,2026-03-14 00:00:00,2026-03-17 00:00:00,5545,Cliente informado,KTM,NKD 125,Jose Ramirez,Carlos Mendoza
534,2769,2169,correccion especializada de frenos deportivos y calipers y verificacion completa.,Finalizado,2026-03-11 00:00:00,2026-03-15 00:00:00,2558,Entregado,KTM,GSX-R750,Carlos Mendoza,Fernando Herrera
535,2353,2595,optimizacion del sistema ciguenal y caja de cambios segun solicitud del cliente.,Finalizado,2026-03-10 00:00:00,2026-03-11 00:00:00,5075,Entregado,Yamaha,RC 200,Carlos Mendoza,Francisco Blandon
536,2040,4818,servicio integral para escaneo y test por falla detectada.,Finalizado,2026-03-25 00:00:00,2026-03-26 00:00:00,895,Cliente informado,AKT,Boxer 150,Carlos Mendoza,Manuel Vargas
537,1946,4566,diagnostico y reparacion de centralita y luces y verificacion completa.,Finalizado,2026-03-12 00:00:00,2026-03-14 00:00:00,6202,Entregado,Bajaj,Gixxer 250,Jose Ramirez,Francisco Blandon
538,4573,132,optimizacion del sistema fibra de carbono y kit aerodinamico debido a desgaste.,Finalizado,2026-03-09 00:00:00,2026-03-12 00:00:00,2893,Cliente informado,Honda,Duke 390,Carlos Mendoza,Roberto Flores
539,4924,2464,optimizacion del sistema chasis y eje debido a desgaste.,Finalizado,2026-03-23 00:00:00,2026-03-26 00:00:00,5792,Entregado,Kawasaki,CB190R,Jose Ramirez,Fernando Herrera
540,4116,41,correccion especializada de chequeo y chequeo y verificacion completa.,Finalizado,2026-03-05 00:00:00,2026-03-08 00:00:00,5695,Cliente informado,Yamaha,GSX-R750,Carlos Mendoza,Samuel Cruz
541,4153,4138,optimizacion del sistema filtro de aire y niveles con pruebas posteriores.,Finalizado,2026-03-14 00:00:00,2026-03-16 00:00:00,4824,Entregado,Honda,NKD 125,Jose Ramirez,Juan Perez
542,208,4349,diagnostico y reparacion de kit aerodinamico y tuning por falla detectada.,Finalizado,2026-03-18 00:00:00,2026-03-21 00:00:00,865,Entregado,Yamaha,GSX-R750,Carlos Mendoza,Andres Ruiz
543,3036,3051,ajuste tecnico de calipers y suspension deportiva incluyendo ajuste final.,Finalizado,2026-03-23 00:00:00,2026-03-24 00:00:00,2227,Cliente informado,Honda,Boxer 150,Carlos Mendoza,Mario Lopez
544,4404,4099,diagnostico y reparacion de alineacion y balanceo incluyendo ajuste final.,En proceso,2026-03-19 00:00:00,2026-03-22 00:00:00,3397,Cliente informado,Honda,Z650,Carlos Mendoza,Alexis Diaz
545,1376,1996,correccion especializada de pistones y carroceria para mejorar rendimiento.,Finalizado,2026-03-17 00:00:00,2026-03-18 00:00:00,2797,Entregado,Kawasaki,RC 200,Jose Ramirez,Fernando Herrera
546,1344,3238,ajuste tecnico de bujias y bujias por falla detectada.,Finalizado,2026-03-07 00:00:00,2026-03-08 00:00:00,2331,Entregado,TVS,Z650,Jose Ramirez,Luis Martinez
547,1806,4494,revision completa de balanceo y balanceo incluyendo ajuste final.,Finalizado,2026-03-01 00:00:00,2026-02-19 00:00:00,6040,Entregado,Italika,NKD 125,Jose Ramirez,Francisco Blandon
548,4633,1876,correccion especializada de bujias y filtro de aire segun solicitud del cliente.,Finalizado,2026-03-23 00:00:00,2026-03-24 00:00:00,1904,Cliente informado,Honda,Ninja 400,Jose Ramirez,Luis Martinez
549,1065,2208,revision completa de camara y cromado incluyendo ajuste final.,Finalizado,2026-03-14 00:00:00,2026-03-16 00:00:00,3748,Entregado,Italika,R15,Carlos Mendoza,Mario Lopez
550,2474,5253,ajuste tecnico de escaneo y falla con pruebas posteriores.,Finalizado,2026-03-18 00:00:00,2026-03-21 00:00:00,4632,Cliente informado,Italika,R15,Carlos Mendoza,Edwin Chavez
551,58,3681,revision completa de frenos y pistones incluyendo ajuste final.,Finalizado,2026-03-29 00:00:00,2026-04-02 00:00:00,4566,Cliente informado,Italika,FZ16,Carlos Mendoza,Javier Morales
552,1704,305,inspeccion avanzada de chequeo y cambio de aceite y verificacion completa.,Finalizado,2026-03-28 00:00:00,2026-03-29 00:00:00,6143,Cliente informado,Bajaj,Apache RTR 200,Carlos Mendoza,Cristian Molina
553,158,396,inspeccion avanzada de eje y transmision debido a desgaste.,Finalizado,2026-03-04 00:00:00,2026-03-07 00:00:00,1132,Cliente informado,Yamaha,RC 200,Jose Ramirez,Julio Navarro
554,1946,4566,optimizacion del sistema lubricacion y alineacion y verificacion completa.,Finalizado,2026-03-12 00:00:00,2026-03-14 00:00:00,2392,Entregado,Bajaj,R15,Jose Ramirez,Erick Gutierrez
555,1681,1471,correccion especializada de balanceo y filtro de aceite por falla detectada.,Finalizado,2026-03-26 00:00:00,2026-03-26 00:00:00,4713,Entregado,Kawasaki,NKD 125,Jose Ramirez,Steven Rocha
556,4196,4672,correccion especializada de test y inspeccion con pruebas posteriores.,Finalizado,2026-03-08 00:00:00,2026-03-09 00:00:00,2953,Cliente informado,Yamaha,CB190R,Jose Ramirez,Victor Rivas
557,3401,257,ajuste tecnico de filtro de aceite y balanceo para mejorar rendimiento.,Finalizado,2026-03-14 00:00:00,2026-03-18 00:00:00,4004,Entregado,Italika,CBR 600RR,Jose Ramirez,Victor Rivas
558,1992,4676,ajuste tecnico de estetico y polarizado incluyendo ajuste final.,Finalizado,2026-03-09 00:00:00,2026-03-11 00:00:00,6238,Cliente informado,KTM,Ninja 400,Carlos Mendoza,Miguel Garcia
559,4991,635,revision completa de alternador y sistema electrico y verificacion completa.,Finalizado,2026-03-03 00:00:00,2026-03-06 00:00:00,2846,Cliente informado,Kawasaki,NKD 125,Jose Ramirez,Wilmer Soto
560,4927,60,instalacion y calibracion de sensores de estacionamiento y llantas deportivas por falla detectada.,Finalizado,2026-02-28 00:00:00,2026-02-28 00:00:00,1909,Cliente informado,Yamaha,Pulsar NS200,Carlos Mendoza,Miguel Garcia
561,208,4349,ajuste tecnico de filtro de aceite y bujias con pruebas posteriores.,Finalizado,2026-03-18 00:00:00,2026-03-21 00:00:00,4510,Entregado,Honda,FT150,Jose Ramirez,Steven Rocha
562,551,969,mantenimiento preventivo en biela y transmision segun solicitud del cliente.,Finalizado,2026-03-18 00:00:00,2026-03-08 00:00:00,908,Cliente informado,Bajaj,R15,Jose Ramirez,Wilmer Soto
563,406,2289,mantenimiento preventivo en fallo electrico y cableado con pruebas posteriores.,Finalizado,2026-03-09 00:00:00,2026-03-12 00:00:00,6157,Cliente informado,Yamaha,GN125,Carlos Mendoza,Fernando Herrera
564,1368,3976,diagnostico y reparacion de biela y motor incluyendo ajuste final.,Finalizado,2026-03-08 00:00:00,2026-03-10 00:00:00,1864,Entregado,KTM,CBR 600RR,Carlos Mendoza,Carlos Mendoza
565,1554,4676,mantenimiento preventivo en chequeo y balanceo incluyendo ajuste final.,Finalizado,2026-03-20 00:00:00,2026-03-22 00:00:00,3219,Cliente informado,Suzuki,Ninja 400,Jose Ramirez,Daniel Castillo
566,2270,464,correccion especializada de filtro de aire y revision debido a desgaste.,Finalizado,2026-03-18 00:00:00,2026-03-21 00:00:00,4320,Cliente informado,Suzuki,R15,Jose Ramirez,Alexis Diaz
567,3424,2871,diagnostico y reparacion de fallo electrico y sensores para mejorar rendimiento.,Finalizado,2026-03-15 00:00:00,2026-03-15 00:00:00,3659,Cliente informado,Kawasaki,Pulsar NS200,Carlos Mendoza,Victor Rivas
568,1519,4024,correccion especializada de inspeccion y chequeo por falla detectada.,Finalizado,2026-03-03 00:00:00,2026-03-03 00:00:00,2549,Cliente informado,Yamaha,RC 200,Carlos Mendoza,Daniel Castillo
569,3786,493,revision completa de filtro de aceite y lubricacion para mejorar rendimiento.,Finalizado,2026-03-12 00:00:00,2026-03-13 00:00:00,4532,Cliente informado,Suzuki,GN125,Carlos Mendoza,Alexis Diaz
570,4516,1341,correccion especializada de cambio color y cromado por falla detectada.,Finalizado,2026-03-27 00:00:00,2026-03-31 00:00:00,6055,Entregado,Suzuki,R15,Jose Ramirez,Henry Tellez
571,108,725,mantenimiento preventivo en diagnostico y diagnostico con pruebas posteriores.,Finalizado,2026-03-04 00:00:00,2026-03-04 00:00:00,2667,Entregado,Yamaha,Boxer 150,Carlos Mendoza,Jose Ramirez
572,3636,3276,diagnostico y reparacion de falla y escaneo debido a desgaste.,Finalizado,2026-03-11 00:00:00,2026-03-13 00:00:00,2111,Entregado,Italika,Duke 390,Jose Ramirez,Oscar Reyes
573,3282,4548,mantenimiento preventivo en balanceo y cambio de aceite para mejorar rendimiento.,Finalizado,2026-03-24 00:00:00,2026-03-14 00:00:00,4679,Cliente informado,KTM,Duke 390,Carlos Mendoza,Wilmer Soto
574,892,4236,optimizacion del sistema cambio de aceite y cambio de aceite segun solicitud del cliente.,Finalizado,2026-03-04 00:00:00,2026-03-05 00:00:00,3108,Cliente informado,KTM,Ninja 400,Jose Ramirez,Juan Perez
575,2225,1079,ajuste tecnico de balanceo y bujias y verificacion completa.,Finalizado,2026-03-11 00:00:00,2026-03-01 00:00:00,2565,Entregado,AKT,FT150,Jose Ramirez,Wilmer Soto
576,4160,110,revision completa de radiador y culata debido a desgaste.,Finalizado,2026-03-22 00:00:00,2026-03-22 00:00:00,6306,Cliente informado,Bajaj,XR150L,Carlos Mendoza,Alexis Diaz
577,3304,1765,ajuste tecnico de luces y cableado y verificacion completa.,Finalizado,2026-03-24 00:00:00,2026-03-24 00:00:00,1612,Cliente informado,Suzuki,FZ16,Carlos Mendoza,Juan Perez
578,4794,4493,instalacion y calibracion de bomba de agua y caja de cambios para mejorar rendimiento.,Finalizado,2026-03-02 00:00:00,2026-03-06 00:00:00,4799,Cliente informado,Italika,Boxer 150,Carlos Mendoza,Wilmer Soto
579,4969,3990,instalacion y calibracion de centralita y cableado debido a desgaste.,Finalizado,2026-03-23 00:00:00,2026-03-26 00:00:00,3989,Cliente informado,KTM,Gixxer 250,Jose Ramirez,Victor Rivas
580,800,3519,correccion especializada de revision general y problema debido a desgaste.,Finalizado,2026-03-08 00:00:00,2026-03-10 00:00:00,5883,Entregado,Honda,FZ16,Carlos Mendoza,Francisco Blandon
581,4471,257,inspeccion avanzada de cambio de aceite y filtro de aceite segun solicitud del cliente.,Finalizado,2026-03-15 00:00:00,2026-03-17 00:00:00,4914,Entregado,Kawasaki,Gixxer 250,Carlos Mendoza,Andres Ruiz
582,3352,47,mantenimiento preventivo en eje y chasis y verificacion completa.,Finalizado,2026-03-05 00:00:00,2026-03-05 00:00:00,3682,Cliente informado,Honda,Apache RTR 200,Carlos Mendoza,Erick Gutierrez
583,4782,1361,diagnostico y reparacion de inspeccion y chequeo para mejorar rendimiento.,Finalizado,2026-03-05 00:00:00,2026-03-06 00:00:00,5845,Entregado,KTM,CBR 600RR,Carlos Mendoza,Carlos Mendoza
584,4991,3490,diagnostico y reparacion de suspension deportiva y tuning segun solicitud del cliente.,Finalizado,2026-03-12 00:00:00,2026-03-16 00:00:00,3760,Entregado,Kawasaki,CBR 600RR,Jose Ramirez,Brayan Silva
585,1967,1891,instalacion y calibracion de pintar carroceria y estetico segun solicitud del cliente.,Finalizado,2026-03-02 00:00:00,2026-02-20 00:00:00,3271,Entregado,Honda,Z650,Jose Ramirez,Alexis Diaz
586,2016,1369,servicio integral para falla y chequeo y verificacion completa.,Finalizado,2026-03-02 00:00:00,2026-03-04 00:00:00,1005,Entregado,Yamaha,GSX-R750,Jose Ramirez,Fernando Herrera
587,10,4188,inspeccion avanzada de alineacion y balanceo segun solicitud del cliente.,Finalizado,2026-03-22 00:00:00,2026-03-26 00:00:00,1947,Entregado,Honda,Apache RTR 200,Jose Ramirez,Manuel Vargas
588,3604,5322,optimizacion del sistema embrague y caja de cambios con pruebas posteriores.,Finalizado,2026-03-24 00:00:00,2026-03-26 00:00:00,5812,Cliente informado,Suzuki,Boxer 150,Jose Ramirez,Brayan Silva
589,1634,4956,correccion especializada de motor de arranque y encendido para mejorar rendimiento.,Finalizado,2026-03-18 00:00:00,2026-03-20 00:00:00,1298,Entregado,AKT,Boxer 150,Carlos Mendoza,Wilmer Soto
590,2964,4413,optimizacion del sistema bateria y bateria debido a desgaste.,Finalizado,2026-03-23 00:00:00,2026-03-13 00:00:00,6492,Cliente informado,Italika,Pulsar NS200,Carlos Mendoza,Edwin Chavez
591,3892,3405,instalacion y calibracion de escaneo y ruido debido a desgaste.,Finalizado,2026-03-16 00:00:00,2026-03-16 00:00:00,2702,Cliente informado,Suzuki,Pulsar NS200,Jose Ramirez,Jose Ramirez
592,4207,3151,instalacion y calibracion de sensores y centralita para mejorar rendimiento.,Finalizado,2026-03-23 00:00:00,2026-03-13 00:00:00,3305,Cliente informado,Yamaha,DM200,Jose Ramirez,Carlos Mendoza
593,4824,2599,ajuste tecnico de ruido y diagnostico incluyendo ajuste final.,Finalizado,2026-03-20 00:00:00,2026-03-23 00:00:00,3369,Cliente informado,TVS,Ninja 400,Carlos Mendoza,Roberto Flores
594,948,186,servicio integral para cambio de aceite y chequeo con pruebas posteriores.,Finalizado,2026-03-07 00:00:00,2026-03-10 00:00:00,6240,Entregado,Suzuki,XR150L,Jose Ramirez,Javier Morales
595,1169,708,inspeccion avanzada de calipers y vinilado segun solicitud del cliente.,Finalizado,2026-03-14 00:00:00,2026-03-18 00:00:00,1967,Entregado,KTM,Ninja 400,Jose Ramirez,Jose Ramirez
596,4144,4130,optimizacion del sistema motor de arranque y alternador para mejorar rendimiento.,Finalizado,2026-03-24 00:00:00,2026-03-28 00:00:00,5498,Entregado,Yamaha,GN125,Jose Ramirez,Victor Rivas
597,2046,596,inspeccion avanzada de turbo y camara por falla detectada.,Finalizado,2026-03-23 00:00:00,2026-03-27 00:00:00,6186,Entregado,KTM,Apache RTR 200,Jose Ramirez,Cristian Molina
598,3893,2560,inspeccion avanzada de revision y lubricacion y verificacion completa.,Finalizado,2026-03-03 00:00:00,2026-03-06 00:00:00,5260,Cliente informado,Suzuki,FZ16,Carlos Mendoza,Juan Perez
599,2968,936,instalacion y calibracion de cambio de aceite y balanceo y verificacion completa.,Finalizado,2026-03-12 00:00:00,2026-03-13 00:00:00,5529,Entregado,KTM,Ninja 400,Jose Ramirez,Julio Navarro
600,2795,3364,diagnostico y reparacion de balanceo y lubricacion debido a desgaste.,Entregado,2026-03-09 00:00:00,2026-03-10 00:00:00,5730,Cliente informado,AKT,DM200,Jose Ramirez,Luis Martinez
601,1112,2367,servicio integral para turbo y cromado por falla detectada.,Finalizado,2026-03-17 00:00:00,2026-03-19 00:00:00,5582,Entregado,Yamaha,Duke 390,Carlos Mendoza,Steven Rocha
602,88,1038,correccion especializada de chequeo y bujias por falla detectada.,Finalizado,2026-03-19 00:00:00,2026-03-22 00:00:00,1856,Entregado,Honda,Ninja 400,Jose Ramirez,Miguel Garcia
603,356,5311,mantenimiento preventivo en sonido y kit aerodinamico para mejorar rendimiento.,Finalizado,2026-03-04 00:00:00,2026-03-08 00:00:00,1317,Entregado,Suzuki,CB190R,Carlos Mendoza,Roberto Flores
604,91,4109,mantenimiento preventivo en falla y ruido por falla detectada.,Finalizado,2026-03-08 00:00:00,2026-03-12 00:00:00,2578,Cliente informado,Italika,Apache RTR 200,Jose Ramirez,Cristian Molina
605,3420,2400,servicio integral para polarizado y gps con pruebas posteriores.,Finalizado,2026-03-13 00:00:00,2026-03-14 00:00:00,3946,Entregado,Bajaj,GN125,Jose Ramirez,Oscar Reyes
606,4160,110,revision completa de sensores y sensores y verificacion completa.,Finalizado,2026-03-22 00:00:00,2026-03-22 00:00:00,2450,Cliente informado,Suzuki,Gixxer 250,Carlos Mendoza,Jose Ramirez
607,2071,3721,diagnostico y reparacion de suspension y motor y verificacion completa.,Finalizado,2026-03-04 00:00:00,2026-03-05 00:00:00,5504,Cliente informado,Bajaj,XR150L,Jose Ramirez,Brayan Silva
608,2045,5081,mantenimiento preventivo en embrague y diferencial debido a desgaste.,Finalizado,2026-03-05 00:00:00,2026-03-06 00:00:00,879,Cliente informado,Italika,MT-07,Carlos Mendoza,Samuel Cruz
609,1160,3259,instalacion y calibracion de direccion y distribucion segun solicitud del cliente.,Finalizado,2026-03-21 00:00:00,2026-03-21 00:00:00,3802,Cliente informado,Suzuki,GSX-R750,Carlos Mendoza,Javier Morales
610,3574,2443,revision completa de cambio de aceite y chequeo con pruebas posteriores.,Finalizado,2026-03-26 00:00:00,2026-03-28 00:00:00,2625,Cliente informado,Suzuki,XR150L,Carlos Mendoza,Javier Morales
611,2697,2328,optimizacion del sistema filtro de aceite y lubricacion y verificacion completa.,Finalizado,2026-03-25 00:00:00,2026-03-25 00:00:00,3009,Entregado,Kawasaki,CBR 600RR,Carlos Mendoza,Eduardo Castro
612,2563,2610,ajuste tecnico de sistema electrico y bateria segun solicitud del cliente.,Finalizado,2026-03-28 00:00:00,2026-03-28 00:00:00,4687,Entregado,Honda,NKD 125,Carlos Mendoza,Daniel Castillo
613,3615,2346,ajuste tecnico de falla y falla y verificacion completa.,Finalizado,2026-03-20 00:00:00,2026-03-21 00:00:00,3787,Entregado,TVS,Ninja 400,Jose Ramirez,Wilmer Soto
614,2023,3306,servicio integral para luces y sensores por falla detectada.,Finalizado,2026-03-04 00:00:00,2026-03-05 00:00:00,5227,Cliente informado,Italika,Apache RTR 200,Jose Ramirez,Mario Lopez
615,4154,4528,revision completa de filtro de aceite y filtro de aire segun solicitud del cliente.,Finalizado,2026-03-08 00:00:00,2026-03-12 00:00:00,4011,Entregado,Bajaj,DM200,Carlos Mendoza,Brayan Silva
616,1336,3821,diagnostico y reparacion de potencia y pintar carroceria para mejorar rendimiento.,Finalizado,2026-03-20 00:00:00,2026-03-24 00:00:00,3300,Entregado,Yamaha,CBR 600RR,Jose Ramirez,Henry Tellez
617,1046,2124,diagnostico y reparacion de chequeo y revision general incluyendo ajuste final.,Finalizado,2026-03-23 00:00:00,2026-03-24 00:00:00,3044,Cliente informado,KTM,XR150L,Carlos Mendoza,Manuel Vargas
618,2697,2328,correccion especializada de biela y culata segun solicitud del cliente.,Finalizado,2026-03-25 00:00:00,2026-03-25 00:00:00,2818,Entregado,Yamaha,FT150,Jose Ramirez,Cristian Molina
619,1040,5177,ajuste tecnico de revision general y revision general incluyendo ajuste final.,Finalizado,2026-03-17 00:00:00,2026-03-21 00:00:00,3669,Entregado,TVS,CBR 600RR,Carlos Mendoza,Brayan Silva
620,1681,1471,servicio integral para motor y arbol de levas con pruebas posteriores.,Finalizado,2026-03-26 00:00:00,2026-03-26 00:00:00,3482,Entregado,Yamaha,CB190R,Carlos Mendoza,Steven Rocha
621,4823,1916,correccion especializada de encendido y centralita incluyendo ajuste final.,Finalizado,2026-03-15 00:00:00,2026-03-16 00:00:00,1240,Entregado,Honda,Duke 390,Jose Ramirez,Steven Rocha
622,1891,2066,ajuste tecnico de cableado y alternador por falla detectada.,Finalizado,2026-03-18 00:00:00,2026-03-18 00:00:00,5203,Cliente informado,Italika,Boxer 150,Carlos Mendoza,Brayan Silva
623,1870,4841,servicio integral para centralita y cableado y verificacion completa.,Finalizado,2026-03-27 00:00:00,2026-03-28 00:00:00,1781,Cliente informado,Italika,FT150,Jose Ramirez,Kevin Torres
624,2297,2569,instalacion y calibracion de bujias y chequeo segun solicitud del cliente.,Finalizado,2026-03-03 00:00:00,2026-03-03 00:00:00,6078,Cliente informado,Italika,Gixxer 250,Jose Ramirez,Brayan Silva
625,1631,1774,revision completa de estetico y estetico y verificacion completa.,Finalizado,2026-03-17 00:00:00,2026-03-20 00:00:00,1196,Entregado,KTM,Pulsar NS200,Jose Ramirez,Jose Ramirez
626,2144,4165,correccion especializada de audio y potencia con pruebas posteriores.,Finalizado,2026-03-08 00:00:00,2026-03-09 00:00:00,5140,Entregado,Suzuki,GN125,Carlos Mendoza,Luis Martinez
627,3492,5265,inspeccion avanzada de filtro de aire y filtro de aceite y verificacion completa.,Finalizado,2026-03-24 00:00:00,2026-03-28 00:00:00,3850,Cliente informado,Honda,Apache RTR 200,Jose Ramirez,Samuel Cruz
628,2860,5193,servicio integral para lubricacion y chequeo para mejorar rendimiento.,Finalizado,2026-03-15 00:00:00,2026-03-15 00:00:00,5981,Cliente informado,KTM,Boxer 150,Jose Ramirez,Eduardo Castro
629,1874,4946,optimizacion del sistema bomba de agua y frenos segun solicitud del cliente.,Finalizado,2026-03-20 00:00:00,2026-03-23 00:00:00,1791,Entregado,Honda,NKD 125,Carlos Mendoza,Francisco Blandon
630,3870,5192,instalacion y calibracion de aleron y kit aerodinamico incluyendo ajuste final.,Finalizado,2026-03-05 00:00:00,2026-03-08 00:00:00,1021,Entregado,Bajaj,Pulsar NS200,Carlos Mendoza,Samuel Cruz
631,2791,4963,correccion especializada de camara y audio debido a desgaste.,Finalizado,2026-03-10 00:00:00,2026-03-10 00:00:00,5645,Entregado,Suzuki,Ninja 400,Carlos Mendoza,Julio Navarro
632,3806,2037,optimizacion del sistema chasis y eje con pruebas posteriores.,Entregado,2026-03-15 00:00:00,2026-03-19 00:00:00,2367,Cliente informado,Yamaha,NKD 125,Carlos Mendoza,Alexis Diaz
633,4993,5047,servicio integral para alternador y alternador incluyendo ajuste final.,Finalizado,2026-03-18 00:00:00,2026-03-19 00:00:00,5876,Entregado,AKT,XR150L,Jose Ramirez,Luis Martinez
634,3988,2505,optimizacion del sistema revision general y chequeo con pruebas posteriores.,Finalizado,2026-02-28 00:00:00,2026-03-03 00:00:00,2722,Cliente informado,Yamaha,Gixxer 250,Jose Ramirez,Alexis Diaz
635,3085,5282,revision completa de sensores y sensores con pruebas posteriores.,Finalizado,2026-03-16 00:00:00,2026-03-16 00:00:00,3853,Cliente informado,Suzuki,Ninja 400,Carlos Mendoza,Carlos Mendoza
636,2546,429,optimizacion del sistema cableado y sistema electrico y verificacion completa.,Finalizado,2026-03-08 00:00:00,2026-03-10 00:00:00,2628,Cliente informado,Italika,R15,Jose Ramirez,Brayan Silva
637,584,62,correccion especializada de encendido y alternador incluyendo ajuste final.,Finalizado,2026-03-18 00:00:00,2026-03-21 00:00:00,2548,Entregado,Yamaha,CB190R,Jose Ramirez,Julio Navarro
638,2458,2190,optimizacion del sistema amortiguadores y chasis incluyendo ajuste final.,Finalizado,2026-03-07 00:00:00,2026-03-08 00:00:00,3168,Cliente informado,Suzuki,XR150L,Jose Ramirez,Manuel Vargas
639,3473,214,instalacion y calibracion de bateria y alternador debido a desgaste.,Finalizado,2026-03-16 00:00:00,2026-03-06 00:00:00,3785,Entregado,KTM,XR150L,Jose Ramirez,Francisco Blandon
640,4261,977,revision completa de ruido y evaluacion y verificacion completa.,Finalizado,2026-03-08 00:00:00,2026-03-10 00:00:00,2617,Entregado,Italika,RC 200,Carlos Mendoza,Victor Rivas
641,2797,1674,inspeccion avanzada de frenos deportivos y gps debido a desgaste.,Finalizado,2026-03-26 00:00:00,2026-03-27 00:00:00,2762,Entregado,KTM,Apache RTR 200,Carlos Mendoza,Luis Martinez
642,1028,905,ajuste tecnico de bujias y bujias para mejorar rendimiento.,Finalizado,2026-03-21 00:00:00,2026-03-23 00:00:00,2403,Entregado,Italika,R15,Carlos Mendoza,Erick Gutierrez
643,1930,5186,diagnostico y reparacion de inspeccion y falla debido a desgaste.,Finalizado,2026-03-16 00:00:00,2026-03-16 00:00:00,2001,Entregado,AKT,RC 200,Jose Ramirez,Oscar Reyes
644,2279,3464,servicio integral para revision y bujias y verificacion completa.,Finalizado,2026-03-06 00:00:00,2026-03-08 00:00:00,6288,Cliente informado,Italika,Ninja 400,Carlos Mendoza,Francisco Blandon
645,3243,3177,revision completa de filtro de aceite y filtro de aceite con pruebas posteriores.,Finalizado,2026-03-11 00:00:00,2026-03-12 00:00:00,600,Entregado,Bajaj,CB190R,Jose Ramirez,Roberto Flores
646,1076,1896,optimizacion del sistema falla y chequeo segun solicitud del cliente.,Finalizado,2026-03-19 00:00:00,2026-03-23 00:00:00,505,Entregado,KTM,FZ16,Carlos Mendoza,Juan Perez
647,4449,923,optimizacion del sistema escaneo y escaneo segun solicitud del cliente.,Finalizado,2026-03-21 00:00:00,2026-03-21 00:00:00,2738,Entregado,Kawasaki,CBR 600RR,Jose Ramirez,Carlos Mendoza
648,4666,3999,instalacion y calibracion de arbol de levas y ciguenal para mejorar rendimiento.,Finalizado,2026-03-14 00:00:00,2026-03-16 00:00:00,2270,Cliente informado,AKT,Z650,Carlos Mendoza,Miguel Garcia
649,2497,3063,instalacion y calibracion de calipers y cambio color con pruebas posteriores.,Finalizado,2026-03-06 00:00:00,2026-03-08 00:00:00,1913,Cliente informado,Kawasaki,Z650,Carlos Mendoza,Oscar Reyes
650,243,186,diagnostico y reparacion de diagnostico y problema con pruebas posteriores.,En proceso,2026-03-02 00:00:00,2026-03-06 00:00:00,2654,Entregado,KTM,Apache RTR 200,Carlos Mendoza,Andres Ruiz
651,4633,3663,optimizacion del sistema sensores y bateria y verificacion completa.,Finalizado,2026-03-14 00:00:00,2026-03-18 00:00:00,5783,Cliente informado,AKT,RC 200,Jose Ramirez,Javier Morales
652,3504,1781,revision completa de filtro de aceite y balanceo con pruebas posteriores.,Finalizado,2026-03-27 00:00:00,2026-03-27 00:00:00,616,Cliente informado,Honda,CB190R,Carlos Mendoza,Manuel Vargas
653,4351,3126,revision completa de balanceo y bujias para mejorar rendimiento.,Finalizado,2026-03-19 00:00:00,2026-03-20 00:00:00,6047,Cliente informado,Honda,FZ16,Carlos Mendoza,Juan Perez
654,1847,4268,correccion especializada de actualizacion de software y reprogramacion debido a desgaste.,Finalizado,2026-03-24 00:00:00,2026-03-26 00:00:00,2827,Entregado,KTM,RC 200,Carlos Mendoza,Roberto Flores
655,3563,591,inspeccion avanzada de fibra de carbono y audio debido a desgaste.,Finalizado,2026-03-24 00:00:00,2026-03-25 00:00:00,6494,Cliente informado,Italika,Pulsar NS200,Jose Ramirez,Juan Perez
656,977,3741,inspeccion avanzada de carroceria y diferencial y verificacion completa.,Finalizado,2026-03-14 00:00:00,2026-03-16 00:00:00,4601,Entregado,Suzuki,MT-07,Carlos Mendoza,Henry Tellez
657,1274,4766,servicio integral para filtro de aire y revision por falla detectada.,Finalizado,2026-03-09 00:00:00,2026-03-09 00:00:00,3519,Entregado,AKT,Z650,Jose Ramirez,Edwin Chavez
658,201,1463,instalacion y calibracion de test y revision general para mejorar rendimiento.,Entregado,2026-03-17 00:00:00,2026-03-18 00:00:00,1191,Cliente informado,KTM,GSX-R750,Carlos Mendoza,Cristian Molina
659,2516,3208,ajuste tecnico de calipers y tuning por falla detectada.,Finalizado,2026-03-20 00:00:00,2026-03-23 00:00:00,4338,Entregado,Bajaj,Pulsar NS200,Carlos Mendoza,Kevin Torres
660,2851,2915,diagnostico y reparacion de arbol de levas y motor incluyendo ajuste final.,Finalizado,2026-03-20 00:00:00,2026-03-23 00:00:00,1596,Entregado,AKT,DM200,Carlos Mendoza,Luis Martinez
661,25,826,revision completa de test y falla por falla detectada.,Finalizado,2026-03-22 00:00:00,2026-03-22 00:00:00,2959,Entregado,AKT,RC 200,Jose Ramirez,Javier Morales
662,3476,1832,correccion especializada de revision y revision por falla detectada.,Finalizado,2026-03-16 00:00:00,2026-03-18 00:00:00,3480,Entregado,Suzuki,CBR 600RR,Carlos Mendoza,Mario Lopez
663,4540,1036,ajuste tecnico de radiador y direccion incluyendo ajuste final.,Finalizado,2026-03-12 00:00:00,2026-03-12 00:00:00,2174,Entregado,Yamaha,Pulsar NS200,Jose Ramirez,Juan Perez
664,4237,5070,inspeccion avanzada de chequeo y chequeo debido a desgaste.,Finalizado,2026-03-12 00:00:00,2026-03-12 00:00:00,6486,Cliente informado,Italika,RC 200,Carlos Mendoza,Francisco Blandon
665,3315,1733,optimizacion del sistema sensores y luces incluyendo ajuste final.,Finalizado,2026-03-02 00:00:00,2026-03-06 00:00:00,1513,Cliente informado,Honda,GN125,Carlos Mendoza,Daniel Castillo
666,3295,3651,mantenimiento preventivo en luces led y modificacion por falla detectada.,Finalizado,2026-03-19 00:00:00,2026-03-21 00:00:00,4491,Entregado,Bajaj,RC 200,Jose Ramirez,Edwin Chavez
667,3648,1756,servicio integral para inspeccion y inspeccion con pruebas posteriores.,Finalizado,2026-03-07 00:00:00,2026-03-10 00:00:00,2435,Cliente informado,AKT,Gixxer 250,Carlos Mendoza,Juan Perez
668,2474,5253,servicio integral para sistema electrico y centralita incluyendo ajuste final.,Finalizado,2026-03-18 00:00:00,2026-03-21 00:00:00,6334,Cliente informado,Yamaha,NKD 125,Carlos Mendoza,Oscar Reyes
669,3720,3889,diagnostico y reparacion de fallo electrico y motor de arranque y verificacion completa.,Finalizado,2026-03-26 00:00:00,2026-03-30 00:00:00,2949,Entregado,Kawasaki,NKD 125,Carlos Mendoza,Miguel Garcia
670,2697,2328,revision completa de calipers y potencia segun solicitud del cliente.,Finalizado,2026-03-25 00:00:00,2026-03-25 00:00:00,1528,Entregado,Bajaj,GN125,Jose Ramirez,Juan Perez
671,2479,5175,mantenimiento preventivo en luces y luces con pruebas posteriores.,Finalizado,2026-03-19 00:00:00,2026-03-22 00:00:00,5655,Entregado,Bajaj,XR150L,Carlos Mendoza,Francisco Blandon
672,3863,2714,servicio integral para centralita y bateria para mejorar rendimiento.,Finalizado,2026-03-03 00:00:00,2026-03-05 00:00:00,3195,Cliente informado,KTM,GN125,Jose Ramirez,Wilmer Soto
673,1721,4490,diagnostico y reparacion de escaneo y diagnostico para mejorar rendimiento.,Finalizado,2026-02-28 00:00:00,2026-03-04 00:00:00,1270,Cliente informado,Suzuki,Boxer 150,Carlos Mendoza,Cristian Molina
674,682,2567,revision completa de diagnostico y escaneo para mejorar rendimiento.,Finalizado,2026-03-26 00:00:00,2026-03-16 00:00:00,578,Entregado,KTM,MT-07,Carlos Mendoza,Luis Martinez
675,1508,1912,inspeccion avanzada de sistema electrico y sensores para mejorar rendimiento.,Entregado,2026-03-12 00:00:00,2026-03-16 00:00:00,797,Cliente informado,Italika,Apache RTR 200,Jose Ramirez,Kevin Torres
676,4381,2542,instalacion y calibracion de test y diagnostico para mejorar rendimiento.,Finalizado,2026-03-03 00:00:00,2026-03-07 00:00:00,6176,Entregado,Yamaha,Duke 390,Jose Ramirez,Manuel Vargas
677,836,1612,ajuste tecnico de problema y inspeccion incluyendo ajuste final.,Finalizado,2026-03-13 00:00:00,2026-03-17 00:00:00,2878,Cliente informado,Honda,MT-07,Jose Ramirez,Javier Morales
678,4204,3572,diagnostico y reparacion de motor y radiador y verificacion completa.,Finalizado,2026-03-07 00:00:00,2026-03-09 00:00:00,6383,Cliente informado,Yamaha,CBR 600RR,Carlos Mendoza,Daniel Castillo
679,4516,1341,instalacion y calibracion de reprogramacion y potencia debido a desgaste.,Finalizado,2026-03-27 00:00:00,2026-03-31 00:00:00,707,Entregado,Suzuki,Gixxer 250,Jose Ramirez,Steven Rocha
680,2873,2693,revision completa de cromado y velocidad debido a desgaste.,Finalizado,2026-03-02 00:00:00,2026-03-05 00:00:00,1362,Cliente informado,Honda,Apache RTR 200,Carlos Mendoza,Francisco Blandon
681,2780,4120,diagnostico y reparacion de cableado y luces por falla detectada.,Finalizado,2026-03-11 00:00:00,2026-03-11 00:00:00,5828,Entregado,Kawasaki,FT150,Jose Ramirez,Eduardo Castro
682,4709,4253,inspeccion avanzada de cromado y modificacion debido a desgaste.,Finalizado,2026-03-03 00:00:00,2026-03-05 00:00:00,2311,Entregado,Honda,CBR 600RR,Carlos Mendoza,Edwin Chavez
683,802,4972,inspeccion avanzada de amortiguadores y bomba de agua debido a desgaste.,Finalizado,2026-03-16 00:00:00,2026-03-17 00:00:00,2032,Cliente informado,Suzuki,NKD 125,Carlos Mendoza,Julio Navarro
684,3745,1361,correccion especializada de cambio de aceite y filtro de aceite incluyendo ajuste final.,Finalizado,2026-03-18 00:00:00,2026-03-21 00:00:00,3803,Entregado,KTM,Duke 390,Carlos Mendoza,Wilmer Soto
685,1098,459,instalacion y calibracion de chip y chip segun solicitud del cliente.,Finalizado,2026-03-03 00:00:00,2026-03-06 00:00:00,5468,Cliente informado,Yamaha,Duke 390,Carlos Mendoza,Steven Rocha
686,4988,4827,correccion especializada de lubricacion y cambio de aceite incluyendo ajuste final.,Finalizado,2026-03-15 00:00:00,2026-03-19 00:00:00,1496,Entregado,Bajaj,Apache RTR 200,Carlos Mendoza,Jose Ramirez
687,4415,656,diagnostico y reparacion de transmision y culata y verificacion completa.,Finalizado,2026-03-01 00:00:00,2026-03-03 00:00:00,3033,Entregado,Yamaha,NKD 125,Carlos Mendoza,Mario Lopez
688,1069,3715,servicio integral para camara y luces led segun solicitud del cliente.,Finalizado,2026-03-08 00:00:00,2026-03-12 00:00:00,4127,Entregado,KTM,Ninja 400,Carlos Mendoza,Miguel Garcia
689,2795,3364,revision completa de pintar carroceria y fibra de carbono y verificacion completa.,Entregado,2026-03-09 00:00:00,2026-03-10 00:00:00,4889,Cliente informado,Kawasaki,R15,Jose Ramirez,Wilmer Soto
690,924,2487,mantenimiento preventivo en encendido y sistema electrico debido a desgaste.,Finalizado,2026-03-29 00:00:00,2026-03-31 00:00:00,3074,Cliente informado,Yamaha,R15,Carlos Mendoza,Steven Rocha
691,4766,3833,revision completa de pistones y culata por falla detectada.,Finalizado,2026-03-11 00:00:00,2026-03-14 00:00:00,1327,Cliente informado,Yamaha,Ninja 400,Jose Ramirez,Edwin Chavez
692,4924,2464,diagnostico y reparacion de escaneo y diagnostico para mejorar rendimiento.,Finalizado,2026-03-23 00:00:00,2026-03-26 00:00:00,4802,Entregado,Bajaj,FZ16,Carlos Mendoza,Mario Lopez
693,4894,2139,instalacion y calibracion de revision y cambio de aceite incluyendo ajuste final.,Entregado,2026-03-03 00:00:00,2026-03-07 00:00:00,1686,Cliente informado,Kawasaki,XR150L,Carlos Mendoza,Fernando Herrera
694,4913,5187,diagnostico y reparacion de chequeo y evaluacion y verificacion completa.,Finalizado,2026-03-04 00:00:00,2026-03-05 00:00:00,5813,Entregado,Honda,XR150L,Jose Ramirez,Jose Ramirez
695,4127,3408,servicio integral para cambio de aceite y lubricacion segun solicitud del cliente.,Finalizado,2026-03-02 00:00:00,2026-02-20 00:00:00,4824,Entregado,Kawasaki,DM200,Jose Ramirez,Brayan Silva
696,4801,4467,correccion especializada de vinilado y cromado incluyendo ajuste final.,Finalizado,2026-03-17 00:00:00,2026-03-07 00:00:00,3891,Cliente informado,Suzuki,GSX-R750,Jose Ramirez,Carlos Mendoza
697,4540,1036,mantenimiento preventivo en alineacion y filtro de aire para mejorar rendimiento.,Finalizado,2026-03-12 00:00:00,2026-03-12 00:00:00,6009,Entregado,Suzuki,Z650,Carlos Mendoza,Jose Ramirez
698,800,5194,mantenimiento preventivo en balanceo y alineacion incluyendo ajuste final.,Finalizado,2026-03-01 00:00:00,2026-03-05 00:00:00,3314,Entregado,Suzuki,Ninja 400,Carlos Mendoza,Juan Perez
699,2043,1768,instalacion y calibracion de distribucion y direccion con pruebas posteriores.,Finalizado,2026-03-26 00:00:00,2026-03-26 00:00:00,2823,Entregado,Kawasaki,R15,Carlos Mendoza,Miguel Garcia
700,1988,1627,ajuste tecnico de chequeo y niveles por falla detectada.,Finalizado,2026-03-29 00:00:00,2026-03-30 00:00:00,3152,Cliente informado,Yamaha,Z650,Jose Ramirez,Victor Rivas
701,52,2054,instalacion y calibracion de suspension y carroceria por falla detectada.,En proceso,2026-02-28 00:00:00,2026-03-03 00:00:00,3985,Entregado,Honda,Pulsar NS200,Carlos Mendoza,Javier Morales
702,3463,4494,optimizacion del sistema lubricacion y alineacion incluyendo ajuste final.,Finalizado,2026-03-24 00:00:00,2026-03-28 00:00:00,6292,Entregado,AKT,Boxer 150,Jose Ramirez,Edwin Chavez
703,3024,6,ajuste tecnico de caja de cambios y arbol de levas segun solicitud del cliente.,Finalizado,2026-03-08 00:00:00,2026-03-10 00:00:00,2673,Cliente informado,AKT,Duke 390,Jose Ramirez,Jose Ramirez
704,4445,1331,ajuste tecnico de reprogramacion y luces led y verificacion completa.,Finalizado,2026-03-04 00:00:00,2026-03-07 00:00:00,4333,Entregado,Italika,Ninja 400,Carlos Mendoza,Manuel Vargas
705,3563,591,inspeccion avanzada de sistema electrico y cableado para mejorar rendimiento.,Finalizado,2026-03-24 00:00:00,2026-03-25 00:00:00,6072,Cliente informado,Yamaha,NKD 125,Jose Ramirez,Brayan Silva
706,3118,2901,inspeccion avanzada de chasis y transmision para mejorar rendimiento.,Finalizado,2026-03-19 00:00:00,2026-03-23 00:00:00,5352,Cliente informado,Suzuki,DM200,Jose Ramirez,Carlos Mendoza
707,2888,5215,inspeccion avanzada de fallo electrico y sensores debido a desgaste.,Finalizado,2026-03-04 00:00:00,2026-03-05 00:00:00,4693,Entregado,Bajaj,Z650,Carlos Mendoza,Samuel Cruz
708,2527,2575,optimizacion del sistema bujias y chequeo para mejorar rendimiento.,Finalizado,2026-03-16 00:00:00,2026-03-18 00:00:00,594,Entregado,Bajaj,Gixxer 250,Carlos Mendoza,Brayan Silva
709,695,4490,optimizacion del sistema turbo y actualizacion de software y verificacion completa.,Finalizado,2026-03-17 00:00:00,2026-03-07 00:00:00,3935,Cliente informado,Honda,CBR 600RR,Jose Ramirez,Fernando Herrera
710,2546,4930,revision completa de motor y transmision y verificacion completa.,Finalizado,2026-03-15 00:00:00,2026-03-18 00:00:00,5803,Entregado,Suzuki,CB190R,Carlos Mendoza,Samuel Cruz
711,4041,2501,ajuste tecnico de lubricacion y chequeo segun solicitud del cliente.,Finalizado,2026-03-01 00:00:00,2026-03-01 00:00:00,1695,Cliente informado,Kawasaki,GN125,Carlos Mendoza,Francisco Blandon
712,4798,637,mantenimiento preventivo en cambio de aceite y lubricacion para mejorar rendimiento.,Finalizado,2026-03-13 00:00:00,2026-03-15 00:00:00,1294,Cliente informado,AKT,MT-07,Carlos Mendoza,Oscar Reyes
713,466,331,instalacion y calibracion de modificacion y sensores de estacionamiento y verificacion completa.,Finalizado,2026-03-10 00:00:00,2026-03-10 00:00:00,2334,Cliente informado,Yamaha,GN125,Carlos Mendoza,Erick Gutierrez
714,135,606,diagnostico y reparacion de encendido y encendido segun solicitud del cliente.,Finalizado,2026-03-14 00:00:00,2026-03-15 00:00:00,967,Entregado,TVS,Apache RTR 200,Jose Ramirez,Daniel Castillo
715,315,3035,instalacion y calibracion de pantalla y kit aerodinamico por falla detectada.,Finalizado,2026-03-07 00:00:00,2026-03-10 00:00:00,4682,Entregado,Yamaha,NKD 125,Jose Ramirez,Wilmer Soto
716,3722,460,mantenimiento preventivo en aleron y modificacion con pruebas posteriores.,Finalizado,2026-02-28 00:00:00,2026-02-28 00:00:00,2315,Cliente informado,Italika,Ninja 400,Jose Ramirez,Brayan Silva
717,1856,3063,inspeccion avanzada de personalizacion y cromado para mejorar rendimiento.,Finalizado,2026-03-01 00:00:00,2026-03-03 00:00:00,1091,Cliente informado,Suzuki,XR150L,Jose Ramirez,Javier Morales
718,3977,4270,servicio integral para reprogramacion y tuning incluyendo ajuste final.,Finalizado,2026-03-19 00:00:00,2026-03-20 00:00:00,5896,Entregado,Honda,Ninja 400,Carlos Mendoza,Julio Navarro
719,2396,3570,servicio integral para cambio color y reprogramacion para mejorar rendimiento.,Finalizado,2026-03-10 00:00:00,2026-03-12 00:00:00,4052,Entregado,Suzuki,NKD 125,Jose Ramirez,Fernando Herrera
720,4518,4325,inspeccion avanzada de vinilado y camara con pruebas posteriores.,Finalizado,2026-03-01 00:00:00,2026-03-02 00:00:00,5112,Entregado,AKT,CB190R,Carlos Mendoza,Mario Lopez
721,4949,2492,instalacion y calibracion de chequeo y filtro de aire y verificacion completa.,Entregado,2026-03-01 00:00:00,2026-03-02 00:00:00,3997,Entregado,Suzuki,Apache RTR 200,Carlos Mendoza,Jose Ramirez
722,2071,3721,inspeccion avanzada de lubricacion y niveles con pruebas posteriores.,Finalizado,2026-03-04 00:00:00,2026-03-05 00:00:00,3530,Cliente informado,Bajaj,XR150L,Carlos Mendoza,Luis Martinez
723,2447,786,ajuste tecnico de centralita y alternador y verificacion completa.,Finalizado,2026-03-23 00:00:00,2026-03-26 00:00:00,1293,Entregado,Yamaha,Pulsar NS200,Carlos Mendoza,Julio Navarro
724,4755,5309,correccion especializada de inspeccion y chequeo por falla detectada.,Finalizado,2026-02-28 00:00:00,2026-02-18 00:00:00,2144,Cliente informado,Yamaha,CBR 600RR,Jose Ramirez,Javier Morales
725,1148,1056,mantenimiento preventivo en fallo electrico y motor de arranque por falla detectada.,Finalizado,2026-03-25 00:00:00,2026-03-28 00:00:00,1365,Cliente informado,Yamaha,Apache RTR 200,Jose Ramirez,Roberto Flores
726,1285,4779,servicio integral para falla y ruido debido a desgaste.,Finalizado,2026-03-02 00:00:00,2026-02-20 00:00:00,1942,Cliente informado,Bajaj,MT-07,Carlos Mendoza,Henry Tellez
727,4516,1341,diagnostico y reparacion de encendido y bateria para mejorar rendimiento.,Finalizado,2026-03-27 00:00:00,2026-03-31 00:00:00,5885,Entregado,Kawasaki,CBR 600RR,Jose Ramirez,Edwin Chavez
728,249,4449,inspeccion avanzada de fallo electrico y motor de arranque para mejorar rendimiento.,Finalizado,2026-03-01 00:00:00,2026-02-19 00:00:00,2789,Entregado,Suzuki,MT-07,Jose Ramirez,Kevin Torres
729,2780,4120,diagnostico y reparacion de alineacion y revision segun solicitud del cliente.,Finalizado,2026-03-11 00:00:00,2026-03-11 00:00:00,5373,Entregado,Honda,DM200,Jose Ramirez,Wilmer Soto
730,4161,5158,servicio integral para bujias y chequeo por falla detectada.,Finalizado,2026-03-06 00:00:00,2026-03-06 00:00:00,2246,Cliente informado,KTM,Boxer 150,Jose Ramirez,Mario Lopez
731,1898,4483,inspeccion avanzada de lubricacion y niveles segun solicitud del cliente.,Finalizado,2026-03-18 00:00:00,2026-03-22 00:00:00,4511,Entregado,AKT,Boxer 150,Carlos Mendoza,Luis Martinez
732,1988,1627,diagnostico y reparacion de diferencial y ciguenal incluyendo ajuste final.,Finalizado,2026-03-29 00:00:00,2026-03-30 00:00:00,3094,Cliente informado,Honda,Z650,Jose Ramirez,Alexis Diaz
733,2546,4930,correccion especializada de motor de arranque y bateria con pruebas posteriores.,Finalizado,2026-03-15 00:00:00,2026-03-18 00:00:00,2090,Entregado,Honda,Boxer 150,Jose Ramirez,Samuel Cruz
734,1249,3244,optimizacion del sistema problema y falla con pruebas posteriores.,Finalizado,2026-03-14 00:00:00,2026-03-16 00:00:00,4394,Entregado,Bajaj,Gixxer 250,Jose Ramirez,Javier Morales
735,3273,4195,revision completa de alineacion y filtro de aceite para mejorar rendimiento.,Finalizado,2026-03-16 00:00:00,2026-03-19 00:00:00,2227,Cliente informado,Honda,GN125,Jose Ramirez,Manuel Vargas
736,1009,2926,mantenimiento preventivo en escaneo y problema por falla detectada.,Finalizado,2026-03-05 00:00:00,2026-03-08 00:00:00,5254,Cliente informado,Yamaha,Duke 390,Jose Ramirez,Cristian Molina
737,4137,1039,diagnostico y reparacion de bateria y luces incluyendo ajuste final.,Finalizado,2026-03-23 00:00:00,2026-03-25 00:00:00,3251,Cliente informado,Honda,FZ16,Carlos Mendoza,Fernando Herrera
738,1960,2496,ajuste tecnico de ruido y evaluacion por falla detectada.,Finalizado,2026-03-01 00:00:00,2026-03-05 00:00:00,1014,Cliente informado,Bajaj,DM200,Jose Ramirez,Daniel Castillo
739,2795,3364,instalacion y calibracion de escaneo y evaluacion y verificacion completa.,Entregado,2026-03-09 00:00:00,2026-03-10 00:00:00,1832,Cliente informado,AKT,CBR 600RR,Carlos Mendoza,Erick Gutierrez
740,3304,1765,servicio integral para revision y niveles incluyendo ajuste final.,Finalizado,2026-03-24 00:00:00,2026-03-24 00:00:00,6420,Cliente informado,Bajaj,XR150L,Carlos Mendoza,Fernando Herrera
741,4257,465,correccion especializada de bujias y filtro de aceite por falla detectada.,Finalizado,2026-03-22 00:00:00,2026-03-23 00:00:00,932,Entregado,Honda,NKD 125,Carlos Mendoza,Julio Navarro
742,195,2633,ajuste tecnico de encendido y sensores y verificacion completa.,Finalizado,2026-03-28 00:00:00,2026-04-01 00:00:00,5801,Cliente informado,Italika,Gixxer 250,Carlos Mendoza,Samuel Cruz
743,1801,2615,instalacion y calibracion de filtro de aceite y revision con pruebas posteriores.,Finalizado,2026-03-02 00:00:00,2026-03-03 00:00:00,4316,Entregado,Honda,Duke 390,Carlos Mendoza,Samuel Cruz
744,2521,3314,servicio integral para filtro de aceite y niveles para mejorar rendimiento.,Finalizado,2026-03-06 00:00:00,2026-03-08 00:00:00,1721,Entregado,Suzuki,Pulsar NS200,Carlos Mendoza,Daniel Castillo
745,3416,621,diagnostico y reparacion de frenos deportivos y chip por falla detectada.,Finalizado,2026-03-26 00:00:00,2026-03-29 00:00:00,3774,Cliente informado,Suzuki,RC 200,Carlos Mendoza,Javier Morales
746,3935,823,revision completa de bateria y sensores para mejorar rendimiento.,Finalizado,2026-02-28 00:00:00,2026-03-01 00:00:00,6424,Entregado,Honda,Ninja 400,Carlos Mendoza,Juan Perez
747,4313,2663,mantenimiento preventivo en fibra de carbono y polarizado incluyendo ajuste final.,Finalizado,2026-03-17 00:00:00,2026-03-17 00:00:00,4689,Entregado,Yamaha,NKD 125,Jose Ramirez,Miguel Garcia
748,4798,637,servicio integral para cambio color y actualizacion de software y verificacion completa.,Finalizado,2026-03-13 00:00:00,2026-03-15 00:00:00,2086,Cliente informado,Suzuki,Pulsar NS200,Jose Ramirez,Kevin Torres
749,4160,110,servicio integral para amortiguadores y suspension para mejorar rendimiento.,Finalizado,2026-03-22 00:00:00,2026-03-22 00:00:00,5229,Cliente informado,KTM,Boxer 150,Carlos Mendoza,Brayan Silva
750,3770,1561,optimizacion del sistema frenos deportivos y kit aerodinamico para mejorar rendimiento.,Finalizado,2026-03-11 00:00:00,2026-03-14 00:00:00,2478,Cliente informado,TVS,Gixxer 250,Jose Ramirez,Manuel Vargas
751,2964,4413,inspeccion avanzada de sensores y encendido con pruebas posteriores.,Finalizado,2026-03-23 00:00:00,2026-03-13 00:00:00,2490,Cliente informado,Suzuki,Gixxer 250,Carlos Mendoza,Juan Perez
752,4455,3528,mantenimiento preventivo en actualizacion de software y escape deportivo para mejorar rendimiento.,Finalizado,2026-03-20 00:00:00,2026-03-20 00:00:00,722,Cliente informado,Yamaha,RC 200,Carlos Mendoza,Steven Rocha
753,4522,4978,instalacion y calibracion de chequeo y revision por falla detectada.,Finalizado,2026-03-11 00:00:00,2026-03-11 00:00:00,2833,Entregado,TVS,Gixxer 250,Jose Ramirez,Andres Ruiz
754,2409,3572,servicio integral para alternador y fallo electrico incluyendo ajuste final.,Finalizado,2026-03-10 00:00:00,2026-03-13 00:00:00,2268,Cliente informado,TVS,Apache RTR 200,Jose Ramirez,Wilmer Soto
755,4969,3990,diagnostico y reparacion de filtro de aire y filtro de aceite segun solicitud del cliente.,Finalizado,2026-03-23 00:00:00,2026-03-26 00:00:00,2323,Cliente informado,Kawasaki,Gixxer 250,Carlos Mendoza,Oscar Reyes
756,2902,4468,revision completa de ruido y inspeccion y verificacion completa.,Finalizado,2026-03-01 00:00:00,2026-03-01 00:00:00,4101,Cliente informado,AKT,Duke 390,Jose Ramirez,Edwin Chavez
757,3658,2567,servicio integral para niveles y balanceo para mejorar rendimiento.,Finalizado,2026-03-17 00:00:00,2026-03-17 00:00:00,4747,Cliente informado,Honda,Apache RTR 200,Carlos Mendoza,Edwin Chavez
758,829,3315,servicio integral para motor y embrague por falla detectada.,Finalizado,2026-03-26 00:00:00,2026-03-26 00:00:00,4141,Cliente informado,Yamaha,Gixxer 250,Carlos Mendoza,Wilmer Soto
759,485,1384,ajuste tecnico de revision y revision por falla detectada.,Finalizado,2026-03-26 00:00:00,2026-03-30 00:00:00,5281,Entregado,Italika,Gixxer 250,Jose Ramirez,Oscar Reyes
760,3085,5282,correccion especializada de sistema electrico y fallo electrico por falla detectada.,Finalizado,2026-03-16 00:00:00,2026-03-16 00:00:00,1537,Cliente informado,KTM,R15,Jose Ramirez,Roberto Flores
761,795,3736,diagnostico y reparacion de kit aerodinamico y actualizacion de software y verificacion completa.,Finalizado,2026-03-22 00:00:00,2026-03-12 00:00:00,5029,Cliente informado,Suzuki,NKD 125,Carlos Mendoza,Andres Ruiz
762,709,1627,servicio integral para revision y filtro de aceite para mejorar rendimiento.,Finalizado,2026-03-12 00:00:00,2026-03-15 00:00:00,3856,Cliente informado,Yamaha,R15,Jose Ramirez,Juan Perez
763,4116,41,optimizacion del sistema carroceria y amortiguadores incluyendo ajuste final.,Finalizado,2026-03-05 00:00:00,2026-03-08 00:00:00,3873,Cliente informado,Honda,Boxer 150,Jose Ramirez,Wilmer Soto
764,3001,746,correccion especializada de lubricacion y filtro de aire segun solicitud del cliente.,En proceso,2026-03-02 00:00:00,2026-03-03 00:00:00,4341,Cliente informado,Yamaha,XR150L,Jose Ramirez,Victor Rivas
765,4381,2542,diagnostico y reparacion de cambio de aceite y niveles debido a desgaste.,Finalizado,2026-03-03 00:00:00,2026-03-07 00:00:00,1437,Entregado,Honda,CBR 600RR,Carlos Mendoza,Victor Rivas
766,4798,637,diagnostico y reparacion de cromado y llantas deportivas con pruebas posteriores.,Finalizado,2026-03-13 00:00:00,2026-03-15 00:00:00,6342,Cliente informado,Bajaj,Z650,Jose Ramirez,Brayan Silva
767,96,914,mantenimiento preventivo en bomba de agua y eje incluyendo ajuste final.,Finalizado,2026-03-04 00:00:00,2026-03-08 00:00:00,5549,Entregado,TVS,RC 200,Carlos Mendoza,Brayan Silva
768,664,2543,ajuste tecnico de diagnostico y inspeccion y verificacion completa.,Finalizado,2026-02-28 00:00:00,2026-02-28 00:00:00,5447,Cliente informado,Yamaha,R15,Jose Ramirez,Edwin Chavez
769,3344,852,optimizacion del sistema fallo electrico y sistema electrico segun solicitud del cliente.,Finalizado,2026-02-28 00:00:00,2026-03-04 00:00:00,1078,Entregado,Italika,R15,Jose Ramirez,Wilmer Soto
770,1313,4727,optimizacion del sistema revision y alineacion incluyendo ajuste final.,Finalizado,2026-03-04 00:00:00,2026-03-07 00:00:00,4880,Entregado,Honda,R15,Carlos Mendoza,Oscar Reyes
771,4274,5268,correccion especializada de direccion y arbol de levas debido a desgaste.,Finalizado,2026-03-03 00:00:00,2026-03-06 00:00:00,4903,Cliente informado,Honda,FZ16,Carlos Mendoza,Jose Ramirez
772,1821,3999,instalacion y calibracion de eje y arbol de levas por falla detectada.,Finalizado,2026-03-01 00:00:00,2026-03-03 00:00:00,6329,Cliente informado,Honda,Pulsar NS200,Carlos Mendoza,Jose Ramirez
773,2964,4413,correccion especializada de motor de arranque y motor de arranque por falla detectada.,Finalizado,2026-03-23 00:00:00,2026-03-13 00:00:00,1884,Cliente informado,Yamaha,Boxer 150,Jose Ramirez,Wilmer Soto
774,1803,3061,revision completa de bomba de agua y diferencial para mejorar rendimiento.,En proceso,2026-03-28 00:00:00,2026-03-30 00:00:00,1523,Entregado,Kawasaki,Pulsar NS200,Carlos Mendoza,Oscar Reyes
775,167,5295,diagnostico y reparacion de sensores y sistema electrico incluyendo ajuste final.,Finalizado,2026-02-28 00:00:00,2026-03-04 00:00:00,664,Cliente informado,AKT,RC 200,Jose Ramirez,Fernando Herrera
776,3252,1302,correccion especializada de evaluacion y falla y verificacion completa.,Finalizado,2026-03-14 00:00:00,2026-03-16 00:00:00,4194,Cliente informado,Yamaha,R15,Jose Ramirez,Cristian Molina
777,3120,3336,instalacion y calibracion de encendido y alternador y verificacion completa.,Finalizado,2026-03-09 00:00:00,2026-03-10 00:00:00,4067,Cliente informado,Yamaha,Duke 390,Carlos Mendoza,Francisco Blandon
778,4819,1018,diagnostico y reparacion de amortiguadores y direccion segun solicitud del cliente.,Finalizado,2026-03-26 00:00:00,2026-03-27 00:00:00,1201,Entregado,Yamaha,RC 200,Jose Ramirez,Juan Perez
779,4146,1331,optimizacion del sistema biela y diferencial incluyendo ajuste final.,Finalizado,2026-03-04 00:00:00,2026-03-06 00:00:00,5348,Entregado,AKT,MT-07,Carlos Mendoza,Eduardo Castro
780,1285,565,servicio integral para filtro de aceite y niveles con pruebas posteriores.,Finalizado,2026-03-06 00:00:00,2026-02-24 00:00:00,4010,Entregado,Yamaha,Duke 390,Jose Ramirez,Julio Navarro
781,4538,1533,instalacion y calibracion de diagnostico y test debido a desgaste.,Finalizado,2026-03-08 00:00:00,2026-03-08 00:00:00,6133,Cliente informado,Italika,CB190R,Jose Ramirez,Wilmer Soto
782,508,4268,inspeccion avanzada de balanceo y filtro de aceite debido a desgaste.,Entregado,2026-03-21 00:00:00,2026-03-21 00:00:00,2838,Cliente informado,Suzuki,FZ16,Carlos Mendoza,Samuel Cruz
783,4257,465,diagnostico y reparacion de problema y evaluacion y verificacion completa.,Finalizado,2026-03-22 00:00:00,2026-03-23 00:00:00,4270,Entregado,KTM,NKD 125,Jose Ramirez,Oscar Reyes
784,108,725,instalacion y calibracion de fallo electrico y sistema electrico y verificacion completa.,Finalizado,2026-03-04 00:00:00,2026-03-04 00:00:00,4569,Entregado,KTM,Gixxer 250,Carlos Mendoza,Luis Martinez
785,800,3519,inspeccion avanzada de centralita y alternador segun solicitud del cliente.,Finalizado,2026-03-08 00:00:00,2026-03-10 00:00:00,1463,Entregado,Yamaha,GSX-R750,Carlos Mendoza,Cristian Molina
786,3893,2560,correccion especializada de custom y performance segun solicitud del cliente.,Finalizado,2026-03-03 00:00:00,2026-03-06 00:00:00,4126,Cliente informado,KTM,CBR 600RR,Jose Ramirez,Julio Navarro
787,2895,4672,servicio integral para cableado y motor de arranque con pruebas posteriores.,Finalizado,2026-03-12 00:00:00,2026-03-14 00:00:00,5369,Entregado,TVS,DM200,Jose Ramirez,Samuel Cruz
788,4317,5047,correccion especializada de camara y pintura y verificacion completa.,Finalizado,2026-03-17 00:00:00,2026-03-18 00:00:00,5826,Cliente informado,AKT,NKD 125,Carlos Mendoza,Cristian Molina
789,4160,3694,mantenimiento preventivo en actualizacion de software y cromado segun solicitud del cliente.,Finalizado,2026-03-22 00:00:00,2026-03-23 00:00:00,2653,Entregado,Italika,Duke 390,Carlos Mendoza,Steven Rocha
790,4022,2688,ajuste tecnico de niveles y cambio de aceite para mejorar rendimiento.,Finalizado,2026-03-11 00:00:00,2026-03-01 00:00:00,3157,Entregado,Honda,Boxer 150,Jose Ramirez,Kevin Torres
791,207,1353,revision completa de revision y niveles para mejorar rendimiento.,Finalizado,2026-03-22 00:00:00,2026-03-22 00:00:00,2150,Entregado,KTM,Pulsar NS200,Jose Ramirez,Victor Rivas
792,3424,2871,ajuste tecnico de inspeccion y problema con pruebas posteriores.,Finalizado,2026-03-15 00:00:00,2026-03-15 00:00:00,6073,Cliente informado,TVS,Pulsar NS200,Jose Ramirez,Carlos Mendoza
793,356,5311,diagnostico y reparacion de sistema electrico y sistema electrico incluyendo ajuste final.,Finalizado,2026-03-04 00:00:00,2026-03-08 00:00:00,2527,Entregado,KTM,Ninja 400,Jose Ramirez,Samuel Cruz
794,2449,443,instalacion y calibracion de revision general y ruido por falla detectada.,Finalizado,2026-03-17 00:00:00,2026-03-17 00:00:00,6365,Entregado,Yamaha,Z650,Carlos Mendoza,Samuel Cruz
795,1693,1184,servicio integral para balanceo y niveles segun solicitud del cliente.,Finalizado,2026-03-16 00:00:00,2026-03-20 00:00:00,1544,Entregado,Yamaha,R15,Carlos Mendoza,Brayan Silva
796,4404,3124,diagnostico y reparacion de fallo electrico y alternador debido a desgaste.,Finalizado,2026-03-18 00:00:00,2026-03-19 00:00:00,1906,Cliente informado,Italika,XR150L,Jose Ramirez,Roberto Flores
797,4086,359,optimizacion del sistema llantas deportivas y modificacion incluyendo ajuste final.,Finalizado,2026-03-19 00:00:00,2026-03-23 00:00:00,5598,Entregado,Honda,NKD 125,Carlos Mendoza,Oscar Reyes
798,1249,3244,correccion especializada de chequeo y problema incluyendo ajuste final.,Finalizado,2026-03-14 00:00:00,2026-03-16 00:00:00,6356,Entregado,Italika,RC 200,Carlos Mendoza,Miguel Garcia
799,4017,3408,diagnostico y reparacion de evaluacion y falla segun solicitud del cliente.,Finalizado,2026-03-23 00:00:00,2026-03-23 00:00:00,5140,Cliente informado,KTM,Ninja 400,Carlos Mendoza,Erick Gutierrez
800,4545,405,diagnostico y reparacion de chequeo y inspeccion debido a desgaste.,Finalizado,2026-02-28 00:00:00,2026-02-28 00:00:00,4595,Entregado,Kawasaki,Z650,Carlos Mendoza,Kevin Torres
801,2388,5026,mantenimiento preventivo en chequeo y revision para mejorar rendimiento.,Finalizado,2026-03-11 00:00:00,2026-03-11 00:00:00,1824,Cliente informado,Suzuki,RC 200,Jose Ramirez,Eduardo Castro
802,4920,305,diagnostico y reparacion de luces led y pantalla para mejorar rendimiento.,Finalizado,2026-03-14 00:00:00,2026-03-17 00:00:00,5648,Entregado,Suzuki,Gixxer 250,Carlos Mendoza,Fernando Herrera
803,1815,4856,correccion especializada de chip y fibra de carbono con pruebas posteriores.,Finalizado,2026-03-20 00:00:00,2026-03-22 00:00:00,6490,Entregado,AKT,RC 200,Jose Ramirez,Julio Navarro
804,4969,3990,inspeccion avanzada de escaneo y problema con pruebas posteriores.,Finalizado,2026-03-23 00:00:00,2026-03-26 00:00:00,1426,Cliente informado,Suzuki,NKD 125,Jose Ramirez,Wilmer Soto
805,4158,3606,correccion especializada de problema y evaluacion para mejorar rendimiento.,Finalizado,2026-03-02 00:00:00,2026-03-04 00:00:00,2884,Entregado,Kawasaki,R15,Carlos Mendoza,Henry Tellez
806,836,1612,diagnostico y reparacion de caja de cambios y diferencial incluyendo ajuste final.,Finalizado,2026-03-13 00:00:00,2026-03-17 00:00:00,3936,Cliente informado,AKT,NKD 125,Jose Ramirez,Wilmer Soto
807,3174,3681,mantenimiento preventivo en frenos y caja de cambios incluyendo ajuste final.,Finalizado,2026-03-05 00:00:00,2026-03-06 00:00:00,4726,Entregado,KTM,GN125,Jose Ramirez,Wilmer Soto
808,4897,2116,instalacion y calibracion de bujias y balanceo con pruebas posteriores.,Entregado,2026-03-21 00:00:00,2026-03-23 00:00:00,3864,Entregado,AKT,DM200,Jose Ramirez,Steven Rocha
809,1038,925,instalacion y calibracion de filtro de aceite y chequeo por falla detectada.,Finalizado,2026-03-07 00:00:00,2026-03-08 00:00:00,4317,Entregado,Yamaha,XR150L,Carlos Mendoza,Kevin Torres
810,4867,4494,servicio integral para test y falla debido a desgaste.,Finalizado,2026-03-18 00:00:00,2026-03-22 00:00:00,6456,Entregado,Bajaj,CBR 600RR,Jose Ramirez,Kevin Torres
811,1874,4946,optimizacion del sistema pistones y amortiguadores y verificacion completa.,Finalizado,2026-03-20 00:00:00,2026-03-23 00:00:00,2157,Entregado,Bajaj,Duke 390,Carlos Mendoza,Roberto Flores
812,694,4346,mantenimiento preventivo en balanceo y lubricacion incluyendo ajuste final.,Finalizado,2026-03-26 00:00:00,2026-03-30 00:00:00,4205,Cliente informado,Suzuki,DM200,Carlos Mendoza,Mario Lopez
813,2388,5026,inspeccion avanzada de sensores y cableado por falla detectada.,Finalizado,2026-03-11 00:00:00,2026-03-11 00:00:00,6094,Cliente informado,Yamaha,XR150L,Jose Ramirez,Victor Rivas
814,251,4162,optimizacion del sistema alineacion y bujias y verificacion completa.,Finalizado,2026-03-08 00:00:00,2026-02-26 00:00:00,2094,Entregado,Honda,NKD 125,Jose Ramirez,Jose Ramirez
815,4860,2387,diagnostico y reparacion de chip y llantas deportivas para mejorar rendimiento.,Finalizado,2026-03-20 00:00:00,2026-03-21 00:00:00,4944,Cliente informado,Bajaj,Apache RTR 200,Jose Ramirez,Carlos Mendoza
816,3064,93,ajuste tecnico de eje y arbol de levas para mejorar rendimiento.,Finalizado,2026-03-07 00:00:00,2026-03-08 00:00:00,3161,Entregado,Yamaha,NKD 125,Carlos Mendoza,Carlos Mendoza
817,2125,3015,instalacion y calibracion de cambio color y kit aerodinamico y verificacion completa.,Finalizado,2026-03-26 00:00:00,2026-03-27 00:00:00,3972,Entregado,KTM,XR150L,Jose Ramirez,Eduardo Castro
818,948,186,instalacion y calibracion de niveles y chequeo debido a desgaste.,Finalizado,2026-03-07 00:00:00,2026-03-10 00:00:00,1084,Entregado,Yamaha,Ninja 400,Jose Ramirez,Fernando Herrera
819,2396,3570,servicio integral para fibra de carbono y aleron incluyendo ajuste final.,Finalizado,2026-03-10 00:00:00,2026-03-12 00:00:00,5553,Entregado,Suzuki,FT150,Carlos Mendoza,Erick Gutierrez
820,4404,3124,mantenimiento preventivo en diagnostico y chequeo para mejorar rendimiento.,Finalizado,2026-03-18 00:00:00,2026-03-19 00:00:00,3545,Cliente informado,Suzuki,Duke 390,Carlos Mendoza,Javier Morales
821,1616,1055,servicio integral para diagnostico y falla segun solicitud del cliente.,Finalizado,2026-03-18 00:00:00,2026-03-19 00:00:00,5193,Entregado,KTM,Z650,Carlos Mendoza,Victor Rivas
822,2224,1264,ajuste tecnico de vinilado y tuning y verificacion completa.,Finalizado,2026-03-23 00:00:00,2026-03-26 00:00:00,1730,Cliente informado,Honda,Ninja 400,Carlos Mendoza,Manuel Vargas
823,356,5311,revision completa de luces y cableado segun solicitud del cliente.,Finalizado,2026-03-04 00:00:00,2026-03-08 00:00:00,3108,Entregado,Bajaj,CBR 600RR,Jose Ramirez,Luis Martinez
824,2809,3741,mantenimiento preventivo en evaluacion y diagnostico incluyendo ajuste final.,Finalizado,2026-03-22 00:00:00,2026-03-25 00:00:00,4010,Cliente informado,TVS,Boxer 150,Carlos Mendoza,Jose Ramirez
825,1957,2129,ajuste tecnico de pintar carroceria y velocidad con pruebas posteriores.,Finalizado,2026-03-23 00:00:00,2026-03-25 00:00:00,5145,Entregado,Kawasaki,RC 200,Carlos Mendoza,Brayan Silva
826,312,4221,diagnostico y reparacion de estetico y calipers con pruebas posteriores.,Finalizado,2026-03-26 00:00:00,2026-03-28 00:00:00,1272,Entregado,Italika,DM200,Carlos Mendoza,Kevin Torres
827,4755,5309,ajuste tecnico de pintura y fibra de carbono para mejorar rendimiento.,Finalizado,2026-02-28 00:00:00,2026-02-18 00:00:00,2083,Cliente informado,AKT,R15,Jose Ramirez,Cristian Molina
828,4161,5158,ajuste tecnico de bujias y balanceo con pruebas posteriores.,Finalizado,2026-03-06 00:00:00,2026-03-06 00:00:00,5940,Cliente informado,AKT,XR150L,Carlos Mendoza,Edwin Chavez
829,3267,1097,instalacion y calibracion de inspeccion y test debido a desgaste.,Finalizado,2026-03-24 00:00:00,2026-03-24 00:00:00,4981,Cliente informado,Bajaj,CBR 600RR,Jose Ramirez,Luis Martinez
830,4344,2673,diagnostico y reparacion de gps y velocidad por falla detectada.,Finalizado,2026-03-27 00:00:00,2026-03-31 00:00:00,5880,Entregado,Bajaj,CB190R,Carlos Mendoza,Oscar Reyes
831,4955,4503,revision completa de revision general y test segun solicitud del cliente.,Finalizado,2026-03-11 00:00:00,2026-03-13 00:00:00,6446,Entregado,Kawasaki,Gixxer 250,Jose Ramirez,Miguel Garcia
832,694,4346,servicio integral para filtro de aceite y chequeo y verificacion completa.,Finalizado,2026-03-26 00:00:00,2026-03-30 00:00:00,3362,Cliente informado,Suzuki,XR150L,Jose Ramirez,Manuel Vargas
833,4099,130,inspeccion avanzada de filtro de aceite y lubricacion segun solicitud del cliente.,Finalizado,2026-03-29 00:00:00,2026-04-01 00:00:00,3667,Cliente informado,Suzuki,XR150L,Carlos Mendoza,Juan Perez
834,3384,1446,ajuste tecnico de encendido y motor de arranque segun solicitud del cliente.,Finalizado,2026-03-18 00:00:00,2026-03-18 00:00:00,955,Cliente informado,Kawasaki,Ninja 400,Carlos Mendoza,Kevin Torres
835,924,2487,mantenimiento preventivo en filtro de aire y niveles debido a desgaste.,Finalizado,2026-03-29 00:00:00,2026-03-31 00:00:00,6343,Cliente informado,KTM,DM200,Carlos Mendoza,Brayan Silva
836,2852,2827,correccion especializada de eje y motor con pruebas posteriores.,Finalizado,2026-03-15 00:00:00,2026-03-17 00:00:00,4538,Cliente informado,KTM,FZ16,Carlos Mendoza,Steven Rocha
837,2684,691,servicio integral para pantalla y cambio color por falla detectada.,Finalizado,2026-03-29 00:00:00,2026-03-31 00:00:00,5811,Entregado,Kawasaki,NKD 125,Jose Ramirez,Brayan Silva
838,2144,4165,correccion especializada de ciguenal y eje incluyendo ajuste final.,Finalizado,2026-03-08 00:00:00,2026-03-09 00:00:00,5795,Entregado,Bajaj,CBR 600RR,Carlos Mendoza,Julio Navarro
839,225,4981,mantenimiento preventivo en pistones y culata por falla detectada.,Finalizado,2026-03-03 00:00:00,2026-02-21 00:00:00,2742,Cliente informado,Suzuki,Apache RTR 200,Jose Ramirez,Edwin Chavez
840,4120,995,revision completa de cableado y cableado para mejorar rendimiento.,Finalizado,2026-03-18 00:00:00,2026-03-20 00:00:00,3571,Cliente informado,Kawasaki,Gixxer 250,Jose Ramirez,Daniel Castillo
841,1532,4786,servicio integral para sistema electrico y bateria y verificacion completa.,Finalizado,2026-03-22 00:00:00,2026-03-24 00:00:00,1401,Entregado,AKT,Gixxer 250,Carlos Mendoza,Julio Navarro
842,4955,4503,servicio integral para carroceria y transmision debido a desgaste.,Finalizado,2026-03-11 00:00:00,2026-03-13 00:00:00,1961,Entregado,Italika,FZ16,Jose Ramirez,Wilmer Soto
843,207,1353,servicio integral para alineacion y filtro de aceite segun solicitud del cliente.,Finalizado,2026-03-22 00:00:00,2026-03-22 00:00:00,2049,Entregado,Suzuki,GN125,Carlos Mendoza,Brayan Silva
844,4101,2274,mantenimiento preventivo en centralita y bateria incluyendo ajuste final.,Finalizado,2026-03-13 00:00:00,2026-03-17 00:00:00,5843,Entregado,Yamaha,GN125,Jose Ramirez,Manuel Vargas
845,135,3855,mantenimiento preventivo en centralita y motor de arranque y verificacion completa.,Finalizado,2026-03-19 00:00:00,2026-03-09 00:00:00,4344,Entregado,KTM,DM200,Jose Ramirez,Steven Rocha
846,2538,3262,correccion especializada de arbol de levas y ciguenal y verificacion completa.,Finalizado,2026-03-14 00:00:00,2026-03-18 00:00:00,2355,Entregado,Bajaj,Pulsar NS200,Carlos Mendoza,Miguel Garcia
847,1346,4052,inspeccion avanzada de reprogramacion y estetico incluyendo ajuste final.,Finalizado,2026-03-27 00:00:00,2026-03-30 00:00:00,3385,Cliente informado,Yamaha,CBR 600RR,Jose Ramirez,Mario Lopez
848,3977,4270,correccion especializada de diferencial y biela debido a desgaste.,Finalizado,2026-03-19 00:00:00,2026-03-20 00:00:00,3427,Entregado,TVS,FZ16,Jose Ramirez,Erick Gutierrez
849,829,1334,servicio integral para polarizado y actualizacion de software segun solicitud del cliente.,Finalizado,2026-03-13 00:00:00,2026-03-16 00:00:00,5645,Entregado,Bajaj,GSX-R750,Jose Ramirez,Mario Lopez
850,1688,396,mantenimiento preventivo en alternador y luces con pruebas posteriores.,Finalizado,2026-03-23 00:00:00,2026-03-27 00:00:00,2120,Cliente informado,Honda,Apache RTR 200,Carlos Mendoza,Roberto Flores
851,3604,5322,diagnostico y reparacion de encendido y bateria debido a desgaste.,Finalizado,2026-03-24 00:00:00,2026-03-26 00:00:00,6000,Cliente informado,AKT,MT-07,Carlos Mendoza,Edwin Chavez
852,2466,4155,servicio integral para bomba de agua y motor con pruebas posteriores.,Finalizado,2026-03-21 00:00:00,2026-03-24 00:00:00,2092,Entregado,Suzuki,Gixxer 250,Carlos Mendoza,Alexis Diaz
853,1527,4118,inspeccion avanzada de amortiguadores y transmision y verificacion completa.,Finalizado,2026-03-06 00:00:00,2026-03-07 00:00:00,1836,Entregado,AKT,NKD 125,Carlos Mendoza,Fernando Herrera
854,4652,4435,optimizacion del sistema embrague y carroceria por falla detectada.,Finalizado,2026-03-25 00:00:00,2026-03-27 00:00:00,3164,Entregado,Suzuki,Apache RTR 200,Jose Ramirez,Francisco Blandon
855,783,192,correccion especializada de transmision y amortiguadores con pruebas posteriores.,Finalizado,2026-03-01 00:00:00,2026-03-04 00:00:00,5969,Cliente informado,Suzuki,Duke 390,Jose Ramirez,Juan Perez
856,3887,1284,ajuste tecnico de alternador y centralita debido a desgaste.,Finalizado,2026-02-28 00:00:00,2026-03-02 00:00:00,5328,Entregado,Yamaha,GSX-R750,Jose Ramirez,Luis Martinez
857,4276,3738,ajuste tecnico de alternador y encendido y verificacion completa.,Finalizado,2026-03-25 00:00:00,2026-03-29 00:00:00,1030,Entregado,Kawasaki,GSX-R750,Jose Ramirez,Henry Tellez
858,2855,1324,revision completa de calipers y personalizacion segun solicitud del cliente.,Finalizado,2026-03-20 00:00:00,2026-03-24 00:00:00,2004,Cliente informado,Honda,GSX-R750,Jose Ramirez,Fernando Herrera
859,845,4467,optimizacion del sistema motor de arranque y encendido incluyendo ajuste final.,Finalizado,2026-03-05 00:00:00,2026-03-05 00:00:00,1034,Entregado,Yamaha,Gixxer 250,Carlos Mendoza,Henry Tellez
860,3510,3426,correccion especializada de bateria y bateria con pruebas posteriores.,Finalizado,2026-03-18 00:00:00,2026-03-19 00:00:00,4282,Cliente informado,Bajaj,Apache RTR 200,Carlos Mendoza,Mario Lopez
861,3570,2827,optimizacion del sistema culata y frenos con pruebas posteriores.,Finalizado,2026-03-17 00:00:00,2026-03-21 00:00:00,1038,Cliente informado,Kawasaki,RC 200,Carlos Mendoza,Francisco Blandon
862,574,2405,correccion especializada de biela y motor y verificacion completa.,Finalizado,2026-03-12 00:00:00,2026-03-13 00:00:00,2415,Cliente informado,KTM,Gixxer 250,Jose Ramirez,Andres Ruiz
863,2137,4386,servicio integral para revision general y chequeo para mejorar rendimiento.,Finalizado,2026-03-03 00:00:00,2026-03-03 00:00:00,4750,Entregado,Suzuki,Boxer 150,Jose Ramirez,Carlos Mendoza
864,900,3754,correccion especializada de cambio color y camara por falla detectada.,Finalizado,2026-03-06 00:00:00,2026-03-07 00:00:00,948,Entregado,Suzuki,RC 200,Jose Ramirez,Mario Lopez
865,3424,2871,correccion especializada de falla y problema por falla detectada.,Finalizado,2026-03-15 00:00:00,2026-03-15 00:00:00,2138,Cliente informado,Suzuki,Apache RTR 200,Carlos Mendoza,Wilmer Soto
866,1703,3160,inspeccion avanzada de chequeo y bujias por falla detectada.,Finalizado,2026-03-17 00:00:00,2026-03-21 00:00:00,3556,Entregado,KTM,Boxer 150,Carlos Mendoza,Wilmer Soto
867,1732,3477,inspeccion avanzada de bateria y motor de arranque incluyendo ajuste final.,Finalizado,2026-03-06 00:00:00,2026-03-10 00:00:00,4819,Cliente informado,Yamaha,DM200,Carlos Mendoza,Henry Tellez
868,2426,3477,instalacion y calibracion de sensores y luces para mejorar rendimiento.,Finalizado,2026-03-09 00:00:00,2026-03-11 00:00:00,4107,Entregado,Suzuki,FT150,Carlos Mendoza,Wilmer Soto
869,1946,4566,inspeccion avanzada de revision general y diagnostico incluyendo ajuste final.,Finalizado,2026-03-12 00:00:00,2026-03-14 00:00:00,4142,Entregado,Kawasaki,Apache RTR 200,Carlos Mendoza,Jose Ramirez
870,1187,3819,servicio integral para revision y filtro de aire debido a desgaste.,Finalizado,2026-03-10 00:00:00,2026-03-14 00:00:00,3394,Cliente informado,Honda,XR150L,Jose Ramirez,Cristian Molina
871,2409,3572,diagnostico y reparacion de pantalla y fibra de carbono por falla detectada.,Finalizado,2026-03-10 00:00:00,2026-03-13 00:00:00,2516,Cliente informado,Italika,Apache RTR 200,Jose Ramirez,Henry Tellez
872,243,3276,revision completa de sistema electrico y centralita por falla detectada.,Finalizado,2026-03-06 00:00:00,2026-03-10 00:00:00,4740,Cliente informado,KTM,Gixxer 250,Carlos Mendoza,Oscar Reyes
873,4694,4752,correccion especializada de inspeccion y escaneo por falla detectada.,Entregado,2026-03-01 00:00:00,2026-03-01 00:00:00,5588,Entregado,AKT,NKD 125,Jose Ramirez,Carlos Mendoza
874,4715,2721,inspeccion avanzada de pantalla y frenos deportivos por falla detectada.,Finalizado,2026-03-01 00:00:00,2026-03-01 00:00:00,3124,Cliente informado,Italika,NKD 125,Jose Ramirez,Steven Rocha
875,3304,1765,instalacion y calibracion de cableado y fallo electrico para mejorar rendimiento.,Finalizado,2026-03-24 00:00:00,2026-03-24 00:00:00,1367,Cliente informado,Italika,NKD 125,Carlos Mendoza,Miguel Garcia
876,4271,4746,mantenimiento preventivo en alineacion y filtro de aceite con pruebas posteriores.,Finalizado,2026-03-21 00:00:00,2026-03-25 00:00:00,1528,Entregado,Bajaj,DM200,Carlos Mendoza,Edwin Chavez
877,762,2527,optimizacion del sistema calipers y performance incluyendo ajuste final.,Finalizado,2026-03-07 00:00:00,2026-03-08 00:00:00,3531,Cliente informado,Kawasaki,Duke 390,Jose Ramirez,Wilmer Soto
878,2580,3814,mantenimiento preventivo en chequeo y revision general por falla detectada.,Finalizado,2026-03-13 00:00:00,2026-03-16 00:00:00,6300,Entregado,Yamaha,Z650,Carlos Mendoza,Javier Morales
879,1573,5279,instalacion y calibracion de filtro de aceite y chequeo para mejorar rendimiento.,Finalizado,2026-03-11 00:00:00,2026-03-14 00:00:00,2412,Entregado,Suzuki,GSX-R750,Carlos Mendoza,Jose Ramirez
880,4920,1858,correccion especializada de carroceria y radiador segun solicitud del cliente.,Finalizado,2026-03-06 00:00:00,2026-03-10 00:00:00,5868,Entregado,Honda,Ninja 400,Carlos Mendoza,Cristian Molina
881,3200,4867,servicio integral para chequeo y filtro de aceite con pruebas posteriores.,Finalizado,2026-03-11 00:00:00,2026-03-15 00:00:00,5051,Cliente informado,KTM,Pulsar NS200,Jose Ramirez,Daniel Castillo
882,243,3276,mantenimiento preventivo en inspeccion y chequeo para mejorar rendimiento.,Finalizado,2026-03-06 00:00:00,2026-03-10 00:00:00,4972,Cliente informado,Bajaj,RC 200,Carlos Mendoza,Jose Ramirez
883,4898,257,diagnostico y reparacion de luces y motor de arranque para mejorar rendimiento.,Finalizado,2026-03-13 00:00:00,2026-03-14 00:00:00,1705,Cliente informado,AKT,XR150L,Carlos Mendoza,Edwin Chavez
884,2659,4236,diagnostico y reparacion de problema y falla segun solicitud del cliente.,Finalizado,2026-03-28 00:00:00,2026-04-01 00:00:00,5959,Cliente informado,Bajaj,DM200,Jose Ramirez,Kevin Torres
885,3962,1533,mantenimiento preventivo en motor y culata segun solicitud del cliente.,Finalizado,2026-03-29 00:00:00,2026-03-31 00:00:00,4021,Cliente informado,Italika,GN125,Carlos Mendoza,Kevin Torres
886,2881,1593,correccion especializada de lubricacion y lubricacion por falla detectada.,Finalizado,2026-03-05 00:00:00,2026-03-06 00:00:00,4015,Entregado,Bajaj,R15,Jose Ramirez,Samuel Cruz
887,4344,2264,optimizacion del sistema bujias y filtro de aire por falla detectada.,Finalizado,2026-03-07 00:00:00,2026-03-11 00:00:00,1046,Cliente informado,Yamaha,RC 200,Carlos Mendoza,Erick Gutierrez
888,3585,559,servicio integral para radiador y amortiguadores para mejorar rendimiento.,Finalizado,2026-03-06 00:00:00,2026-03-07 00:00:00,505,Entregado,Suzuki,XR150L,Carlos Mendoza,Daniel Castillo
889,2557,1522,correccion especializada de cableado y sensores segun solicitud del cliente.,Finalizado,2026-03-03 00:00:00,2026-03-06 00:00:00,2144,Cliente informado,Yamaha,GSX-R750,Jose Ramirez,Julio Navarro
890,2106,2203,inspeccion avanzada de revision general y chequeo segun solicitud del cliente.,Finalizado,2026-03-19 00:00:00,2026-03-23 00:00:00,6388,Cliente informado,Suzuki,GSX-R750,Jose Ramirez,Cristian Molina
891,318,1978,ajuste tecnico de filtro de aceite y chequeo y verificacion completa.,Finalizado,2026-03-09 00:00:00,2026-03-12 00:00:00,4127,Cliente informado,KTM,Boxer 150,Carlos Mendoza,Cristian Molina
892,4610,4894,instalacion y calibracion de revision y niveles para mejorar rendimiento.,Finalizado,2026-03-10 00:00:00,2026-03-14 00:00:00,3813,Entregado,Bajaj,DM200,Jose Ramirez,Eduardo Castro
893,3066,3855,instalacion y calibracion de cableado y alternador para mejorar rendimiento.,Finalizado,2026-03-26 00:00:00,2026-03-29 00:00:00,1090,Entregado,Honda,FZ16,Jose Ramirez,Wilmer Soto
894,802,4972,ajuste tecnico de calipers y polarizado para mejorar rendimiento.,Finalizado,2026-03-16 00:00:00,2026-03-17 00:00:00,4406,Cliente informado,Suzuki,GN125,Jose Ramirez,Luis Martinez
895,2023,3306,ajuste tecnico de pistones y frenos segun solicitud del cliente.,Finalizado,2026-03-04 00:00:00,2026-03-05 00:00:00,5299,Cliente informado,KTM,Ninja 400,Jose Ramirez,Javier Morales
896,4257,2124,optimizacion del sistema ruido y test para mejorar rendimiento.,Finalizado,2026-03-25 00:00:00,2026-03-15 00:00:00,4683,Cliente informado,AKT,FT150,Jose Ramirez,Eduardo Castro
897,4980,2673,ajuste tecnico de revision y lubricacion debido a desgaste.,Finalizado,2026-02-28 00:00:00,2026-03-04 00:00:00,2377,Entregado,Suzuki,NKD 125,Carlos Mendoza,Luis Martinez
898,3570,2827,ajuste tecnico de motor de arranque y bateria y verificacion completa.,Finalizado,2026-03-17 00:00:00,2026-03-21 00:00:00,2371,Cliente informado,Honda,Z650,Carlos Mendoza,Jose Ramirez
899,2106,2203,instalacion y calibracion de radiador y radiador incluyendo ajuste final.,Finalizado,2026-03-19 00:00:00,2026-03-23 00:00:00,3147,Cliente informado,Yamaha,Z650,Jose Ramirez,Fernando Herrera
900,3079,4340,mantenimiento preventivo en amortiguadores y culata para mejorar rendimiento.,Finalizado,2026-03-26 00:00:00,2026-03-30 00:00:00,1902,Cliente informado,KTM,RC 200,Jose Ramirez,Victor Rivas
901,2852,4691,servicio integral para ciguenal y chasis por falla detectada.,Finalizado,2026-03-03 00:00:00,2026-03-05 00:00:00,777,Cliente informado,AKT,NKD 125,Jose Ramirez,Manuel Vargas
902,845,4630,correccion especializada de diferencial y culata segun solicitud del cliente.,Finalizado,2026-03-27 00:00:00,2026-03-27 00:00:00,2855,Cliente informado,AKT,FZ16,Carlos Mendoza,Wilmer Soto
903,3570,2827,inspeccion avanzada de fallo electrico y encendido incluyendo ajuste final.,Finalizado,2026-03-17 00:00:00,2026-03-21 00:00:00,6264,Cliente informado,Bajaj,RC 200,Jose Ramirez,Miguel Garcia
904,2098,2476,optimizacion del sistema arbol de levas y radiador con pruebas posteriores.,Finalizado,2026-03-17 00:00:00,2026-03-21 00:00:00,674,Entregado,Suzuki,Apache RTR 200,Jose Ramirez,Steven Rocha
905,3420,2400,optimizacion del sistema cromado y performance incluyendo ajuste final.,Finalizado,2026-03-13 00:00:00,2026-03-14 00:00:00,4709,Entregado,KTM,FT150,Jose Ramirez,Cristian Molina
906,1874,4946,diagnostico y reparacion de cableado y fallo electrico incluyendo ajuste final.,Finalizado,2026-03-20 00:00:00,2026-03-23 00:00:00,3535,Entregado,Yamaha,Duke 390,Carlos Mendoza,Oscar Reyes
907,2529,4751,correccion especializada de alternador y fallo electrico para mejorar rendimiento.,Finalizado,2026-03-01 00:00:00,2026-02-19 00:00:00,5429,Entregado,Italika,GN125,Carlos Mendoza,Steven Rocha
908,2780,4120,diagnostico y reparacion de test y escaneo segun solicitud del cliente.,Finalizado,2026-03-11 00:00:00,2026-03-11 00:00:00,1526,Entregado,Suzuki,Pulsar NS200,Carlos Mendoza,Alexis Diaz
909,2529,4751,correccion especializada de sensores y luces para mejorar rendimiento.,Finalizado,2026-03-01 00:00:00,2026-02-19 00:00:00,1247,Entregado,Bajaj,Pulsar NS200,Carlos Mendoza,Mario Lopez
910,3852,1984,inspeccion avanzada de sistema electrico y sistema electrico segun solicitud del cliente.,Finalizado,2026-03-11 00:00:00,2026-03-15 00:00:00,4148,Entregado,Honda,MT-07,Jose Ramirez,Roberto Flores
911,2553,1018,correccion especializada de centralita y centralita con pruebas posteriores.,Finalizado,2026-03-04 00:00:00,2026-03-08 00:00:00,4312,Cliente informado,Honda,Z650,Carlos Mendoza,Fernando Herrera
912,3658,2567,diagnostico y reparacion de cambio de aceite y revision y verificacion completa.,Finalizado,2026-03-17 00:00:00,2026-03-17 00:00:00,2951,Cliente informado,KTM,Duke 390,Jose Ramirez,Juan Perez
913,1125,1519,revision completa de luces y bateria con pruebas posteriores.,Finalizado,2026-03-12 00:00:00,2026-03-12 00:00:00,2339,Cliente informado,TVS,FT150,Jose Ramirez,Henry Tellez
914,3847,4307,correccion especializada de fallo electrico y sensores con pruebas posteriores.,Finalizado,2026-03-27 00:00:00,2026-03-31 00:00:00,5882,Entregado,Honda,Pulsar NS200,Carlos Mendoza,Juan Perez
915,2146,3659,ajuste tecnico de falla y problema incluyendo ajuste final.,Finalizado,2026-03-05 00:00:00,2026-03-06 00:00:00,2294,Entregado,Italika,Duke 390,Carlos Mendoza,Steven Rocha
916,2132,175,servicio integral para sensores de estacionamiento y fibra de carbono debido a desgaste.,Finalizado,2026-03-12 00:00:00,2026-03-15 00:00:00,997,Cliente informado,Bajaj,Apache RTR 200,Carlos Mendoza,Daniel Castillo
917,3424,2871,ajuste tecnico de caja de cambios y eje por falla detectada.,Finalizado,2026-03-15 00:00:00,2026-03-15 00:00:00,2278,Cliente informado,KTM,Duke 390,Jose Ramirez,Carlos Mendoza
918,2030,4933,ajuste tecnico de sensores y encendido y verificacion completa.,Finalizado,2026-03-09 00:00:00,2026-03-11 00:00:00,3918,Entregado,Yamaha,DM200,Jose Ramirez,Oscar Reyes
919,128,2835,optimizacion del sistema balanceo y bujias debido a desgaste.,Finalizado,2026-03-23 00:00:00,2026-03-25 00:00:00,5632,Entregado,TVS,Boxer 150,Carlos Mendoza,Erick Gutierrez
920,231,2594,diagnostico y reparacion de sensores de estacionamiento y pintura debido a desgaste.,Finalizado,2026-03-10 00:00:00,2026-03-12 00:00:00,3034,Cliente informado,TVS,NKD 125,Carlos Mendoza,Juan Perez
921,3492,5265,revision completa de actualizacion de software y calipers con pruebas posteriores.,Finalizado,2026-03-24 00:00:00,2026-03-28 00:00:00,721,Cliente informado,Italika,Gixxer 250,Carlos Mendoza,Luis Martinez
922,3195,248,diagnostico y reparacion de filtro de aceite y chequeo por falla detectada.,Entregado,2026-03-05 00:00:00,2026-03-09 00:00:00,2115,Cliente informado,Yamaha,GN125,Carlos Mendoza,Francisco Blandon
923,3079,4340,servicio integral para motor de arranque y encendido debido a desgaste.,Finalizado,2026-03-26 00:00:00,2026-03-30 00:00:00,4811,Cliente informado,Italika,Pulsar NS200,Carlos Mendoza,Julio Navarro
924,3762,611,revision completa de bujias y bujias por falla detectada.,Finalizado,2026-03-13 00:00:00,2026-03-16 00:00:00,2109,Entregado,Kawasaki,Duke 390,Jose Ramirez,Brayan Silva
925,3795,4808,servicio integral para chequeo y bujias para mejorar rendimiento.,Finalizado,2026-03-05 00:00:00,2026-03-05 00:00:00,6024,Cliente informado,Italika,FT150,Jose Ramirez,Steven Rocha
926,4127,3315,optimizacion del sistema cambio de aceite y chequeo para mejorar rendimiento.,Finalizado,2026-03-29 00:00:00,2026-03-30 00:00:00,4518,Cliente informado,Honda,DM200,Jose Ramirez,Wilmer Soto
927,2266,4726,revision completa de direccion y suspension con pruebas posteriores.,Finalizado,2026-03-29 00:00:00,2026-03-19 00:00:00,5651,Cliente informado,Yamaha,Boxer 150,Carlos Mendoza,Edwin Chavez
928,1013,2426,correccion especializada de centralita y sensores por falla detectada.,Finalizado,2026-03-20 00:00:00,2026-03-22 00:00:00,690,Cliente informado,Yamaha,NKD 125,Carlos Mendoza,Erick Gutierrez
929,1732,3477,instalacion y calibracion de filtro de aceite y cambio de aceite debido a desgaste.,Finalizado,2026-03-06 00:00:00,2026-03-10 00:00:00,3489,Cliente informado,Suzuki,CBR 600RR,Carlos Mendoza,Alexis Diaz
930,4844,1735,correccion especializada de diagnostico y escaneo incluyendo ajuste final.,Finalizado,2026-03-24 00:00:00,2026-03-27 00:00:00,1373,Entregado,Honda,FZ16,Carlos Mendoza,Erick Gutierrez
931,4801,4467,inspeccion avanzada de chequeo y ruido segun solicitud del cliente.,Finalizado,2026-03-17 00:00:00,2026-03-07 00:00:00,3374,Cliente informado,Kawasaki,GSX-R750,Jose Ramirez,Francisco Blandon
932,3651,3524,diagnostico y reparacion de luces y centralita segun solicitud del cliente.,Finalizado,2026-03-17 00:00:00,2026-03-07 00:00:00,2966,Cliente informado,Yamaha,Apache RTR 200,Jose Ramirez,Samuel Cruz
933,2314,1378,inspeccion avanzada de suspension deportiva y kit aerodinamico y verificacion completa.,Finalizado,2026-03-08 00:00:00,2026-03-09 00:00:00,3128,Cliente informado,Bajaj,Duke 390,Jose Ramirez,Jose Ramirez
934,3176,2108,revision completa de biela y motor segun solicitud del cliente.,Finalizado,2026-03-04 00:00:00,2026-03-04 00:00:00,5323,Cliente informado,Honda,R15,Jose Ramirez,Edwin Chavez
935,552,1625,revision completa de motor de arranque y centralita con pruebas posteriores.,Finalizado,2026-03-24 00:00:00,2026-03-26 00:00:00,906,Cliente informado,Honda,Ninja 400,Carlos Mendoza,Luis Martinez
936,985,2061,revision completa de evaluacion y problema y verificacion completa.,Finalizado,2026-03-02 00:00:00,2026-03-04 00:00:00,2578,Cliente informado,Honda,XR150L,Jose Ramirez,Kevin Torres
937,299,1255,diagnostico y reparacion de cromado y kit aerodinamico por falla detectada.,Finalizado,2026-03-23 00:00:00,2026-03-23 00:00:00,5011,Cliente informado,Yamaha,DM200,Carlos Mendoza,Kevin Torres
938,1229,2933,ajuste tecnico de luces y motor de arranque por falla detectada.,Finalizado,2026-03-16 00:00:00,2026-03-18 00:00:00,2277,Entregado,Honda,DM200,Carlos Mendoza,Wilmer Soto
939,1821,3999,instalacion y calibracion de escaneo y diagnostico segun solicitud del cliente.,Finalizado,2026-03-01 00:00:00,2026-03-03 00:00:00,4929,Cliente informado,TVS,Gixxer 250,Jose Ramirez,Jose Ramirez
940,3802,1909,instalacion y calibracion de cambio de aceite y filtro de aire incluyendo ajuste final.,Finalizado,2026-03-12 00:00:00,2026-03-12 00:00:00,4049,Entregado,TVS,Gixxer 250,Carlos Mendoza,Francisco Blandon
941,4655,4571,servicio integral para culata y caja de cambios incluyendo ajuste final.,Finalizado,2026-03-27 00:00:00,2026-03-27 00:00:00,6341,Cliente informado,Yamaha,R15,Carlos Mendoza,Roberto Flores
942,1967,1891,optimizacion del sistema lubricacion y alineacion incluyendo ajuste final.,Finalizado,2026-03-02 00:00:00,2026-02-20 00:00:00,2009,Entregado,Honda,GSX-R750,Jose Ramirez,Eduardo Castro
943,3185,4552,instalacion y calibracion de motor y arbol de levas por falla detectada.,Finalizado,2026-03-22 00:00:00,2026-03-26 00:00:00,5529,Entregado,Honda,Boxer 150,Carlos Mendoza,Wilmer Soto
944,1861,1289,optimizacion del sistema diagnostico y escaneo segun solicitud del cliente.,Finalizado,2026-03-25 00:00:00,2026-03-28 00:00:00,5876,Entregado,Bajaj,Apache RTR 200,Jose Ramirez,Mario Lopez
945,338,982,ajuste tecnico de sensores y bateria con pruebas posteriores.,Finalizado,2026-03-28 00:00:00,2026-04-01 00:00:00,2153,Entregado,KTM,Z650,Jose Ramirez,Andres Ruiz
946,2769,2169,correccion especializada de escaneo y falla por falla detectada.,Finalizado,2026-03-11 00:00:00,2026-03-15 00:00:00,3704,Entregado,AKT,Gixxer 250,Jose Ramirez,Victor Rivas
947,480,3819,servicio integral para modificacion y frenos deportivos debido a desgaste.,Finalizado,2026-03-09 00:00:00,2026-03-09 00:00:00,5514,Entregado,Kawasaki,FZ16,Carlos Mendoza,Manuel Vargas
948,1344,1765,instalacion y calibracion de revision general y inspeccion segun solicitud del cliente.,Finalizado,2026-03-09 00:00:00,2026-03-13 00:00:00,1372,Cliente informado,AKT,Apache RTR 200,Carlos Mendoza,Samuel Cruz
949,2257,3895,instalacion y calibracion de sistema electrico y bateria debido a desgaste.,Finalizado,2026-03-15 00:00:00,2026-03-19 00:00:00,2366,Entregado,Italika,GN125,Carlos Mendoza,Daniel Castillo
950,575,5077,ajuste tecnico de diferencial y biela y verificacion completa.,Finalizado,2026-03-22 00:00:00,2026-03-22 00:00:00,2638,Cliente informado,Suzuki,GN125,Jose Ramirez,Jose Ramirez
951,4257,465,mantenimiento preventivo en alternador y alternador con pruebas posteriores.,Finalizado,2026-03-22 00:00:00,2026-03-23 00:00:00,3599,Entregado,Yamaha,Duke 390,Carlos Mendoza,Fernando Herrera
952,3465,3096,optimizacion del sistema eje y amortiguadores para mejorar rendimiento.,Finalizado,2026-03-17 00:00:00,2026-03-18 00:00:00,5497,Entregado,Yamaha,CBR 600RR,Carlos Mendoza,Javier Morales
953,57,5056,ajuste tecnico de alternador y bateria segun solicitud del cliente.,Finalizado,2026-03-02 00:00:00,2026-03-05 00:00:00,1580,Cliente informado,KTM,DM200,Carlos Mendoza,Victor Rivas
954,4419,2732,instalacion y calibracion de niveles y balanceo y verificacion completa.,Finalizado,2026-03-20 00:00:00,2026-03-24 00:00:00,6498,Cliente informado,Honda,R15,Carlos Mendoza,Henry Tellez
955,2338,3092,diagnostico y reparacion de test y falla para mejorar rendimiento.,Finalizado,2026-03-01 00:00:00,2026-03-05 00:00:00,2517,Cliente informado,KTM,Boxer 150,Jose Ramirez,Cristian Molina
956,900,3754,servicio integral para pistones y suspension con pruebas posteriores.,Finalizado,2026-03-06 00:00:00,2026-03-07 00:00:00,3489,Entregado,KTM,DM200,Jose Ramirez,Edwin Chavez
957,338,982,diagnostico y reparacion de falla y problema con pruebas posteriores.,Finalizado,2026-03-28 00:00:00,2026-04-01 00:00:00,534,Entregado,Yamaha,Gixxer 250,Carlos Mendoza,Kevin Torres
958,4715,2721,mantenimiento preventivo en chequeo y filtro de aceite con pruebas posteriores.,Finalizado,2026-03-01 00:00:00,2026-03-01 00:00:00,5840,Cliente informado,Honda,Ninja 400,Carlos Mendoza,Jose Ramirez
959,345,3196,mantenimiento preventivo en inspeccion y test debido a desgaste.,Finalizado,2026-03-11 00:00:00,2026-03-01 00:00:00,5044,Entregado,Kawasaki,Z650,Carlos Mendoza,Wilmer Soto
960,2806,5149,servicio integral para revision general y diagnostico para mejorar rendimiento.,Finalizado,2026-03-29 00:00:00,2026-04-01 00:00:00,3495,Entregado,Honda,FZ16,Jose Ramirez,Eduardo Castro
961,820,2927,servicio integral para inspeccion y revision general por falla detectada.,Finalizado,2026-03-27 00:00:00,2026-03-27 00:00:00,5394,Cliente informado,Bajaj,FZ16,Jose Ramirez,Miguel Garcia
962,1946,4566,servicio integral para suspension y biela incluyendo ajuste final.,Finalizado,2026-03-12 00:00:00,2026-03-14 00:00:00,2857,Entregado,Bajaj,CBR 600RR,Jose Ramirez,Daniel Castillo
963,83,2646,instalacion y calibracion de falla y chequeo incluyendo ajuste final.,Finalizado,2026-03-01 00:00:00,2026-03-01 00:00:00,1007,Entregado,Yamaha,Duke 390,Jose Ramirez,Brayan Silva
964,3750,595,servicio integral para diferencial y suspension incluyendo ajuste final.,Finalizado,2026-03-02 00:00:00,2026-03-04 00:00:00,3625,Cliente informado,Suzuki,XR150L,Carlos Mendoza,Eduardo Castro
965,1076,1896,correccion especializada de diagnostico y inspeccion segun solicitud del cliente.,Finalizado,2026-03-19 00:00:00,2026-03-23 00:00:00,3337,Entregado,AKT,XR150L,Jose Ramirez,Wilmer Soto
966,4726,1559,correccion especializada de ruido y falla y verificacion completa.,Finalizado,2026-03-23 00:00:00,2026-03-24 00:00:00,6300,Entregado,KTM,Duke 390,Carlos Mendoza,Erick Gutierrez
967,4980,2673,ajuste tecnico de chasis y pistones para mejorar rendimiento.,Finalizado,2026-02-28 00:00:00,2026-03-04 00:00:00,2329,Entregado,KTM,XR150L,Jose Ramirez,Luis Martinez
968,4133,2149,instalacion y calibracion de actualizacion de software y audio para mejorar rendimiento.,Finalizado,2026-03-21 00:00:00,2026-03-21 00:00:00,1148,Entregado,AKT,Ninja 400,Jose Ramirez,Daniel Castillo
969,3909,2476,optimizacion del sistema cromado y tuning y verificacion completa.,Finalizado,2026-02-28 00:00:00,2026-03-01 00:00:00,5939,Entregado,KTM,Duke 390,Jose Ramirez,Victor Rivas
970,1992,4676,diagnostico y reparacion de diagnostico y falla segun solicitud del cliente.,Finalizado,2026-03-09 00:00:00,2026-03-11 00:00:00,1116,Cliente informado,TVS,MT-07,Jose Ramirez,Erick Gutierrez
971,2774,3021,ajuste tecnico de niveles y filtro de aire con pruebas posteriores.,En proceso,2026-03-24 00:00:00,2026-03-25 00:00:00,1201,Cliente informado,Kawasaki,Z650,Jose Ramirez,Erick Gutierrez
972,4192,1891,ajuste tecnico de evaluacion y escaneo por falla detectada.,Finalizado,2026-03-19 00:00:00,2026-03-23 00:00:00,1025,Cliente informado,Honda,NKD 125,Jose Ramirez,Steven Rocha
973,4311,246,diagnostico y reparacion de centralita y sistema electrico con pruebas posteriores.,Finalizado,2026-03-09 00:00:00,2026-03-09 00:00:00,4343,Entregado,Honda,NKD 125,Jose Ramirez,Daniel Castillo
974,1801,4163,optimizacion del sistema encendido y fallo electrico y verificacion completa.,Finalizado,2026-03-09 00:00:00,2026-03-12 00:00:00,4279,Cliente informado,TVS,GN125,Jose Ramirez,Erick Gutierrez
975,4666,3999,inspeccion avanzada de ruido y chequeo incluyendo ajuste final.,Finalizado,2026-03-14 00:00:00,2026-03-16 00:00:00,5060,Cliente informado,Bajaj,RC 200,Jose Ramirez,Carlos Mendoza
976,2852,2827,mantenimiento preventivo en cambio de aceite y balanceo debido a desgaste.,Finalizado,2026-03-15 00:00:00,2026-03-17 00:00:00,2153,Cliente informado,KTM,CB190R,Carlos Mendoza,Erick Gutierrez
977,1371,1253,revision completa de bomba de agua y direccion por falla detectada.,Finalizado,2026-03-24 00:00:00,2026-03-25 00:00:00,5436,Cliente informado,Yamaha,GSX-R750,Carlos Mendoza,Daniel Castillo
978,2234,5148,correccion especializada de chequeo y problema y verificacion completa.,Finalizado,2026-03-10 00:00:00,2026-03-13 00:00:00,1722,Entregado,Bajaj,R15,Jose Ramirez,Carlos Mendoza
979,2902,4468,servicio integral para pantalla y custom con pruebas posteriores.,Finalizado,2026-03-01 00:00:00,2026-03-01 00:00:00,6434,Cliente informado,Honda,GN125,Carlos Mendoza,Edwin Chavez
980,1032,1808,revision completa de chequeo y cambio de aceite incluyendo ajuste final.,Finalizado,2026-02-28 00:00:00,2026-03-01 00:00:00,6282,Cliente informado,Suzuki,DM200,Carlos Mendoza,Miguel Garcia
981,694,5056,diagnostico y reparacion de revision y cambio de aceite por falla detectada.,Finalizado,2026-03-01 00:00:00,2026-03-04 00:00:00,1927,Entregado,Honda,Boxer 150,Carlos Mendoza,Miguel Garcia
982,3744,672,diagnostico y reparacion de escape deportivo y personalizacion debido a desgaste.,Finalizado,2026-03-17 00:00:00,2026-03-20 00:00:00,4348,Entregado,Suzuki,MT-07,Jose Ramirez,Fernando Herrera
983,2395,2543,ajuste tecnico de distribucion y direccion y verificacion completa.,Finalizado,2026-03-25 00:00:00,2026-03-25 00:00:00,805,Entregado,Italika,R15,Jose Ramirez,Jose Ramirez
984,4780,5251,ajuste tecnico de velocidad y fibra de carbono debido a desgaste.,Finalizado,2026-03-17 00:00:00,2026-03-20 00:00:00,4372,Cliente informado,Suzuki,Boxer 150,Jose Ramirez,Brayan Silva
985,795,3736,servicio integral para lubricacion y bujias con pruebas posteriores.,Finalizado,2026-03-22 00:00:00,2026-03-12 00:00:00,5152,Cliente informado,Bajaj,Apache RTR 200,Jose Ramirez,Fernando Herrera
986,4256,4120,servicio integral para alternador y centralita con pruebas posteriores.,Finalizado,2026-03-13 00:00:00,2026-03-03 00:00:00,3527,Entregado,Yamaha,Duke 390,Carlos Mendoza,Kevin Torres
987,3894,1817,mantenimiento preventivo en sistema electrico y alternador y verificacion completa.,En proceso,2026-03-20 00:00:00,2026-03-22 00:00:00,5522,Cliente informado,Italika,MT-07,Jose Ramirez,Luis Martinez
988,95,4786,revision completa de sensores y fallo electrico y verificacion completa.,Entregado,2026-03-24 00:00:00,2026-03-24 00:00:00,5121,Entregado,Suzuki,Duke 390,Carlos Mendoza,Henry Tellez
989,3504,1781,instalacion y calibracion de balanceo y filtro de aceite incluyendo ajuste final.,Finalizado,2026-03-27 00:00:00,2026-03-27 00:00:00,5873,Cliente informado,Kawasaki,XR150L,Carlos Mendoza,Brayan Silva
990,249,4449,servicio integral para motor de arranque y alternador incluyendo ajuste final.,Finalizado,2026-03-01 00:00:00,2026-02-19 00:00:00,5246,Entregado,Honda,FZ16,Jose Ramirez,Oscar Reyes
991,3850,1068,ajuste tecnico de inspeccion y ruido y verificacion completa.,Finalizado,2026-03-08 00:00:00,2026-03-12 00:00:00,1647,Entregado,Honda,Ninja 400,Jose Ramirez,Roberto Flores
992,3462,3276,diagnostico y reparacion de chequeo y alineacion incluyendo ajuste final.,Finalizado,2026-03-06 00:00:00,2026-03-07 00:00:00,2765,Cliente informado,Kawasaki,RC 200,Carlos Mendoza,Edwin Chavez
993,3658,2567,instalacion y calibracion de distribucion y transmision y verificacion completa.,Finalizado,2026-03-17 00:00:00,2026-03-17 00:00:00,1289,Cliente informado,Suzuki,Z650,Jose Ramirez,Henry Tellez
994,4388,595,ajuste tecnico de direccion y ciguenal por falla detectada.,En proceso,2026-03-02 00:00:00,2026-03-05 00:00:00,1163,Cliente informado,TVS,Boxer 150,Carlos Mendoza,Francisco Blandon
995,4256,4120,mantenimiento preventivo en inspeccion y revision general por falla detectada.,Finalizado,2026-03-13 00:00:00,2026-03-03 00:00:00,4194,Entregado,AKT,NKD 125,Jose Ramirez,Roberto Flores
996,415,4165,diagnostico y reparacion de turbo y estetico por falla detectada.,Finalizado,2026-03-22 00:00:00,2026-03-26 00:00:00,2387,Cliente informado,Yamaha,GSX-R750,Carlos Mendoza,Julio Navarro
997,4735,33,diagnostico y reparacion de chequeo y lubricacion por falla detectada.,Finalizado,2026-03-28 00:00:00,2026-03-31 00:00:00,4558,Entregado,TVS,Z650,Carlos Mendoza,Samuel Cruz
998,4317,5047,inspeccion avanzada de modificacion y aleron incluyendo ajuste final.,Finalizado,2026-03-17 00:00:00,2026-03-18 00:00:00,5107,Cliente informado,Yamaha,Z650,Carlos Mendoza,Victor Rivas
999,295,2386,mantenimiento preventivo en chequeo y falla incluyendo ajuste final.,Finalizado,2026-03-01 00:00:00,2026-03-03 00:00:00,2679,Entregado,Suzuki,GN125,Carlos Mendoza,Carlos Mendoza
1000,2651,1362,inspeccion avanzada de personalizacion y escape deportivo para mejorar rendimiento.,Finalizado,2026-03-14 00:00:00,2026-03-14 00:00:00,1900,Cliente informado,Kawasaki,Boxer 150,Carlos Mendoza,Kevin Torres
1001,1125,1519,inspeccion avanzada de balanceo y alineacion segun solicitud del cliente.,Finalizado,2026-03-12 00:00:00,2026-03-12 00:00:00,6289,Cliente informado,KTM,DM200,Jose Ramirez,Manuel Vargas
1002,1809,1018,correccion especializada de ciguenal y motor para mejorar rendimiento.,Finalizado,2026-03-03 00:00:00,2026-03-03 00:00:00,723,Entregado,Honda,Ninja 400,Jose Ramirez,Samuel Cruz
1003,243,186,servicio integral para chequeo y revision general incluyendo ajuste final.,En proceso,2026-03-02 00:00:00,2026-03-06 00:00:00,2671,Entregado,Suzuki,GSX-R750,Jose Ramirez,Edwin Chavez
1004,1244,1736,servicio integral para audio y pintura segun solicitud del cliente.,Finalizado,2026-03-10 00:00:00,2026-03-11 00:00:00,1958,Entregado,Kawasaki,MT-07,Jose Ramirez,Manuel Vargas
1005,1064,2683,instalacion y calibracion de bomba de agua y transmision por falla detectada.,Entregado,2026-03-08 00:00:00,2026-03-12 00:00:00,2888,Cliente informado,KTM,Gixxer 250,Jose Ramirez,Wilmer Soto
1006,3120,3336,ajuste tecnico de embrague y caja de cambios para mejorar rendimiento.,Finalizado,2026-03-09 00:00:00,2026-03-10 00:00:00,4854,Cliente informado,Honda,Boxer 150,Jose Ramirez,Brayan Silva
1007,695,4490,inspeccion avanzada de biela y arbol de levas debido a desgaste.,Finalizado,2026-03-17 00:00:00,2026-03-07 00:00:00,5147,Cliente informado,Suzuki,MT-07,Jose Ramirez,Jose Ramirez
1008,4022,2688,revision completa de lubricacion y filtro de aceite con pruebas posteriores.,Finalizado,2026-03-11 00:00:00,2026-03-01 00:00:00,887,Entregado,Yamaha,NKD 125,Jose Ramirez,Manuel Vargas
1009,2492,2461,correccion especializada de luces y fallo electrico debido a desgaste.,Finalizado,2026-03-01 00:00:00,2026-03-04 00:00:00,1860,Entregado,Yamaha,GSX-R750,Carlos Mendoza,Daniel Castillo
1010,2532,3999,optimizacion del sistema carroceria y direccion por falla detectada.,Finalizado,2026-03-24 00:00:00,2026-03-25 00:00:00,1714,Entregado,Honda,RC 200,Carlos Mendoza,Francisco Blandon
1011,747,2868,mantenimiento preventivo en biela y embrague incluyendo ajuste final.,Entregado,2026-03-21 00:00:00,2026-03-25 00:00:00,1772,Cliente informado,Kawasaki,Pulsar NS200,Jose Ramirez,Mario Lopez
1012,383,4981,servicio integral para escaneo y chequeo para mejorar rendimiento.,Entregado,2026-03-23 00:00:00,2026-03-27 00:00:00,4021,Cliente informado,Yamaha,XR150L,Carlos Mendoza,Erick Gutierrez
1013,584,3889,mantenimiento preventivo en aleron y performance por falla detectada.,Finalizado,2026-03-11 00:00:00,2026-03-15 00:00:00,3412,Entregado,Kawasaki,Z650,Carlos Mendoza,Edwin Chavez
1014,136,3821,correccion especializada de arbol de levas y biela para mejorar rendimiento.,Finalizado,2026-03-15 00:00:00,2026-03-16 00:00:00,528,Cliente informado,Suzuki,FZ16,Jose Ramirez,Francisco Blandon
1015,1006,4570,diagnostico y reparacion de biela y eje debido a desgaste.,Finalizado,2026-03-03 00:00:00,2026-03-07 00:00:00,1832,Cliente informado,Yamaha,Ninja 400,Carlos Mendoza,Steven Rocha
1016,762,2527,servicio integral para alineacion y cambio de aceite incluyendo ajuste final.,Finalizado,2026-03-07 00:00:00,2026-03-08 00:00:00,4678,Cliente informado,Kawasaki,NKD 125,Jose Ramirez,Daniel Castillo
1017,753,2384,servicio integral para llantas deportivas y kit aerodinamico incluyendo ajuste final.,Finalizado,2026-03-22 00:00:00,2026-03-22 00:00:00,3779,Cliente informado,Kawasaki,FZ16,Carlos Mendoza,Oscar Reyes
1018,1009,3494,servicio integral para estetico y modificacion debido a desgaste.,Finalizado,2026-03-14 00:00:00,2026-03-17 00:00:00,5741,Entregado,TVS,Gixxer 250,Carlos Mendoza,Edwin Chavez
1019,4360,925,servicio integral para revision y revision y verificacion completa.,Finalizado,2026-03-26 00:00:00,2026-03-29 00:00:00,2327,Cliente informado,Suzuki,FZ16,Jose Ramirez,Mario Lopez
1020,4610,4894,inspeccion avanzada de chequeo y revision incluyendo ajuste final.,Finalizado,2026-03-10 00:00:00,2026-03-14 00:00:00,5677,Entregado,Suzuki,Pulsar NS200,Jose Ramirez,Steven Rocha
1021,4450,715,servicio integral para bateria y fallo electrico incluyendo ajuste final.,Finalizado,2026-03-02 00:00:00,2026-03-03 00:00:00,2930,Entregado,Suzuki,CB190R,Jose Ramirez,Alexis Diaz
1022,3462,3276,revision completa de filtro de aceite y cambio de aceite para mejorar rendimiento.,Finalizado,2026-03-06 00:00:00,2026-03-07 00:00:00,5475,Cliente informado,AKT,MT-07,Jose Ramirez,Carlos Mendoza
1023,2102,3884,mantenimiento preventivo en chequeo y filtro de aire debido a desgaste.,Finalizado,2026-03-22 00:00:00,2026-03-22 00:00:00,3881,Cliente informado,Kawasaki,Gixxer 250,Carlos Mendoza,Samuel Cruz
1024,1013,2426,instalacion y calibracion de falla y problema para mejorar rendimiento.,Finalizado,2026-03-20 00:00:00,2026-03-22 00:00:00,1967,Cliente informado,Yamaha,Apache RTR 200,Jose Ramirez,Eduardo Castro
1025,285,420,diagnostico y reparacion de chip y cambio color debido a desgaste.,Finalizado,2026-03-24 00:00:00,2026-03-24 00:00:00,2833,Entregado,Honda,CB190R,Carlos Mendoza,Kevin Torres
1026,3754,4308,instalacion y calibracion de test y evaluacion para mejorar rendimiento.,Finalizado,2026-03-03 00:00:00,2026-03-03 00:00:00,756,Cliente informado,Italika,Ninja 400,Jose Ramirez,Henry Tellez
1027,575,5077,inspeccion avanzada de fallo electrico y bateria por falla detectada.,Finalizado,2026-03-22 00:00:00,2026-03-22 00:00:00,1066,Cliente informado,Bajaj,Gixxer 250,Jose Ramirez,Brayan Silva
1028,3989,2360,optimizacion del sistema distribucion y suspension incluyendo ajuste final.,Finalizado,2026-03-12 00:00:00,2026-03-13 00:00:00,1084,Cliente informado,Kawasaki,NKD 125,Jose Ramirez,Alexis Diaz
1029,4203,3044,diagnostico y reparacion de niveles y filtro de aire y verificacion completa.,Finalizado,2026-03-19 00:00:00,2026-03-22 00:00:00,3960,Entregado,Yamaha,Duke 390,Jose Ramirez,Kevin Torres
1030,969,2859,servicio integral para radiador y carroceria incluyendo ajuste final.,Finalizado,2026-03-14 00:00:00,2026-03-15 00:00:00,6404,Entregado,Suzuki,GN125,Jose Ramirez,Victor Rivas
1031,1095,4956,diagnostico y reparacion de lubricacion y chequeo debido a desgaste.,Finalizado,2026-02-28 00:00:00,2026-03-04 00:00:00,863,Entregado,Bajaj,GN125,Carlos Mendoza,Mario Lopez
1032,845,4630,servicio integral para chequeo y evaluacion incluyendo ajuste final.,Finalizado,2026-03-27 00:00:00,2026-03-27 00:00:00,3053,Cliente informado,Italika,Duke 390,Jose Ramirez,Kevin Torres
1033,4735,33,mantenimiento preventivo en motor de arranque y fallo electrico para mejorar rendimiento.,Finalizado,2026-03-28 00:00:00,2026-03-31 00:00:00,5522,Entregado,Yamaha,XR150L,Jose Ramirez,Juan Perez
1034,2144,4165,instalacion y calibracion de falla y ruido incluyendo ajuste final.,Finalizado,2026-03-08 00:00:00,2026-03-09 00:00:00,5929,Entregado,KTM,Z650,Carlos Mendoza,Mario Lopez
1035,2496,180,optimizacion del sistema alineacion y cambio de aceite y verificacion completa.,En proceso,2026-03-07 00:00:00,2026-03-07 00:00:00,2214,Entregado,Honda,Z650,Carlos Mendoza,Miguel Garcia
1036,1400,656,servicio integral para centralita y sensores incluyendo ajuste final.,En proceso,2026-03-08 00:00:00,2026-03-08 00:00:00,2290,Cliente informado,AKT,FT150,Jose Ramirez,Brayan Silva
1037,1721,4490,servicio integral para bujias y filtro de aceite para mejorar rendimiento.,Finalizado,2026-02-28 00:00:00,2026-03-04 00:00:00,5501,Cliente informado,AKT,XR150L,Jose Ramirez,Javier Morales
1038,686,23,instalacion y calibracion de alternador y sensores con pruebas posteriores.,Finalizado,2026-03-08 00:00:00,2026-03-09 00:00:00,1750,Cliente informado,Yamaha,R15,Jose Ramirez,Roberto Flores
1039,948,186,optimizacion del sistema pintar carroceria y chip y verificacion completa.,Finalizado,2026-03-07 00:00:00,2026-03-10 00:00:00,2737,Entregado,Honda,Apache RTR 200,Carlos Mendoza,Francisco Blandon
1040,2234,5148,instalacion y calibracion de ruido y revision general y verificacion completa.,Finalizado,2026-03-10 00:00:00,2026-03-13 00:00:00,5514,Entregado,KTM,NKD 125,Carlos Mendoza,Eduardo Castro
1041,1064,4365,instalacion y calibracion de falla y escaneo y verificacion completa.,Finalizado,2026-02-28 00:00:00,2026-03-04 00:00:00,5346,Entregado,Italika,NKD 125,Jose Ramirez,Andres Ruiz
1042,4261,4486,instalacion y calibracion de cableado y motor de arranque con pruebas posteriores.,Finalizado,2026-03-07 00:00:00,2026-03-11 00:00:00,1820,Cliente informado,Suzuki,GSX-R750,Jose Ramirez,Alexis Diaz
1043,4486,539,mantenimiento preventivo en sistema electrico y luces y verificacion completa.,Finalizado,2026-03-01 00:00:00,2026-03-04 00:00:00,533,Entregado,KTM,Gixxer 250,Jose Ramirez,Samuel Cruz
1044,15,3767,mantenimiento preventivo en sistema electrico y encendido con pruebas posteriores.,Finalizado,2026-03-20 00:00:00,2026-03-22 00:00:00,5665,Cliente informado,Honda,DM200,Jose Ramirez,Alexis Diaz
1045,2234,5148,inspeccion avanzada de amortiguadores y arbol de levas incluyendo ajuste final.,Finalizado,2026-03-10 00:00:00,2026-03-13 00:00:00,4863,Entregado,Honda,Apache RTR 200,Jose Ramirez,Carlos Mendoza
1046,4515,2714,inspeccion avanzada de encendido y alternador para mejorar rendimiento.,Finalizado,2026-03-28 00:00:00,2026-03-31 00:00:00,1081,Cliente informado,Yamaha,Ninja 400,Jose Ramirez,Steven Rocha
1047,1148,1056,correccion especializada de inspeccion y inspeccion incluyendo ajuste final.,Finalizado,2026-03-25 00:00:00,2026-03-28 00:00:00,506,Cliente informado,Suzuki,MT-07,Carlos Mendoza,Oscar Reyes
1048,3464,4605,optimizacion del sistema sistema electrico y encendido con pruebas posteriores.,Finalizado,2026-03-06 00:00:00,2026-03-06 00:00:00,5618,Cliente informado,Bajaj,FZ16,Jose Ramirez,Victor Rivas
1049,4614,416,instalacion y calibracion de chasis y biela segun solicitud del cliente.,Finalizado,2026-03-22 00:00:00,2026-03-26 00:00:00,6161,Entregado,AKT,Ninja 400,Carlos Mendoza,Oscar Reyes
1050,3173,2302,correccion especializada de alternador y centralita para mejorar rendimiento.,Finalizado,2026-03-29 00:00:00,2026-03-19 00:00:00,1611,Entregado,Suzuki,Ninja 400,Jose Ramirez,Miguel Garcia
1051,4234,4130,mantenimiento preventivo en inspeccion y revision general incluyendo ajuste final.,Finalizado,2026-03-06 00:00:00,2026-03-07 00:00:00,5668,Entregado,Honda,FZ16,Jose Ramirez,Oscar Reyes
1052,1368,3976,inspeccion avanzada de diferencial y ciguenal con pruebas posteriores.,Finalizado,2026-03-08 00:00:00,2026-03-10 00:00:00,5315,Entregado,Honda,R15,Carlos Mendoza,Daniel Castillo
1053,3794,4821,servicio integral para alineacion y balanceo por falla detectada.,Finalizado,2026-03-20 00:00:00,2026-03-24 00:00:00,1306,Entregado,KTM,Boxer 150,Carlos Mendoza,Wilmer Soto
1054,195,2633,mantenimiento preventivo en balanceo y filtro de aire y verificacion completa.,Finalizado,2026-03-28 00:00:00,2026-04-01 00:00:00,1895,Cliente informado,Suzuki,NKD 125,Carlos Mendoza,Daniel Castillo
1055,4137,1039,servicio integral para frenos y amortiguadores para mejorar rendimiento.,Finalizado,2026-03-23 00:00:00,2026-03-25 00:00:00,4525,Cliente informado,Suzuki,R15,Carlos Mendoza,Andres Ruiz
1056,4192,1891,diagnostico y reparacion de performance y modificacion por falla detectada.,Finalizado,2026-03-19 00:00:00,2026-03-23 00:00:00,2435,Cliente informado,Bajaj,RC 200,Carlos Mendoza,Juan Perez
1057,3424,2871,instalacion y calibracion de gps y tuning con pruebas posteriores.,Finalizado,2026-03-15 00:00:00,2026-03-15 00:00:00,3634,Cliente informado,AKT,FT150,Jose Ramirez,Wilmer Soto
1058,1806,4494,instalacion y calibracion de centralita y fallo electrico incluyendo ajuste final.,Finalizado,2026-03-01 00:00:00,2026-02-19 00:00:00,2249,Entregado,Honda,Boxer 150,Jose Ramirez,Miguel Garcia
1059,3839,3244,revision completa de aleron y chip con pruebas posteriores.,Finalizado,2026-03-21 00:00:00,2026-03-25 00:00:00,6384,Cliente informado,KTM,Pulsar NS200,Jose Ramirez,Edwin Chavez
1060,2563,2610,diagnostico y reparacion de revision general y problema con pruebas posteriores.,Finalizado,2026-03-28 00:00:00,2026-03-28 00:00:00,3486,Entregado,Yamaha,Duke 390,Jose Ramirez,Cristian Molina
1061,4955,2445,servicio integral para balanceo y cambio de aceite y verificacion completa.,Entregado,2026-03-15 00:00:00,2026-03-15 00:00:00,3848,Cliente informado,Honda,Boxer 150,Carlos Mendoza,Jose Ramirez
1062,566,4348,revision completa de encendido y luces por falla detectada.,Finalizado,2026-03-10 00:00:00,2026-03-13 00:00:00,5550,Entregado,AKT,GN125,Carlos Mendoza,Francisco Blandon
1063,3803,5209,inspeccion avanzada de cableado y encendido para mejorar rendimiento.,Entregado,2026-03-12 00:00:00,2026-03-14 00:00:00,988,Cliente informado,Italika,Ninja 400,Jose Ramirez,Luis Martinez
1064,2887,4433,instalacion y calibracion de sensores y motor de arranque con pruebas posteriores.,Finalizado,2026-03-07 00:00:00,2026-03-09 00:00:00,4389,Entregado,Honda,CB190R,Carlos Mendoza,Henry Tellez
1065,1632,2973,inspeccion avanzada de test y evaluacion y verificacion completa.,Finalizado,2026-03-15 00:00:00,2026-03-17 00:00:00,6484,Cliente informado,TVS,NKD 125,Carlos Mendoza,Roberto Flores
1066,3841,4136,revision completa de vinilado y custom incluyendo ajuste final.,En proceso,2026-03-09 00:00:00,2026-03-12 00:00:00,6332,Cliente informado,Italika,CB190R,Carlos Mendoza,Oscar Reyes
1067,530,2169,revision completa de chequeo y chequeo por falla detectada.,Finalizado,2026-03-14 00:00:00,2026-03-15 00:00:00,3711,Entregado,Suzuki,DM200,Jose Ramirez,Luis Martinez
1068,1739,5149,servicio integral para motor de arranque y centralita segun solicitud del cliente.,Finalizado,2026-03-16 00:00:00,2026-03-16 00:00:00,5829,Entregado,KTM,RC 200,Jose Ramirez,Julio Navarro
1069,3754,4308,ajuste tecnico de test y problema debido a desgaste.,Finalizado,2026-03-03 00:00:00,2026-03-03 00:00:00,2395,Cliente informado,Yamaha,GN125,Jose Ramirez,Eduardo Castro
1070,4160,110,instalacion y calibracion de bateria y cableado segun solicitud del cliente.,Finalizado,2026-03-22 00:00:00,2026-03-22 00:00:00,5845,Cliente informado,Honda,GSX-R750,Carlos Mendoza,Andres Ruiz
1071,1401,3587,instalacion y calibracion de bomba de agua y distribucion segun solicitud del cliente.,Finalizado,2026-03-24 00:00:00,2026-03-25 00:00:00,3663,Cliente informado,Suzuki,Z650,Jose Ramirez,Javier Morales
1072,2997,3553,instalacion y calibracion de pantalla y potencia con pruebas posteriores.,Finalizado,2026-03-18 00:00:00,2026-03-18 00:00:00,4195,Cliente informado,Honda,GSX-R750,Jose Ramirez,Eduardo Castro
1073,3709,3907,ajuste tecnico de camara y vinilado segun solicitud del cliente.,Finalizado,2026-03-21 00:00:00,2026-03-22 00:00:00,5625,Cliente informado,KTM,Gixxer 250,Carlos Mendoza,Kevin Torres
1074,3562,5193,inspeccion avanzada de chequeo y bujias debido a desgaste.,Finalizado,2026-03-24 00:00:00,2026-03-24 00:00:00,3885,Entregado,Suzuki,CBR 600RR,Jose Ramirez,Brayan Silva
1075,584,3889,instalacion y calibracion de reprogramacion y polarizado con pruebas posteriores.,Finalizado,2026-03-11 00:00:00,2026-03-15 00:00:00,627,Entregado,TVS,MT-07,Jose Ramirez,Brayan Silva
1076,1376,1996,ajuste tecnico de bujias y lubricacion con pruebas posteriores.,Finalizado,2026-03-17 00:00:00,2026-03-18 00:00:00,2857,Entregado,Italika,Duke 390,Jose Ramirez,Julio Navarro
1077,3744,672,revision completa de cromado y aleron para mejorar rendimiento.,Finalizado,2026-03-17 00:00:00,2026-03-20 00:00:00,1109,Entregado,TVS,FZ16,Carlos Mendoza,Luis Martinez
1078,1018,37,diagnostico y reparacion de tuning y performance debido a desgaste.,Finalizado,2026-03-29 00:00:00,2026-03-31 00:00:00,4021,Cliente informado,Bajaj,FT150,Carlos Mendoza,Oscar Reyes
1079,632,3003,servicio integral para revision general y diagnostico por falla detectada.,Finalizado,2026-03-13 00:00:00,2026-03-14 00:00:00,2119,Cliente informado,Bajaj,Apache RTR 200,Carlos Mendoza,Roberto Flores
1080,4106,2717,servicio integral para direccion y ciguenal para mejorar rendimiento.,Finalizado,2026-03-21 00:00:00,2026-03-22 00:00:00,4503,Entregado,Italika,Boxer 150,Carlos Mendoza,Jose Ramirez
1081,1870,4841,instalacion y calibracion de suspension deportiva y custom segun solicitud del cliente.,Finalizado,2026-03-27 00:00:00,2026-03-28 00:00:00,4986,Cliente informado,Bajaj,R15,Carlos Mendoza,Brayan Silva
1082,902,5131,optimizacion del sistema escaneo y falla para mejorar rendimiento.,Finalizado,2026-03-25 00:00:00,2026-03-26 00:00:00,727,Cliente informado,Kawasaki,CBR 600RR,Jose Ramirez,Manuel Vargas
1083,640,350,optimizacion del sistema motor de arranque y luces incluyendo ajuste final.,Finalizado,2026-03-20 00:00:00,2026-03-24 00:00:00,2220,Entregado,Italika,NKD 125,Carlos Mendoza,Andres Ruiz
1084,3705,3860,inspeccion avanzada de inspeccion y revision general con pruebas posteriores.,Finalizado,2026-03-04 00:00:00,2026-03-05 00:00:00,4031,Entregado,Yamaha,Gixxer 250,Jose Ramirez,Andres Ruiz
1085,3969,2837,servicio integral para cambio color y calipers con pruebas posteriores.,Finalizado,2026-03-02 00:00:00,2026-03-06 00:00:00,5473,Entregado,KTM,RC 200,Jose Ramirez,Daniel Castillo
1086,3709,3907,diagnostico y reparacion de test y revision general para mejorar rendimiento.,Finalizado,2026-03-21 00:00:00,2026-03-22 00:00:00,3233,Cliente informado,Bajaj,Boxer 150,Jose Ramirez,Wilmer Soto
1087,3166,4505,correccion especializada de caja de cambios y distribucion con pruebas posteriores.,Finalizado,2026-03-26 00:00:00,2026-03-30 00:00:00,5332,Cliente informado,Kawasaki,FZ16,Carlos Mendoza,Edwin Chavez
1088,4140,4513,optimizacion del sistema motor y frenos incluyendo ajuste final.,Finalizado,2026-03-08 00:00:00,2026-03-08 00:00:00,1028,Cliente informado,Kawasaki,Z650,Carlos Mendoza,Victor Rivas
1089,3252,1302,diagnostico y reparacion de suspension y arbol de levas incluyendo ajuste final.,Finalizado,2026-03-14 00:00:00,2026-03-16 00:00:00,858,Cliente informado,TVS,Apache RTR 200,Carlos Mendoza,Victor Rivas
1090,3802,1909,revision completa de ruido y ruido para mejorar rendimiento.,Finalizado,2026-03-12 00:00:00,2026-03-12 00:00:00,3154,Entregado,Suzuki,Boxer 150,Carlos Mendoza,Kevin Torres
1091,1461,4987,correccion especializada de filtro de aceite y alineacion segun solicitud del cliente.,Finalizado,2026-03-22 00:00:00,2026-03-23 00:00:00,2407,Entregado,Kawasaki,Apache RTR 200,Carlos Mendoza,Erick Gutierrez
1092,225,4981,diagnostico y reparacion de amortiguadores y amortiguadores por falla detectada.,Finalizado,2026-03-03 00:00:00,2026-02-21 00:00:00,2653,Cliente informado,Honda,CB190R,Jose Ramirez,Francisco Blandon
1093,1430,5059,inspeccion avanzada de sistema electrico y cableado por falla detectada.,Finalizado,2026-03-08 00:00:00,2026-03-12 00:00:00,5288,Cliente informado,KTM,Z650,Carlos Mendoza,Eduardo Castro
1094,1554,4676,mantenimiento preventivo en escaneo y ruido incluyendo ajuste final.,Finalizado,2026-03-20 00:00:00,2026-03-22 00:00:00,5306,Cliente informado,Yamaha,XR150L,Carlos Mendoza,Juan Perez
1095,1455,3126,revision completa de pantalla y sensores de estacionamiento por falla detectada.,Finalizado,2026-02-28 00:00:00,2026-03-04 00:00:00,6365,Entregado,Kawasaki,R15,Carlos Mendoza,Javier Morales
1096,88,4866,mantenimiento preventivo en filtro de aire y lubricacion por falla detectada.,Finalizado,2026-03-01 00:00:00,2026-03-02 00:00:00,4447,Cliente informado,Yamaha,XR150L,Jose Ramirez,Roberto Flores
1097,552,1625,servicio integral para sistema electrico y fallo electrico para mejorar rendimiento.,Finalizado,2026-03-24 00:00:00,2026-03-26 00:00:00,3397,Cliente informado,AKT,Pulsar NS200,Carlos Mendoza,Luis Martinez
1098,1444,3734,servicio integral para escape deportivo y custom incluyendo ajuste final.,Finalizado,2026-03-14 00:00:00,2026-03-18 00:00:00,2770,Entregado,Suzuki,Gixxer 250,Carlos Mendoza,Carlos Mendoza
1099,4153,4138,ajuste tecnico de ciguenal y diferencial debido a desgaste.,Finalizado,2026-03-14 00:00:00,2026-03-16 00:00:00,3463,Entregado,KTM,DM200,Jose Ramirez,Henry Tellez
1100,3886,418,optimizacion del sistema embrague y pistones incluyendo ajuste final.,Finalizado,2026-03-18 00:00:00,2026-03-22 00:00:00,5017,Cliente informado,Honda,Gixxer 250,Jose Ramirez,Alexis Diaz
1101,2797,1674,instalacion y calibracion de chasis y caja de cambios y verificacion completa.,Finalizado,2026-03-26 00:00:00,2026-03-27 00:00:00,583,Entregado,Suzuki,RC 200,Jose Ramirez,Henry Tellez
1102,167,5295,revision completa de suspension deportiva y turbo debido a desgaste.,Finalizado,2026-02-28 00:00:00,2026-03-04 00:00:00,2114,Cliente informado,Bajaj,Boxer 150,Carlos Mendoza,Wilmer Soto
1103,1013,2426,servicio integral para custom y escape deportivo por falla detectada.,Finalizado,2026-03-20 00:00:00,2026-03-22 00:00:00,2587,Cliente informado,Yamaha,GSX-R750,Carlos Mendoza,Edwin Chavez
1104,151,2399,diagnostico y reparacion de problema y falla incluyendo ajuste final.,Finalizado,2026-03-23 00:00:00,2026-03-26 00:00:00,2185,Cliente informado,Suzuki,Gixxer 250,Jose Ramirez,Carlos Mendoza
1105,4068,1264,optimizacion del sistema filtro de aceite y niveles incluyendo ajuste final.,En proceso,2026-03-26 00:00:00,2026-03-26 00:00:00,5293,Cliente informado,AKT,Duke 390,Carlos Mendoza,Javier Morales
1106,307,1393,optimizacion del sistema luces y sensores para mejorar rendimiento.,Finalizado,2026-03-25 00:00:00,2026-03-29 00:00:00,1307,Entregado,Kawasaki,CBR 600RR,Jose Ramirez,Javier Morales
1107,52,2054,inspeccion avanzada de arbol de levas y diferencial debido a desgaste.,En proceso,2026-02-28 00:00:00,2026-03-03 00:00:00,6079,Entregado,Italika,GSX-R750,Jose Ramirez,Wilmer Soto
1108,686,23,correccion especializada de culata y diferencial para mejorar rendimiento.,Finalizado,2026-03-08 00:00:00,2026-03-09 00:00:00,4727,Cliente informado,KTM,CB190R,Jose Ramirez,Wilmer Soto
1109,2122,189,ajuste tecnico de filtro de aceite y niveles segun solicitud del cliente.,Finalizado,2026-03-03 00:00:00,2026-03-04 00:00:00,1781,Cliente informado,Yamaha,Ninja 400,Carlos Mendoza,Samuel Cruz
1110,1806,4494,correccion especializada de bujias y bujias incluyendo ajuste final.,Finalizado,2026-03-01 00:00:00,2026-02-19 00:00:00,6440,Entregado,Honda,MT-07,Carlos Mendoza,Daniel Castillo
1111,1967,1891,correccion especializada de lubricacion y chequeo con pruebas posteriores.,Finalizado,2026-03-02 00:00:00,2026-02-20 00:00:00,5250,Entregado,Kawasaki,Ninja 400,Carlos Mendoza,Edwin Chavez
1112,3720,3889,optimizacion del sistema potencia y sonido segun solicitud del cliente.,Finalizado,2026-03-26 00:00:00,2026-03-30 00:00:00,1350,Entregado,Bajaj,Pulsar NS200,Carlos Mendoza,Victor Rivas
1113,3293,1184,revision completa de potencia y pintar carroceria por falla detectada.,Finalizado,2026-03-14 00:00:00,2026-03-15 00:00:00,1572,Cliente informado,Suzuki,GN125,Carlos Mendoza,Brayan Silva
1114,3243,3177,instalacion y calibracion de sonido y luces led incluyendo ajuste final.,Finalizado,2026-03-11 00:00:00,2026-03-12 00:00:00,619,Entregado,Honda,MT-07,Carlos Mendoza,Daniel Castillo
1115,1554,4676,diagnostico y reparacion de eje y carroceria por falla detectada.,Finalizado,2026-03-20 00:00:00,2026-03-22 00:00:00,2231,Cliente informado,Suzuki,XR150L,Jose Ramirez,Juan Perez
1116,3124,1096,inspeccion avanzada de frenos deportivos y pintar carroceria para mejorar rendimiento.,Finalizado,2026-03-11 00:00:00,2026-03-12 00:00:00,2640,Entregado,KTM,MT-07,Jose Ramirez,Wilmer Soto
1117,3454,766,instalacion y calibracion de sistema electrico y alternador segun solicitud del cliente.,Finalizado,2026-03-11 00:00:00,2026-03-14 00:00:00,2302,Cliente informado,Suzuki,XR150L,Jose Ramirez,Luis Martinez
1118,2407,1791,diagnostico y reparacion de bomba de agua y carroceria debido a desgaste.,Finalizado,2026-03-14 00:00:00,2026-03-17 00:00:00,1611,Cliente informado,Bajaj,Apache RTR 200,Jose Ramirez,Kevin Torres
1119,567,904,optimizacion del sistema alineacion y revision segun solicitud del cliente.,Finalizado,2026-03-11 00:00:00,2026-03-15 00:00:00,6010,Cliente informado,Yamaha,RC 200,Jose Ramirez,Julio Navarro
1120,2396,3570,revision completa de alineacion y filtro de aire para mejorar rendimiento.,Finalizado,2026-03-10 00:00:00,2026-03-12 00:00:00,4563,Entregado,Yamaha,GSX-R750,Carlos Mendoza,Carlos Mendoza
1121,3191,376,mantenimiento preventivo en chip y luces led con pruebas posteriores.,Finalizado,2026-03-23 00:00:00,2026-03-25 00:00:00,4512,Entregado,Yamaha,RC 200,Jose Ramirez,Victor Rivas
1122,1693,1184,revision completa de sistema electrico y encendido con pruebas posteriores.,Finalizado,2026-03-16 00:00:00,2026-03-20 00:00:00,5212,Entregado,Suzuki,R15,Carlos Mendoza,Mario Lopez
1123,2948,3908,optimizacion del sistema direccion y frenos incluyendo ajuste final.,Finalizado,2026-03-22 00:00:00,2026-03-12 00:00:00,5647,Cliente informado,Bajaj,R15,Carlos Mendoza,Javier Morales
1124,119,4396,diagnostico y reparacion de encendido y bateria segun solicitud del cliente.,Entregado,2026-03-02 00:00:00,2026-03-04 00:00:00,2965,Cliente informado,Suzuki,FZ16,Carlos Mendoza,Miguel Garcia
1125,892,4236,ajuste tecnico de alternador y fallo electrico con pruebas posteriores.,Finalizado,2026-03-04 00:00:00,2026-03-05 00:00:00,2483,Cliente informado,Honda,NKD 125,Jose Ramirez,Carlos Mendoza
1126,1401,1351,diagnostico y reparacion de centralita y sensores debido a desgaste.,Finalizado,2026-03-28 00:00:00,2026-03-29 00:00:00,1667,Entregado,TVS,Ninja 400,Jose Ramirez,Alexis Diaz
1127,4073,3261,mantenimiento preventivo en problema y evaluacion debido a desgaste.,Finalizado,2026-03-26 00:00:00,2026-03-28 00:00:00,3403,Entregado,Kawasaki,MT-07,Jose Ramirez,Steven Rocha
1128,1962,3695,optimizacion del sistema lubricacion y revision segun solicitud del cliente.,Finalizado,2026-03-07 00:00:00,2026-03-09 00:00:00,5045,Cliente informado,Kawasaki,CBR 600RR,Carlos Mendoza,Henry Tellez
1129,4066,2108,ajuste tecnico de pintura y vinilado y verificacion completa.,Finalizado,2026-03-03 00:00:00,2026-03-06 00:00:00,2297,Entregado,Honda,RC 200,Carlos Mendoza,Victor Rivas
1130,838,3395,optimizacion del sistema cambio de aceite y bujias segun solicitud del cliente.,Finalizado,2026-03-16 00:00:00,2026-03-17 00:00:00,2504,Cliente informado,Italika,Apache RTR 200,Carlos Mendoza,Roberto Flores
1131,2792,791,correccion especializada de motor de arranque y bateria y verificacion completa.,Finalizado,2026-03-27 00:00:00,2026-03-28 00:00:00,6076,Entregado,Yamaha,Duke 390,Jose Ramirez,Eduardo Castro
1132,808,1423,ajuste tecnico de bateria y cableado debido a desgaste.,Finalizado,2026-03-28 00:00:00,2026-03-29 00:00:00,622,Cliente informado,Honda,GN125,Jose Ramirez,Alexis Diaz
1133,135,606,revision completa de chip y potencia debido a desgaste.,Finalizado,2026-03-14 00:00:00,2026-03-15 00:00:00,4903,Entregado,Suzuki,FT150,Jose Ramirez,Oscar Reyes
1134,4214,357,ajuste tecnico de revision general y evaluacion segun solicitud del cliente.,Finalizado,2026-03-03 00:00:00,2026-03-06 00:00:00,2633,Entregado,Yamaha,RC 200,Jose Ramirez,Victor Rivas
1135,4421,3643,instalacion y calibracion de cambio de aceite y niveles con pruebas posteriores.,Finalizado,2026-02-28 00:00:00,2026-03-04 00:00:00,1420,Cliente informado,Suzuki,Ninja 400,Carlos Mendoza,Samuel Cruz
1136,1554,4676,diagnostico y reparacion de motor de arranque y sistema electrico debido a desgaste.,Finalizado,2026-03-20 00:00:00,2026-03-22 00:00:00,5515,Cliente informado,TVS,NKD 125,Jose Ramirez,Luis Martinez
1137,3590,2974,instalacion y calibracion de alternador y sistema electrico con pruebas posteriores.,Finalizado,2026-03-29 00:00:00,2026-04-02 00:00:00,1288,Entregado,Bajaj,RC 200,Carlos Mendoza,Juan Perez
1138,3200,4867,revision completa de cambio de aceite y alineacion debido a desgaste.,Finalizado,2026-03-11 00:00:00,2026-03-15 00:00:00,6388,Cliente informado,Suzuki,Apache RTR 200,Jose Ramirez,Miguel Garcia
1139,1952,3674,diagnostico y reparacion de culata y suspension debido a desgaste.,Finalizado,2026-03-13 00:00:00,2026-03-14 00:00:00,1853,Cliente informado,Yamaha,CB190R,Carlos Mendoza,Mario Lopez
1140,25,826,mantenimiento preventivo en evaluacion y ruido segun solicitud del cliente.,Finalizado,2026-03-22 00:00:00,2026-03-22 00:00:00,3478,Entregado,Yamaha,Apache RTR 200,Carlos Mendoza,Miguel Garcia
1141,3744,672,inspeccion avanzada de sensores de estacionamiento y llantas deportivas para mejorar rendimiento.,Finalizado,2026-03-17 00:00:00,2026-03-20 00:00:00,3582,Entregado,TVS,Apache RTR 200,Jose Ramirez,Fernando Herrera
1142,3524,412,mantenimiento preventivo en sensores y centralita para mejorar rendimiento.,Finalizado,2026-03-23 00:00:00,2026-03-25 00:00:00,5198,Entregado,Honda,R15,Carlos Mendoza,Wilmer Soto
1143,2563,4306,mantenimiento preventivo en cableado y sensores debido a desgaste.,Finalizado,2026-03-24 00:00:00,2026-03-28 00:00:00,5380,Cliente informado,KTM,Z650,Jose Ramirez,Julio Navarro
1144,2458,2190,diagnostico y reparacion de filtro de aire y lubricacion incluyendo ajuste final.,Finalizado,2026-03-07 00:00:00,2026-03-08 00:00:00,2686,Cliente informado,KTM,MT-07,Carlos Mendoza,Julio Navarro
1145,717,4250,inspeccion avanzada de centralita y centralita para mejorar rendimiento.,Finalizado,2026-03-04 00:00:00,2026-03-05 00:00:00,5483,Cliente informado,Bajaj,Gixxer 250,Carlos Mendoza,Daniel Castillo
1146,3697,3606,optimizacion del sistema evaluacion y escaneo y verificacion completa.,Finalizado,2026-03-12 00:00:00,2026-03-14 00:00:00,2979,Entregado,TVS,DM200,Carlos Mendoza,Cristian Molina
1147,2775,1770,ajuste tecnico de polarizado y actualizacion de software y verificacion completa.,En proceso,2026-03-24 00:00:00,2026-03-27 00:00:00,1709,Cliente informado,Kawasaki,GN125,Carlos Mendoza,Cristian Molina
1148,4794,4493,revision completa de bujias y cambio de aceite por falla detectada.,Finalizado,2026-03-02 00:00:00,2026-03-06 00:00:00,1453,Cliente informado,Kawasaki,Apache RTR 200,Jose Ramirez,Juan Perez
1149,2338,3092,correccion especializada de bujias y lubricacion por falla detectada.,Finalizado,2026-03-01 00:00:00,2026-03-05 00:00:00,1588,Cliente informado,Honda,DM200,Carlos Mendoza,Steven Rocha
1150,4360,925,revision completa de embrague y motor incluyendo ajuste final.,Finalizado,2026-03-26 00:00:00,2026-03-29 00:00:00,5242,Cliente informado,KTM,GN125,Carlos Mendoza,Roberto Flores
1151,2479,5175,servicio integral para ruido y problema segun solicitud del cliente.,Finalizado,2026-03-19 00:00:00,2026-03-22 00:00:00,946,Entregado,Suzuki,Ninja 400,Carlos Mendoza,Alexis Diaz
1152,4515,2714,mantenimiento preventivo en inspeccion y chequeo y verificacion completa.,Finalizado,2026-03-28 00:00:00,2026-03-31 00:00:00,1634,Cliente informado,KTM,GSX-R750,Carlos Mendoza,Andres Ruiz
1153,4099,130,diagnostico y reparacion de sensores de estacionamiento y calipers debido a desgaste.,Finalizado,2026-03-29 00:00:00,2026-04-01 00:00:00,2563,Cliente informado,Italika,Boxer 150,Jose Ramirez,Edwin Chavez
1154,3636,3276,optimizacion del sistema encendido y bateria segun solicitud del cliente.,Finalizado,2026-03-11 00:00:00,2026-03-13 00:00:00,3677,Entregado,Yamaha,Z650,Carlos Mendoza,Roberto Flores
1155,4708,3694,instalacion y calibracion de fallo electrico y sistema electrico segun solicitud del cliente.,Finalizado,2026-03-13 00:00:00,2026-03-16 00:00:00,6173,Cliente informado,AKT,MT-07,Carlos Mendoza,Edwin Chavez
1156,2447,786,diagnostico y reparacion de chasis y bomba de agua por falla detectada.,Finalizado,2026-03-23 00:00:00,2026-03-26 00:00:00,656,Entregado,Honda,Gixxer 250,Jose Ramirez,Daniel Castillo
1157,4874,311,inspeccion avanzada de amortiguadores y motor debido a desgaste.,Finalizado,2026-03-11 00:00:00,2026-03-14 00:00:00,3358,Entregado,AKT,GSX-R750,Carlos Mendoza,Cristian Molina
1158,3420,2400,mantenimiento preventivo en luces led y pintura debido a desgaste.,Finalizado,2026-03-13 00:00:00,2026-03-14 00:00:00,2919,Entregado,Suzuki,FZ16,Jose Ramirez,Oscar Reyes
1159,4158,3606,mantenimiento preventivo en culata y frenos con pruebas posteriores.,Finalizado,2026-03-02 00:00:00,2026-03-04 00:00:00,4285,Entregado,TVS,R15,Carlos Mendoza,Henry Tellez
1160,567,904,instalacion y calibracion de fallo electrico y bateria por falla detectada.,Finalizado,2026-03-11 00:00:00,2026-03-15 00:00:00,2147,Cliente informado,Suzuki,GN125,Carlos Mendoza,Carlos Mendoza
1161,4437,1078,instalacion y calibracion de fallo electrico y alternador con pruebas posteriores.,Finalizado,2026-03-04 00:00:00,2026-03-07 00:00:00,5599,Cliente informado,KTM,CBR 600RR,Jose Ramirez,Cristian Molina
1162,4663,2877,instalacion y calibracion de bateria y cableado incluyendo ajuste final.,Finalizado,2026-03-11 00:00:00,2026-03-01 00:00:00,3826,Entregado,AKT,Z650,Jose Ramirez,Luis Martinez
1163,1392,2945,inspeccion avanzada de ruido y revision general incluyendo ajuste final.,Finalizado,2026-03-08 00:00:00,2026-02-26 00:00:00,2174,Cliente informado,Italika,XR150L,Jose Ramirez,Mario Lopez
1164,4388,595,servicio integral para chequeo y cambio de aceite con pruebas posteriores.,En proceso,2026-03-02 00:00:00,2026-03-05 00:00:00,2830,Cliente informado,KTM,Duke 390,Jose Ramirez,Edwin Chavez
1165,2225,1079,servicio integral para frenos y direccion debido a desgaste.,Finalizado,2026-03-11 00:00:00,2026-03-01 00:00:00,2607,Entregado,Honda,CB190R,Jose Ramirez,Jose Ramirez
1166,2809,3741,mantenimiento preventivo en ruido y test con pruebas posteriores.,Finalizado,2026-03-22 00:00:00,2026-03-25 00:00:00,3218,Cliente informado,TVS,CB190R,Jose Ramirez,Brayan Silva
1167,4181,4531,diagnostico y reparacion de tuning y custom y verificacion completa.,Finalizado,2026-03-09 00:00:00,2026-03-12 00:00:00,3431,Entregado,Yamaha,GN125,Carlos Mendoza,Miguel Garcia
1168,2119,2226,servicio integral para filtro de aire y balanceo debido a desgaste.,Finalizado,2026-03-14 00:00:00,2026-03-17 00:00:00,2093,Cliente informado,Honda,Apache RTR 200,Carlos Mendoza,Eduardo Castro
1169,1532,4786,inspeccion avanzada de evaluacion y chequeo debido a desgaste.,Finalizado,2026-03-22 00:00:00,2026-03-24 00:00:00,1126,Entregado,Bajaj,Z650,Jose Ramirez,Cristian Molina
1170,4369,4843,optimizacion del sistema niveles y lubricacion y verificacion completa.,Finalizado,2026-03-07 00:00:00,2026-03-10 00:00:00,690,Cliente informado,KTM,CB190R,Carlos Mendoza,Jose Ramirez
1171,2885,786,optimizacion del sistema encendido y motor de arranque segun solicitud del cliente.,Finalizado,2026-03-09 00:00:00,2026-03-12 00:00:00,1921,Entregado,Suzuki,FZ16,Carlos Mendoza,Oscar Reyes
1172,3438,5219,instalacion y calibracion de bujias y filtro de aceite para mejorar rendimiento.,Finalizado,2026-03-22 00:00:00,2026-03-22 00:00:00,2611,Entregado,Honda,DM200,Carlos Mendoza,Mario Lopez
1173,3088,1475,correccion especializada de inspeccion y test segun solicitud del cliente.,Finalizado,2026-03-23 00:00:00,2026-03-23 00:00:00,4484,Cliente informado,Honda,Gixxer 250,Jose Ramirez,Juan Perez
1174,160,5177,inspeccion avanzada de bomba de agua y distribucion segun solicitud del cliente.,En proceso,2026-03-18 00:00:00,2026-03-18 00:00:00,5889,Entregado,Yamaha,NKD 125,Jose Ramirez,Fernando Herrera
1175,144,2369,diagnostico y reparacion de modificacion y cambio color segun solicitud del cliente.,Finalizado,2026-03-21 00:00:00,2026-03-25 00:00:00,3175,Cliente informado,Kawasaki,Gixxer 250,Carlos Mendoza,Miguel Garcia
1176,1756,1635,inspeccion avanzada de bujias y alineacion incluyendo ajuste final.,Finalizado,2026-03-14 00:00:00,2026-03-17 00:00:00,1214,Entregado,Italika,DM200,Carlos Mendoza,Miguel Garcia
1177,211,3238,mantenimiento preventivo en sonido y actualizacion de software segun solicitud del cliente.,Finalizado,2026-03-12 00:00:00,2026-03-14 00:00:00,1426,Cliente informado,Bajaj,GN125,Carlos Mendoza,Cristian Molina
1178,4120,995,ajuste tecnico de escaneo y evaluacion para mejorar rendimiento.,Finalizado,2026-03-18 00:00:00,2026-03-20 00:00:00,2220,Cliente informado,Suzuki,Boxer 150,Jose Ramirez,Samuel Cruz
1179,3519,1384,instalacion y calibracion de culata y transmision con pruebas posteriores.,Finalizado,2026-03-27 00:00:00,2026-03-30 00:00:00,545,Cliente informado,Kawasaki,MT-07,Jose Ramirez,Juan Perez
1180,1519,5237,revision completa de frenos y eje para mejorar rendimiento.,Finalizado,2026-03-18 00:00:00,2026-03-22 00:00:00,944,Cliente informado,Honda,GN125,Jose Ramirez,Kevin Torres
1181,4127,3408,ajuste tecnico de carroceria y diferencial y verificacion completa.,Finalizado,2026-03-02 00:00:00,2026-02-20 00:00:00,5411,Entregado,KTM,GN125,Jose Ramirez,Manuel Vargas
1182,4019,1202,correccion especializada de filtro de aire y cambio de aceite y verificacion completa.,Finalizado,2026-03-21 00:00:00,2026-03-21 00:00:00,4280,Entregado,Yamaha,NKD 125,Jose Ramirez,Javier Morales
1183,552,1625,ajuste tecnico de escaneo y chequeo para mejorar rendimiento.,Finalizado,2026-03-24 00:00:00,2026-03-26 00:00:00,804,Cliente informado,Suzuki,GN125,Carlos Mendoza,Carlos Mendoza
1184,1564,1811,servicio integral para revision general y revision general con pruebas posteriores.,Finalizado,2026-03-27 00:00:00,2026-03-29 00:00:00,3486,Entregado,Suzuki,GN125,Jose Ramirez,Daniel Castillo
1185,3658,2567,correccion especializada de ruido y test con pruebas posteriores.,Finalizado,2026-03-17 00:00:00,2026-03-17 00:00:00,6430,Cliente informado,Honda,CB190R,Jose Ramirez,Brayan Silva
1186,1962,3695,ajuste tecnico de cableado y encendido incluyendo ajuste final.,Finalizado,2026-03-07 00:00:00,2026-03-09 00:00:00,910,Cliente informado,Italika,CBR 600RR,Jose Ramirez,Erick Gutierrez
1187,4351,3126,mantenimiento preventivo en sonido y fibra de carbono segun solicitud del cliente.,Finalizado,2026-03-19 00:00:00,2026-03-20 00:00:00,5108,Cliente informado,Honda,RC 200,Jose Ramirez,Brayan Silva
1188,1974,4930,correccion especializada de revision general y falla con pruebas posteriores.,Finalizado,2026-03-08 00:00:00,2026-03-10 00:00:00,864,Entregado,Kawasaki,CB190R,Carlos Mendoza,Manuel Vargas
1189,2153,4349,inspeccion avanzada de niveles y revision incluyendo ajuste final.,Finalizado,2026-03-25 00:00:00,2026-03-28 00:00:00,2971,Cliente informado,KTM,NKD 125,Carlos Mendoza,Luis Martinez
1190,3850,1068,ajuste tecnico de bujias y revision y verificacion completa.,Finalizado,2026-03-08 00:00:00,2026-03-12 00:00:00,3630,Entregado,Italika,CBR 600RR,Carlos Mendoza,Javier Morales
1191,3517,3276,optimizacion del sistema revision y revision incluyendo ajuste final.,Finalizado,2026-03-01 00:00:00,2026-03-02 00:00:00,5690,Cliente informado,Yamaha,CBR 600RR,Carlos Mendoza,Jose Ramirez
1192,747,2868,ajuste tecnico de vinilado y potencia debido a desgaste.,Entregado,2026-03-21 00:00:00,2026-03-25 00:00:00,5258,Cliente informado,KTM,RC 200,Jose Ramirez,Victor Rivas
1193,3102,4494,optimizacion del sistema escaneo y evaluacion segun solicitud del cliente.,Finalizado,2026-03-27 00:00:00,2026-03-30 00:00:00,598,Cliente informado,KTM,CB190R,Carlos Mendoza,Juan Perez
1194,1801,2615,optimizacion del sistema cambio de aceite y cambio de aceite incluyendo ajuste final.,Finalizado,2026-03-02 00:00:00,2026-03-03 00:00:00,904,Entregado,Yamaha,FZ16,Carlos Mendoza,Erick Gutierrez
1195,2122,189,diagnostico y reparacion de revision general y chequeo con pruebas posteriores.,Finalizado,2026-03-03 00:00:00,2026-03-04 00:00:00,5972,Cliente informado,Italika,CB190R,Carlos Mendoza,Henry Tellez
1196,1478,3089,revision completa de direccion y culata con pruebas posteriores.,Finalizado,2026-03-03 00:00:00,2026-03-06 00:00:00,2311,Entregado,Yamaha,MT-07,Jose Ramirez,Samuel Cruz
1197,1703,3160,instalacion y calibracion de chequeo y filtro de aceite incluyendo ajuste final.,Finalizado,2026-03-17 00:00:00,2026-03-21 00:00:00,3846,Entregado,Italika,RC 200,Jose Ramirez,Daniel Castillo
1198,990,4098,ajuste tecnico de filtro de aire y bujias y verificacion completa.,Finalizado,2026-03-07 00:00:00,2026-03-07 00:00:00,4842,Entregado,Yamaha,Ninja 400,Jose Ramirez,Edwin Chavez
1199,4801,4467,inspeccion avanzada de actualizacion de software y personalizacion debido a desgaste.,Finalizado,2026-03-17 00:00:00,2026-03-07 00:00:00,2384,Cliente informado,Bajaj,XR150L,Jose Ramirez,Erick Gutierrez
1200,1125,1519,correccion especializada de filtro de aceite y revision por falla detectada.,Finalizado,2026-03-12 00:00:00,2026-03-12 00:00:00,6414,Cliente informado,AKT,R15,Jose Ramirez,Miguel Garcia
1201,2045,232,servicio integral para direccion y caja de cambios con pruebas posteriores.,Finalizado,2026-03-01 00:00:00,2026-03-04 00:00:00,1487,Cliente informado,Kawasaki,R15,Carlos Mendoza,Steven Rocha
1202,1006,4633,servicio integral para filtro de aceite y lubricacion con pruebas posteriores.,Finalizado,2026-03-12 00:00:00,2026-03-15 00:00:00,3970,Entregado,TVS,FZ16,Jose Ramirez,Julio Navarro
1203,332,2405,servicio integral para fallo electrico y luces y verificacion completa.,Finalizado,2026-03-14 00:00:00,2026-03-16 00:00:00,5635,Cliente informado,Honda,XR150L,Jose Ramirez,Andres Ruiz
1204,2931,1084,inspeccion avanzada de escape deportivo y velocidad segun solicitud del cliente.,Finalizado,2026-03-18 00:00:00,2026-03-20 00:00:00,4618,Entregado,Bajaj,CBR 600RR,Carlos Mendoza,Fernando Herrera
1205,1565,2852,instalacion y calibracion de diagnostico y test segun solicitud del cliente.,Finalizado,2026-03-24 00:00:00,2026-03-27 00:00:00,6009,Cliente informado,Italika,DM200,Carlos Mendoza,Cristian Molina
1206,3267,1097,mantenimiento preventivo en fibra de carbono y sensores de estacionamiento segun solicitud del cliente.,Finalizado,2026-03-24 00:00:00,2026-03-24 00:00:00,2355,Cliente informado,Kawasaki,MT-07,Carlos Mendoza,Erick Gutierrez
1207,2414,5134,correccion especializada de diagnostico y revision general incluyendo ajuste final.,Finalizado,2026-03-17 00:00:00,2026-03-21 00:00:00,2290,Entregado,Kawasaki,Duke 390,Jose Ramirez,Victor Rivas
1208,291,4745,instalacion y calibracion de frenos y culata incluyendo ajuste final.,Finalizado,2026-03-09 00:00:00,2026-03-11 00:00:00,638,Entregado,Kawasaki,CBR 600RR,Carlos Mendoza,Eduardo Castro
1209,35,2512,mantenimiento preventivo en encendido y luces con pruebas posteriores.,Finalizado,2026-02-28 00:00:00,2026-03-04 00:00:00,2761,Entregado,Kawasaki,XR150L,Jose Ramirez,Juan Perez
1210,4911,2328,servicio integral para carroceria y embrague incluyendo ajuste final.,Finalizado,2026-03-27 00:00:00,2026-03-28 00:00:00,2211,Cliente informado,Yamaha,Boxer 150,Jose Ramirez,Andres Ruiz
1211,857,1411,inspeccion avanzada de motor de arranque y sistema electrico con pruebas posteriores.,Finalizado,2026-03-04 00:00:00,2026-03-04 00:00:00,6362,Entregado,Suzuki,CB190R,Carlos Mendoza,Edwin Chavez
1212,3476,2810,optimizacion del sistema pintura y sensores de estacionamiento por falla detectada.,En proceso,2026-03-12 00:00:00,2026-03-13 00:00:00,4652,Cliente informado,Suzuki,Gixxer 250,Carlos Mendoza,Fernando Herrera
1213,4120,995,optimizacion del sistema reprogramacion y modificacion para mejorar rendimiento.,Finalizado,2026-03-18 00:00:00,2026-03-20 00:00:00,5679,Cliente informado,Kawasaki,CB190R,Carlos Mendoza,Miguel Garcia
1214,353,761,correccion especializada de revision general y inspeccion segun solicitud del cliente.,Finalizado,2026-03-28 00:00:00,2026-04-01 00:00:00,2513,Cliente informado,Yamaha,DM200,Jose Ramirez,Samuel Cruz
1215,2613,4595,inspeccion avanzada de motor de arranque y fallo electrico debido a desgaste.,Finalizado,2026-03-11 00:00:00,2026-03-13 00:00:00,1809,Cliente informado,Yamaha,MT-07,Jose Ramirez,Jose Ramirez
1216,4068,1264,revision completa de cableado y fallo electrico y verificacion completa.,En proceso,2026-03-26 00:00:00,2026-03-26 00:00:00,3640,Cliente informado,Yamaha,FZ16,Carlos Mendoza,Brayan Silva
1217,1285,4779,mantenimiento preventivo en test y evaluacion incluyendo ajuste final.,Finalizado,2026-03-02 00:00:00,2026-02-20 00:00:00,5899,Cliente informado,AKT,GN125,Carlos Mendoza,Andres Ruiz
1218,4271,233,correccion especializada de gps y calipers incluyendo ajuste final.,Finalizado,2026-03-12 00:00:00,2026-03-14 00:00:00,4510,Cliente informado,Yamaha,XR150L,Jose Ramirez,Juan Perez
1219,3465,3096,inspeccion avanzada de cableado y luces y verificacion completa.,Finalizado,2026-03-17 00:00:00,2026-03-18 00:00:00,3996,Entregado,Yamaha,CB190R,Carlos Mendoza,Brayan Silva
1220,900,3754,instalacion y calibracion de test y falla debido a desgaste.,Finalizado,2026-03-06 00:00:00,2026-03-07 00:00:00,623,Entregado,Honda,R15,Jose Ramirez,Manuel Vargas
1221,1266,5050,servicio integral para alternador y luces debido a desgaste.,Finalizado,2026-03-02 00:00:00,2026-03-05 00:00:00,6175,Entregado,Yamaha,RC 200,Carlos Mendoza,Victor Rivas
1222,2927,1161,optimizacion del sistema motor y motor por falla detectada.,Finalizado,2026-03-12 00:00:00,2026-03-13 00:00:00,2154,Cliente informado,Kawasaki,CBR 600RR,Carlos Mendoza,Francisco Blandon
1223,415,4165,inspeccion avanzada de chip y audio y verificacion completa.,Finalizado,2026-03-22 00:00:00,2026-03-26 00:00:00,4638,Cliente informado,Yamaha,Ninja 400,Jose Ramirez,Cristian Molina
1224,2957,3774,inspeccion avanzada de chip y suspension deportiva por falla detectada.,Finalizado,2026-03-25 00:00:00,2026-03-28 00:00:00,2443,Entregado,Honda,R15,Jose Ramirez,Fernando Herrera
1225,580,1811,optimizacion del sistema ciguenal y bomba de agua con pruebas posteriores.,Finalizado,2026-03-16 00:00:00,2026-03-17 00:00:00,5532,Cliente informado,Kawasaki,XR150L,Jose Ramirez,Francisco Blandon
1226,4444,4294,revision completa de filtro de aire y chequeo y verificacion completa.,Finalizado,2026-03-06 00:00:00,2026-03-06 00:00:00,5585,Entregado,Honda,CB190R,Carlos Mendoza,Francisco Blandon
1227,4313,2663,revision completa de diferencial y biela y verificacion completa.,Finalizado,2026-03-17 00:00:00,2026-03-17 00:00:00,1076,Entregado,Italika,GSX-R750,Carlos Mendoza,Alexis Diaz
1228,1703,1339,revision completa de sistema electrico y alternador debido a desgaste.,Finalizado,2026-03-14 00:00:00,2026-03-14 00:00:00,5983,Cliente informado,Italika,NKD 125,Carlos Mendoza,Luis Martinez
1229,2855,2646,diagnostico y reparacion de gps y sonido con pruebas posteriores.,Finalizado,2026-03-28 00:00:00,2026-03-29 00:00:00,1489,Entregado,Suzuki,RC 200,Jose Ramirez,Samuel Cruz
1230,4381,2542,mantenimiento preventivo en test y ruido con pruebas posteriores.,Finalizado,2026-03-03 00:00:00,2026-03-07 00:00:00,766,Entregado,Italika,Z650,Jose Ramirez,Manuel Vargas
1231,584,62,mantenimiento preventivo en aleron y polarizado segun solicitud del cliente.,Finalizado,2026-03-18 00:00:00,2026-03-21 00:00:00,3406,Entregado,Yamaha,Pulsar NS200,Jose Ramirez,Wilmer Soto
1232,3075,3364,instalacion y calibracion de filtro de aire y revision segun solicitud del cliente.,Finalizado,2026-03-13 00:00:00,2026-03-17 00:00:00,3568,Cliente informado,Honda,GSX-R750,Carlos Mendoza,Alexis Diaz
1233,3061,4503,diagnostico y reparacion de gps y custom con pruebas posteriores.,Finalizado,2026-03-21 00:00:00,2026-03-22 00:00:00,1016,Cliente informado,Suzuki,XR150L,Carlos Mendoza,Cristian Molina
1234,4860,2387,optimizacion del sistema niveles y filtro de aceite con pruebas posteriores.,Finalizado,2026-03-20 00:00:00,2026-03-21 00:00:00,1768,Cliente informado,Yamaha,Duke 390,Jose Ramirez,Edwin Chavez
1235,990,4098,revision completa de filtro de aire y bujias y verificacion completa.,Finalizado,2026-03-07 00:00:00,2026-03-07 00:00:00,2451,Entregado,Italika,NKD 125,Jose Ramirez,Carlos Mendoza
1236,979,1369,instalacion y calibracion de falla y chequeo incluyendo ajuste final.,Finalizado,2026-03-18 00:00:00,2026-03-19 00:00:00,866,Entregado,Yamaha,FT150,Jose Ramirez,Edwin Chavez
1237,4073,3261,revision completa de pintura y velocidad con pruebas posteriores.,Finalizado,2026-03-26 00:00:00,2026-03-28 00:00:00,4792,Entregado,Kawasaki,FZ16,Carlos Mendoza,Jose Ramirez
1238,3174,3681,optimizacion del sistema modificacion y potencia con pruebas posteriores.,Finalizado,2026-03-05 00:00:00,2026-03-06 00:00:00,533,Entregado,Honda,Apache RTR 200,Jose Ramirez,Kevin Torres
1239,709,1627,correccion especializada de caja de cambios y motor para mejorar rendimiento.,Finalizado,2026-03-12 00:00:00,2026-03-15 00:00:00,2101,Cliente informado,Kawasaki,RC 200,Jose Ramirez,Juan Perez
1240,4782,1361,servicio integral para tuning y kit aerodinamico con pruebas posteriores.,Finalizado,2026-03-05 00:00:00,2026-03-06 00:00:00,2717,Entregado,Suzuki,R15,Carlos Mendoza,Jose Ramirez
1241,4538,1533,inspeccion avanzada de chequeo y lubricacion segun solicitud del cliente.,Finalizado,2026-03-08 00:00:00,2026-03-08 00:00:00,3597,Cliente informado,Suzuki,GN125,Carlos Mendoza,Julio Navarro
1242,857,1411,ajuste tecnico de radiador y culata por falla detectada.,Finalizado,2026-03-04 00:00:00,2026-03-04 00:00:00,1907,Entregado,Italika,Boxer 150,Carlos Mendoza,Roberto Flores
1243,4873,2053,servicio integral para eje y direccion incluyendo ajuste final.,Finalizado,2026-03-22 00:00:00,2026-03-22 00:00:00,1005,Cliente informado,Kawasaki,XR150L,Carlos Mendoza,Carlos Mendoza
1244,2948,3908,instalacion y calibracion de sistema electrico y bateria para mejorar rendimiento.,Finalizado,2026-03-22 00:00:00,2026-03-12 00:00:00,728,Cliente informado,Suzuki,GSX-R750,Jose Ramirez,Samuel Cruz
1245,3768,3163,diagnostico y reparacion de luces led y performance debido a desgaste.,Finalizado,2026-03-18 00:00:00,2026-03-21 00:00:00,3116,Entregado,Bajaj,MT-07,Carlos Mendoza,Henry Tellez
1246,3640,1909,correccion especializada de sistema electrico y fallo electrico y verificacion completa.,Finalizado,2026-03-08 00:00:00,2026-03-08 00:00:00,3391,Cliente informado,AKT,Apache RTR 200,Jose Ramirez,Andres Ruiz
1247,2532,3999,correccion especializada de lubricacion y lubricacion debido a desgaste.,Finalizado,2026-03-24 00:00:00,2026-03-25 00:00:00,4451,Entregado,Honda,NKD 125,Carlos Mendoza,Erick Gutierrez
1248,2045,5081,ajuste tecnico de inspeccion y diagnostico segun solicitud del cliente.,Finalizado,2026-03-05 00:00:00,2026-03-06 00:00:00,1821,Cliente informado,Suzuki,CBR 600RR,Jose Ramirez,Eduardo Castro
1249,151,2399,revision completa de revision y chequeo incluyendo ajuste final.,Finalizado,2026-03-23 00:00:00,2026-03-26 00:00:00,2889,Cliente informado,Italika,Boxer 150,Jose Ramirez,Julio Navarro
1250,4344,2264,servicio integral para alternador y encendido para mejorar rendimiento.,Finalizado,2026-03-07 00:00:00,2026-03-11 00:00:00,3777,Cliente informado,KTM,DM200,Carlos Mendoza,Victor Rivas
1251,753,2384,correccion especializada de fallo electrico y cableado incluyendo ajuste final.,Finalizado,2026-03-22 00:00:00,2026-03-22 00:00:00,3349,Cliente informado,Honda,RC 200,Carlos Mendoza,Steven Rocha
1252,845,4467,inspeccion avanzada de sistema electrico y alternador con pruebas posteriores.,Finalizado,2026-03-05 00:00:00,2026-03-05 00:00:00,605,Entregado,Bajaj,Duke 390,Jose Ramirez,Edwin Chavez
1253,4794,4493,optimizacion del sistema encendido y luces debido a desgaste.,Finalizado,2026-03-02 00:00:00,2026-03-06 00:00:00,4649,Cliente informado,Suzuki,MT-07,Jose Ramirez,Erick Gutierrez
1254,1703,1339,optimizacion del sistema aleron y turbo incluyendo ajuste final.,Finalizado,2026-03-14 00:00:00,2026-03-14 00:00:00,3295,Cliente informado,Honda,FT150,Carlos Mendoza,Andres Ruiz
1255,2557,1522,mantenimiento preventivo en alineacion y bujias por falla detectada.,Finalizado,2026-03-03 00:00:00,2026-03-06 00:00:00,4549,Cliente informado,Honda,RC 200,Carlos Mendoza,Kevin Torres
1256,4729,2714,instalacion y calibracion de revision general y problema y verificacion completa.,Finalizado,2026-03-08 00:00:00,2026-03-10 00:00:00,925,Cliente informado,KTM,Duke 390,Carlos Mendoza,Jose Ramirez
1257,567,904,diagnostico y reparacion de alineacion y chequeo y verificacion completa.,Finalizado,2026-03-11 00:00:00,2026-03-15 00:00:00,6196,Cliente informado,Kawasaki,RC 200,Jose Ramirez,Oscar Reyes
1258,2916,429,inspeccion avanzada de chequeo y diagnostico para mejorar rendimiento.,Finalizado,2026-03-14 00:00:00,2026-03-15 00:00:00,3954,Entregado,Yamaha,FT150,Carlos Mendoza,Wilmer Soto
1259,4804,3937,diagnostico y reparacion de radiador y diferencial segun solicitud del cliente.,Finalizado,2026-03-08 00:00:00,2026-03-09 00:00:00,1573,Cliente informado,Honda,CB190R,Jose Ramirez,Francisco Blandon
1260,4884,1811,mantenimiento preventivo en evaluacion y revision general incluyendo ajuste final.,Finalizado,2026-03-01 00:00:00,2026-03-05 00:00:00,5704,Entregado,Honda,Apache RTR 200,Carlos Mendoza,Victor Rivas
1261,4920,1858,inspeccion avanzada de fallo electrico y motor de arranque incluyendo ajuste final.,Finalizado,2026-03-06 00:00:00,2026-03-10 00:00:00,3681,Entregado,Honda,CB190R,Carlos Mendoza,Steven Rocha
1262,3212,3463,ajuste tecnico de motor de arranque y luces por falla detectada.,Finalizado,2026-03-22 00:00:00,2026-03-25 00:00:00,2243,Cliente informado,AKT,RC 200,Jose Ramirez,Francisco Blandon
1263,1213,3594,servicio integral para radiador y suspension y verificacion completa.,Finalizado,2026-03-12 00:00:00,2026-03-02 00:00:00,3453,Cliente informado,Suzuki,FZ16,Jose Ramirez,Roberto Flores
1264,3615,2346,ajuste tecnico de fallo electrico y luces por falla detectada.,Finalizado,2026-03-20 00:00:00,2026-03-21 00:00:00,1356,Entregado,Bajaj,MT-07,Jose Ramirez,Edwin Chavez
1265,3759,2943,revision completa de centralita y bateria incluyendo ajuste final.,Finalizado,2026-03-27 00:00:00,2026-03-31 00:00:00,1686,Cliente informado,Suzuki,Z650,Carlos Mendoza,Alexis Diaz
1266,4066,2108,correccion especializada de chequeo y alineacion para mejorar rendimiento.,Finalizado,2026-03-03 00:00:00,2026-03-06 00:00:00,4639,Entregado,Bajaj,NKD 125,Jose Ramirez,Wilmer Soto
1267,1962,3695,inspeccion avanzada de problema y escaneo incluyendo ajuste final.,Finalizado,2026-03-07 00:00:00,2026-03-09 00:00:00,547,Cliente informado,Yamaha,RC 200,Jose Ramirez,Javier Morales
1268,4366,4693,optimizacion del sistema alineacion y balanceo y verificacion completa.,Finalizado,2026-03-18 00:00:00,2026-03-19 00:00:00,3815,Entregado,Yamaha,Apache RTR 200,Carlos Mendoza,Mario Lopez
1269,4146,1331,revision completa de alineacion y balanceo y verificacion completa.,Finalizado,2026-03-04 00:00:00,2026-03-06 00:00:00,2388,Entregado,Kawasaki,Boxer 150,Carlos Mendoza,Mario Lopez
1270,4959,637,mantenimiento preventivo en bomba de agua y arbol de levas y verificacion completa.,Finalizado,2026-03-09 00:00:00,2026-03-10 00:00:00,5821,Entregado,Suzuki,FZ16,Jose Ramirez,Alexis Diaz
1271,2948,3908,diagnostico y reparacion de diagnostico y diagnostico segun solicitud del cliente.,Finalizado,2026-03-22 00:00:00,2026-03-12 00:00:00,2213,Cliente informado,Honda,GN125,Jose Ramirez,Erick Gutierrez
1272,4452,2306,ajuste tecnico de distribucion y suspension con pruebas posteriores.,Finalizado,2026-03-09 00:00:00,2026-03-13 00:00:00,3533,Cliente informado,Yamaha,CB190R,Carlos Mendoza,Victor Rivas
1273,3079,4340,mantenimiento preventivo en estetico y reprogramacion incluyendo ajuste final.,Finalizado,2026-03-26 00:00:00,2026-03-30 00:00:00,4903,Cliente informado,Suzuki,XR150L,Carlos Mendoza,Oscar Reyes
1274,2795,3364,correccion especializada de sistema electrico y motor de arranque incluyendo ajuste final.,Entregado,2026-03-09 00:00:00,2026-03-10 00:00:00,6431,Cliente informado,Italika,FT150,Jose Ramirez,Eduardo Castro
1275,2414,5134,servicio integral para bateria y fallo electrico debido a desgaste.,Finalizado,2026-03-17 00:00:00,2026-03-21 00:00:00,3063,Entregado,Yamaha,GN125,Carlos Mendoza,Francisco Blandon
1276,3688,429,instalacion y calibracion de lubricacion y filtro de aceite con pruebas posteriores.,Finalizado,2026-03-01 00:00:00,2026-03-04 00:00:00,1739,Cliente informado,Yamaha,NKD 125,Jose Ramirez,Wilmer Soto
1277,4894,429,servicio integral para bujias y filtro de aire por falla detectada.,Finalizado,2026-03-14 00:00:00,2026-03-17 00:00:00,6372,Cliente informado,Italika,Duke 390,Jose Ramirez,Eduardo Castro
1278,1869,68,diagnostico y reparacion de frenos y pistones debido a desgaste.,Finalizado,2026-03-14 00:00:00,2026-03-14 00:00:00,1070,Cliente informado,Bajaj,Ninja 400,Carlos Mendoza,Luis Martinez
1279,1371,1253,inspeccion avanzada de caja de cambios y biela por falla detectada.,Finalizado,2026-03-24 00:00:00,2026-03-25 00:00:00,2279,Cliente informado,Bajaj,CB190R,Jose Ramirez,Daniel Castillo
1280,3120,3336,mantenimiento preventivo en centralita y motor de arranque incluyendo ajuste final.,Finalizado,2026-03-09 00:00:00,2026-03-10 00:00:00,1272,Cliente informado,Yamaha,DM200,Jose Ramirez,Fernando Herrera
1281,3615,2346,inspeccion avanzada de bomba de agua y transmision debido a desgaste.,Finalizado,2026-03-20 00:00:00,2026-03-21 00:00:00,5692,Entregado,Bajaj,Duke 390,Carlos Mendoza,Victor Rivas
1282,4344,2673,revision completa de luces led y cambio color y verificacion completa.,Finalizado,2026-03-27 00:00:00,2026-03-31 00:00:00,1601,Entregado,AKT,GN125,Carlos Mendoza,Kevin Torres
1283,4016,3247,diagnostico y reparacion de frenos deportivos y sonido y verificacion completa.,Finalizado,2026-03-26 00:00:00,2026-03-27 00:00:00,1527,Entregado,KTM,Pulsar NS200,Jose Ramirez,Mario Lopez
1284,3850,1068,instalacion y calibracion de vinilado y modificacion debido a desgaste.,Finalizado,2026-03-08 00:00:00,2026-03-12 00:00:00,5904,Entregado,Italika,GSX-R750,Jose Ramirez,Roberto Flores
1285,3651,3524,instalacion y calibracion de biela y eje debido a desgaste.,Finalizado,2026-03-17 00:00:00,2026-03-07 00:00:00,5639,Cliente informado,Kawasaki,Ninja 400,Carlos Mendoza,Samuel Cruz
1286,3035,4531,servicio integral para fallo electrico y motor de arranque debido a desgaste.,Entregado,2026-03-18 00:00:00,2026-03-18 00:00:00,6278,Cliente informado,Bajaj,MT-07,Jose Ramirez,Brayan Silva
1287,4144,4130,correccion especializada de velocidad y potencia para mejorar rendimiento.,Finalizado,2026-03-24 00:00:00,2026-03-28 00:00:00,1212,Entregado,Kawasaki,Boxer 150,Carlos Mendoza,Edwin Chavez
1288,4369,4843,optimizacion del sistema cambio de aceite y alineacion incluyendo ajuste final.,Finalizado,2026-03-07 00:00:00,2026-03-10 00:00:00,1009,Cliente informado,Yamaha,FT150,Carlos Mendoza,Wilmer Soto
1289,1702,1801,mantenimiento preventivo en encendido y cableado con pruebas posteriores.,Finalizado,2026-03-05 00:00:00,2026-02-23 00:00:00,2886,Entregado,KTM,Ninja 400,Carlos Mendoza,Kevin Torres
1290,4991,3490,servicio integral para ruido y revision general por falla detectada.,Finalizado,2026-03-12 00:00:00,2026-03-16 00:00:00,3521,Entregado,AKT,Duke 390,Carlos Mendoza,Julio Navarro
1291,4301,1700,inspeccion avanzada de cableado y cableado por falla detectada.,Finalizado,2026-03-25 00:00:00,2026-03-27 00:00:00,5235,Entregado,Kawasaki,R15,Carlos Mendoza,Cristian Molina
1292,2098,2476,revision completa de inspeccion y test para mejorar rendimiento.,Finalizado,2026-03-17 00:00:00,2026-03-21 00:00:00,6098,Entregado,Honda,GSX-R750,Jose Ramirez,Cristian Molina
1293,4829,1653,servicio integral para culata y amortiguadores por falla detectada.,Finalizado,2026-03-29 00:00:00,2026-03-30 00:00:00,2698,Entregado,KTM,Gixxer 250,Jose Ramirez,Erick Gutierrez
1294,1371,1253,instalacion y calibracion de bomba de agua y frenos por falla detectada.,Finalizado,2026-03-24 00:00:00,2026-03-25 00:00:00,6023,Cliente informado,AKT,DM200,Jose Ramirez,Javier Morales
1295,84,1427,correccion especializada de sistema electrico y centralita y verificacion completa.,Finalizado,2026-03-10 00:00:00,2026-03-12 00:00:00,5818,Entregado,Yamaha,MT-07,Jose Ramirez,Kevin Torres
1296,3435,2139,optimizacion del sistema sistema electrico y centralita incluyendo ajuste final.,Finalizado,2026-03-03 00:00:00,2026-03-06 00:00:00,5630,Cliente informado,Kawasaki,R15,Jose Ramirez,Andres Ruiz
1297,222,408,correccion especializada de revision general y chequeo incluyendo ajuste final.,Finalizado,2026-03-01 00:00:00,2026-03-05 00:00:00,5766,Cliente informado,Suzuki,NKD 125,Jose Ramirez,Julio Navarro
1298,3085,5282,mantenimiento preventivo en sonido y luces led por falla detectada.,Finalizado,2026-03-16 00:00:00,2026-03-16 00:00:00,2186,Cliente informado,Bajaj,Gixxer 250,Carlos Mendoza,Roberto Flores
1299,4809,3545,instalacion y calibracion de motor y biela para mejorar rendimiento.,Finalizado,2026-03-13 00:00:00,2026-03-17 00:00:00,3229,Cliente informado,KTM,Apache RTR 200,Carlos Mendoza,Carlos Mendoza
1300,4809,3545,mantenimiento preventivo en diagnostico y problema y verificacion completa.,Finalizado,2026-03-13 00:00:00,2026-03-17 00:00:00,4228,Cliente informado,Yamaha,Z650,Jose Ramirez,Eduardo Castro
1301,4782,1361,revision completa de lubricacion y balanceo incluyendo ajuste final.,Finalizado,2026-03-05 00:00:00,2026-03-06 00:00:00,5769,Entregado,Honda,Pulsar NS200,Carlos Mendoza,Eduardo Castro
1302,2277,2131,revision completa de niveles y filtro de aceite debido a desgaste.,Entregado,2026-03-23 00:00:00,2026-03-26 00:00:00,2458,Entregado,Kawasaki,CBR 600RR,Jose Ramirez,Henry Tellez
1303,2040,4818,diagnostico y reparacion de lubricacion y cambio de aceite y verificacion completa.,Finalizado,2026-03-25 00:00:00,2026-03-26 00:00:00,1528,Cliente informado,Bajaj,CB190R,Jose Ramirez,Henry Tellez
1304,788,2774,revision completa de chip y calipers incluyendo ajuste final.,Finalizado,2026-03-07 00:00:00,2026-03-09 00:00:00,2616,Cliente informado,Kawasaki,RC 200,Jose Ramirez,Henry Tellez
1305,779,4081,inspeccion avanzada de evaluacion y inspeccion debido a desgaste.,Finalizado,2026-03-10 00:00:00,2026-03-12 00:00:00,1049,Cliente informado,AKT,NKD 125,Jose Ramirez,Juan Perez
1306,3454,766,servicio integral para filtro de aire y alineacion por falla detectada.,Finalizado,2026-03-11 00:00:00,2026-03-14 00:00:00,6224,Cliente informado,Italika,MT-07,Jose Ramirez,Oscar Reyes
1307,4694,4752,optimizacion del sistema pintura y vinilado segun solicitud del cliente.,Entregado,2026-03-01 00:00:00,2026-03-01 00:00:00,1979,Entregado,Honda,Duke 390,Jose Ramirez,Francisco Blandon
1308,2018,3369,revision completa de chip y actualizacion de software debido a desgaste.,Finalizado,2026-03-23 00:00:00,2026-03-23 00:00:00,2913,Entregado,Yamaha,XR150L,Carlos Mendoza,Manuel Vargas
1309,3570,2549,mantenimiento preventivo en distribucion y suspension incluyendo ajuste final.,Finalizado,2026-03-24 00:00:00,2026-03-25 00:00:00,2846,Cliente informado,Honda,Duke 390,Carlos Mendoza,Henry Tellez
1310,3826,1482,servicio integral para suspension y embrague y verificacion completa.,Finalizado,2026-03-27 00:00:00,2026-03-30 00:00:00,3908,Cliente informado,Kawasaki,CBR 600RR,Jose Ramirez,Javier Morales
1311,1949,949,instalacion y calibracion de estetico y modificacion por falla detectada.,Finalizado,2026-03-12 00:00:00,2026-03-15 00:00:00,4439,Entregado,KTM,CB190R,Carlos Mendoza,Manuel Vargas
1312,4106,2717,revision completa de distribucion y radiador incluyendo ajuste final.,Finalizado,2026-03-21 00:00:00,2026-03-22 00:00:00,692,Entregado,Yamaha,DM200,Jose Ramirez,Alexis Diaz
1313,2860,5193,correccion especializada de niveles y filtro de aceite debido a desgaste.,Finalizado,2026-03-15 00:00:00,2026-03-15 00:00:00,2244,Cliente informado,Suzuki,Ninja 400,Jose Ramirez,Oscar Reyes
1314,3243,3177,inspeccion avanzada de filtro de aceite y balanceo debido a desgaste.,Finalizado,2026-03-11 00:00:00,2026-03-12 00:00:00,5278,Entregado,Honda,FZ16,Carlos Mendoza,Erick Gutierrez
1315,4780,5251,ajuste tecnico de motor de arranque y bateria segun solicitud del cliente.,Finalizado,2026-03-17 00:00:00,2026-03-20 00:00:00,4757,Cliente informado,TVS,Gixxer 250,Jose Ramirez,Francisco Blandon
1316,2780,4120,ajuste tecnico de distribucion y radiador y verificacion completa.,Finalizado,2026-03-11 00:00:00,2026-03-11 00:00:00,3337,Entregado,Yamaha,Ninja 400,Jose Ramirez,Jose Ramirez
1317,1919,1331,inspeccion avanzada de alineacion y filtro de aire con pruebas posteriores.,Finalizado,2026-03-26 00:00:00,2026-03-30 00:00:00,4401,Entregado,KTM,FZ16,Carlos Mendoza,Steven Rocha
1318,4894,429,revision completa de luces led y sonido para mejorar rendimiento.,Finalizado,2026-03-14 00:00:00,2026-03-17 00:00:00,677,Cliente informado,KTM,MT-07,Jose Ramirez,Fernando Herrera
1319,4286,502,inspeccion avanzada de revision general y diagnostico con pruebas posteriores.,Finalizado,2026-03-23 00:00:00,2026-03-27 00:00:00,519,Entregado,Italika,RC 200,Jose Ramirez,Wilmer Soto
1320,4404,4099,revision completa de reprogramacion y camara y verificacion completa.,En proceso,2026-03-19 00:00:00,2026-03-22 00:00:00,2671,Cliente informado,Yamaha,Gixxer 250,Jose Ramirez,Roberto Flores
1321,356,5311,diagnostico y reparacion de revision general y chequeo por falla detectada.,Finalizado,2026-03-04 00:00:00,2026-03-08 00:00:00,5116,Entregado,Bajaj,Ninja 400,Jose Ramirez,Kevin Torres
1322,658,4306,inspeccion avanzada de falla y diagnostico incluyendo ajuste final.,Finalizado,2026-03-13 00:00:00,2026-03-17 00:00:00,3477,Entregado,Kawasaki,NKD 125,Jose Ramirez,Cristian Molina
1323,1134,5242,correccion especializada de amortiguadores y chasis incluyendo ajuste final.,Entregado,2026-03-01 00:00:00,2026-03-04 00:00:00,2650,Entregado,KTM,CB190R,Carlos Mendoza,Wilmer Soto
1324,886,12,inspeccion avanzada de caja de cambios y diferencial incluyendo ajuste final.,Finalizado,2026-03-03 00:00:00,2026-03-03 00:00:00,1400,Entregado,Honda,GN125,Carlos Mendoza,Andres Ruiz
1325,3658,2567,optimizacion del sistema filtro de aire y niveles para mejorar rendimiento.,Finalizado,2026-03-17 00:00:00,2026-03-17 00:00:00,3316,Cliente informado,Yamaha,GSX-R750,Carlos Mendoza,Luis Martinez
1326,829,3315,optimizacion del sistema caja de cambios y arbol de levas por falla detectada.,Finalizado,2026-03-26 00:00:00,2026-03-26 00:00:00,1420,Cliente informado,TVS,MT-07,Jose Ramirez,Henry Tellez
1327,1992,4676,correccion especializada de bujias y lubricacion para mejorar rendimiento.,Finalizado,2026-03-09 00:00:00,2026-03-11 00:00:00,2674,Cliente informado,AKT,CBR 600RR,Jose Ramirez,Luis Martinez
1328,2496,180,diagnostico y reparacion de sensores y luces incluyendo ajuste final.,En proceso,2026-03-07 00:00:00,2026-03-07 00:00:00,5849,Entregado,KTM,Apache RTR 200,Carlos Mendoza,Juan Perez
1329,1957,2129,correccion especializada de gps y sonido debido a desgaste.,Finalizado,2026-03-23 00:00:00,2026-03-25 00:00:00,926,Entregado,Italika,Pulsar NS200,Carlos Mendoza,Alexis Diaz
1330,4351,3126,ajuste tecnico de pistones y biela con pruebas posteriores.,Finalizado,2026-03-19 00:00:00,2026-03-20 00:00:00,5038,Cliente informado,Kawasaki,Pulsar NS200,Carlos Mendoza,Miguel Garcia
1331,802,4972,ajuste tecnico de falla y ruido segun solicitud del cliente.,Finalizado,2026-03-16 00:00:00,2026-03-17 00:00:00,4687,Cliente informado,Suzuki,Z650,Jose Ramirez,Brayan Silva
1332,2723,3492,mantenimiento preventivo en centralita y fallo electrico por falla detectada.,En proceso,2026-03-05 00:00:00,2026-03-06 00:00:00,5598,Cliente informado,Italika,FZ16,Carlos Mendoza,Andres Ruiz
1333,4257,2124,ajuste tecnico de llantas deportivas y pintar carroceria con pruebas posteriores.,Finalizado,2026-03-25 00:00:00,2026-03-15 00:00:00,6252,Cliente informado,Honda,FT150,Carlos Mendoza,Erick Gutierrez
1334,2670,60,ajuste tecnico de problema y diagnostico incluyendo ajuste final.,Finalizado,2026-03-20 00:00:00,2026-03-20 00:00:00,4463,Cliente informado,AKT,Duke 390,Carlos Mendoza,Eduardo Castro
1335,3562,5193,servicio integral para alternador y cableado debido a desgaste.,Finalizado,2026-03-24 00:00:00,2026-03-24 00:00:00,3366,Entregado,Kawasaki,NKD 125,Carlos Mendoza,Kevin Torres
1336,4516,1341,ajuste tecnico de sonido y actualizacion de software para mejorar rendimiento.,Finalizado,2026-03-27 00:00:00,2026-03-31 00:00:00,5244,Entregado,Yamaha,Ninja 400,Jose Ramirez,Javier Morales
1337,1430,5059,revision completa de escape deportivo y suspension deportiva con pruebas posteriores.,Finalizado,2026-03-08 00:00:00,2026-03-12 00:00:00,5555,Cliente informado,Italika,Duke 390,Carlos Mendoza,Luis Martinez
1338,251,4162,ajuste tecnico de cableado y sistema electrico por falla detectada.,Finalizado,2026-03-08 00:00:00,2026-02-26 00:00:00,3901,Entregado,AKT,FT150,Carlos Mendoza,Cristian Molina
1339,3163,2619,servicio integral para centralita y cableado y verificacion completa.,Finalizado,2026-03-28 00:00:00,2026-03-30 00:00:00,4930,Cliente informado,Honda,Boxer 150,Carlos Mendoza,Cristian Molina
1340,1323,2386,correccion especializada de test y chequeo con pruebas posteriores.,Entregado,2026-03-10 00:00:00,2026-03-12 00:00:00,5506,Cliente informado,Yamaha,XR150L,Jose Ramirez,Mario Lopez
1341,3417,4432,instalacion y calibracion de fibra de carbono y sonido y verificacion completa.,Finalizado,2026-03-29 00:00:00,2026-03-31 00:00:00,823,Entregado,Yamaha,XR150L,Carlos Mendoza,Erick Gutierrez
1342,4395,2737,correccion especializada de fallo electrico y luces debido a desgaste.,Finalizado,2026-03-15 00:00:00,2026-03-17 00:00:00,4593,Entregado,TVS,Pulsar NS200,Jose Ramirez,Luis Martinez
1343,3648,1756,optimizacion del sistema motor y caja de cambios con pruebas posteriores.,Finalizado,2026-03-07 00:00:00,2026-03-10 00:00:00,5839,Cliente informado,AKT,DM200,Jose Ramirez,Daniel Castillo
1344,95,4786,mantenimiento preventivo en inspeccion y evaluacion para mejorar rendimiento.,Entregado,2026-03-24 00:00:00,2026-03-24 00:00:00,2189,Entregado,Italika,CBR 600RR,Jose Ramirez,Andres Ruiz
1345,1346,4052,revision completa de chip y cromado y verificacion completa.,Finalizado,2026-03-27 00:00:00,2026-03-30 00:00:00,2347,Cliente informado,Kawasaki,NKD 125,Jose Ramirez,Victor Rivas
1346,1069,3715,revision completa de falla y escaneo debido a desgaste.,Finalizado,2026-03-08 00:00:00,2026-03-12 00:00:00,6447,Entregado,KTM,MT-07,Carlos Mendoza,Julio Navarro
1347,1704,305,ajuste tecnico de centralita y luces con pruebas posteriores.,Finalizado,2026-03-28 00:00:00,2026-03-29 00:00:00,3300,Cliente informado,Italika,MT-07,Carlos Mendoza,Victor Rivas
1348,1141,1173,mantenimiento preventivo en suspension y caja de cambios debido a desgaste.,Finalizado,2026-03-28 00:00:00,2026-03-31 00:00:00,5153,Entregado,AKT,Z650,Jose Ramirez,Mario Lopez
1349,3737,3468,diagnostico y reparacion de centralita y sistema electrico para mejorar rendimiento.,Finalizado,2026-03-22 00:00:00,2026-03-23 00:00:00,662,Cliente informado,Honda,FZ16,Jose Ramirez,Cristian Molina
1350,295,2179,servicio integral para inspeccion y diagnostico incluyendo ajuste final.,En proceso,2026-03-25 00:00:00,2026-03-26 00:00:00,4608,Entregado,Honda,FT150,Carlos Mendoza,Henry Tellez
1351,3722,460,revision completa de alineacion y cambio de aceite y verificacion completa.,Finalizado,2026-02-28 00:00:00,2026-02-28 00:00:00,1933,Cliente informado,Italika,Gixxer 250,Carlos Mendoza,Erick Gutierrez
1352,4019,1202,instalacion y calibracion de niveles y alineacion y verificacion completa.,Finalizado,2026-03-21 00:00:00,2026-03-21 00:00:00,3365,Entregado,Bajaj,Ninja 400,Carlos Mendoza,Samuel Cruz
1353,292,3440,servicio integral para inspeccion y ruido con pruebas posteriores.,Finalizado,2026-03-01 00:00:00,2026-03-02 00:00:00,2365,Entregado,Honda,NKD 125,Jose Ramirez,Francisco Blandon
1354,4959,637,correccion especializada de sensores y fallo electrico debido a desgaste.,Finalizado,2026-03-09 00:00:00,2026-03-10 00:00:00,1467,Entregado,Honda,Boxer 150,Jose Ramirez,Wilmer Soto
1355,4515,2714,mantenimiento preventivo en chequeo y filtro de aire segun solicitud del cliente.,Finalizado,2026-03-28 00:00:00,2026-03-31 00:00:00,853,Cliente informado,Honda,CBR 600RR,Carlos Mendoza,Carlos Mendoza
1356,2492,2461,correccion especializada de cromado y tuning para mejorar rendimiento.,Finalizado,2026-03-01 00:00:00,2026-03-04 00:00:00,2018,Entregado,KTM,FT150,Jose Ramirez,Oscar Reyes
1357,243,186,revision completa de revision y revision con pruebas posteriores.,En proceso,2026-03-02 00:00:00,2026-03-06 00:00:00,2541,Entregado,Yamaha,CBR 600RR,Jose Ramirez,Andres Ruiz
1358,295,2386,diagnostico y reparacion de sensores y alternador y verificacion completa.,Finalizado,2026-03-01 00:00:00,2026-03-03 00:00:00,4751,Entregado,Italika,NKD 125,Carlos Mendoza,Brayan Silva
1359,4072,4080,mantenimiento preventivo en encendido y alternador segun solicitud del cliente.,Finalizado,2026-03-29 00:00:00,2026-04-02 00:00:00,6125,Cliente informado,KTM,Ninja 400,Carlos Mendoza,Fernando Herrera
1360,2855,2646,optimizacion del sistema luces y encendido con pruebas posteriores.,Finalizado,2026-03-28 00:00:00,2026-03-29 00:00:00,5539,Entregado,Suzuki,Gixxer 250,Carlos Mendoza,Victor Rivas
1361,2737,4701,correccion especializada de distribucion y carroceria por falla detectada.,Finalizado,2026-03-21 00:00:00,2026-03-21 00:00:00,1846,Entregado,Yamaha,CBR 600RR,Carlos Mendoza,Javier Morales
1362,969,2859,mantenimiento preventivo en cromado y polarizado debido a desgaste.,Finalizado,2026-03-14 00:00:00,2026-03-15 00:00:00,5753,Entregado,Italika,FT150,Jose Ramirez,Brayan Silva
1363,1888,2719,revision completa de cableado y sensores incluyendo ajuste final.,Finalizado,2026-03-21 00:00:00,2026-03-23 00:00:00,4852,Cliente informado,Kawasaki,XR150L,Carlos Mendoza,Steven Rocha
1364,967,4338,servicio integral para performance y luces led incluyendo ajuste final.,Finalizado,2026-03-04 00:00:00,2026-03-06 00:00:00,2593,Cliente informado,Yamaha,Gixxer 250,Carlos Mendoza,Carlos Mendoza
1365,574,2405,optimizacion del sistema fallo electrico y fallo electrico y verificacion completa.,Finalizado,2026-03-12 00:00:00,2026-03-13 00:00:00,5735,Cliente informado,Kawasaki,RC 200,Jose Ramirez,Francisco Blandon
1366,2968,936,mantenimiento preventivo en filtro de aire y cambio de aceite con pruebas posteriores.,Finalizado,2026-03-12 00:00:00,2026-03-13 00:00:00,6032,Entregado,Suzuki,DM200,Jose Ramirez,Javier Morales
1367,466,331,revision completa de filtro de aceite y balanceo incluyendo ajuste final.,Finalizado,2026-03-10 00:00:00,2026-03-10 00:00:00,1197,Cliente informado,KTM,DM200,Carlos Mendoza,Henry Tellez
1368,794,2564,correccion especializada de niveles y cambio de aceite debido a desgaste.,Finalizado,2026-03-05 00:00:00,2026-03-06 00:00:00,1585,Cliente informado,Yamaha,R15,Carlos Mendoza,Kevin Torres
1369,4809,3545,servicio integral para chequeo y problema para mejorar rendimiento.,Finalizado,2026-03-13 00:00:00,2026-03-17 00:00:00,6114,Cliente informado,TVS,RC 200,Carlos Mendoza,Eduardo Castro
1370,2474,5253,mantenimiento preventivo en revision y cambio de aceite por falla detectada.,Finalizado,2026-03-18 00:00:00,2026-03-21 00:00:00,6214,Cliente informado,AKT,NKD 125,Carlos Mendoza,Francisco Blandon
1371,3032,4385,diagnostico y reparacion de fibra de carbono y audio para mejorar rendimiento.,Finalizado,2026-03-08 00:00:00,2026-03-12 00:00:00,3860,Entregado,Honda,CBR 600RR,Jose Ramirez,Luis Martinez
1372,3935,823,optimizacion del sistema encendido y fallo electrico por falla detectada.,Finalizado,2026-02-28 00:00:00,2026-03-01 00:00:00,956,Entregado,Suzuki,Z650,Jose Ramirez,Juan Perez
1373,925,4821,instalacion y calibracion de revision general y test y verificacion completa.,Finalizado,2026-03-05 00:00:00,2026-03-08 00:00:00,1705,Cliente informado,Honda,Duke 390,Jose Ramirez,Javier Morales
1374,310,1255,correccion especializada de balanceo y filtro de aire debido a desgaste.,En proceso,2026-03-18 00:00:00,2026-03-19 00:00:00,4253,Entregado,Honda,DM200,Jose Ramirez,Roberto Flores
1375,2617,2520,inspeccion avanzada de alineacion y lubricacion segun solicitud del cliente.,Finalizado,2026-03-11 00:00:00,2026-03-11 00:00:00,3527,Cliente informado,Suzuki,FZ16,Carlos Mendoza,Carlos Mendoza
1376,2496,180,diagnostico y reparacion de sistema electrico y cableado con pruebas posteriores.,En proceso,2026-03-07 00:00:00,2026-03-07 00:00:00,5430,Entregado,Kawasaki,Duke 390,Carlos Mendoza,Luis Martinez
1377,4262,4895,optimizacion del sistema falla y ruido por falla detectada.,Finalizado,2026-03-04 00:00:00,2026-03-04 00:00:00,6153,Entregado,Honda,GSX-R750,Carlos Mendoza,Erick Gutierrez
1378,4120,995,ajuste tecnico de carroceria y chasis debido a desgaste.,Finalizado,2026-03-18 00:00:00,2026-03-20 00:00:00,871,Cliente informado,Suzuki,MT-07,Jose Ramirez,Oscar Reyes
1379,3156,4101,correccion especializada de centralita y motor de arranque segun solicitud del cliente.,Finalizado,2026-03-08 00:00:00,2026-03-12 00:00:00,5036,Entregado,Yamaha,Apache RTR 200,Jose Ramirez,Jose Ramirez
1380,1313,4727,mantenimiento preventivo en escape deportivo y gps debido a desgaste.,Finalizado,2026-03-04 00:00:00,2026-03-07 00:00:00,5748,Entregado,Italika,NKD 125,Carlos Mendoza,Mario Lopez
1381,28,3267,correccion especializada de arbol de levas y transmision segun solicitud del cliente.,Finalizado,2026-03-15 00:00:00,2026-03-18 00:00:00,755,Cliente informado,Kawasaki,RC 200,Jose Ramirez,Manuel Vargas
1382,4844,1735,instalacion y calibracion de test y falla incluyendo ajuste final.,Finalizado,2026-03-24 00:00:00,2026-03-27 00:00:00,1543,Entregado,Honda,GN125,Jose Ramirez,Javier Morales
1383,3604,5322,correccion especializada de balanceo y chequeo segun solicitud del cliente.,Finalizado,2026-03-24 00:00:00,2026-03-26 00:00:00,3289,Cliente informado,TVS,R15,Jose Ramirez,Carlos Mendoza
1384,1430,5059,mantenimiento preventivo en direccion y amortiguadores incluyendo ajuste final.,Finalizado,2026-03-08 00:00:00,2026-03-12 00:00:00,5611,Cliente informado,Yamaha,FZ16,Carlos Mendoza,Juan Perez
1385,1554,4676,diagnostico y reparacion de potencia y camara incluyendo ajuste final.,Finalizado,2026-03-20 00:00:00,2026-03-22 00:00:00,1833,Cliente informado,Honda,XR150L,Jose Ramirez,Erick Gutierrez
1386,1006,4633,optimizacion del sistema lubricacion y lubricacion para mejorar rendimiento.,Finalizado,2026-03-12 00:00:00,2026-03-15 00:00:00,5017,Entregado,Kawasaki,NKD 125,Jose Ramirez,Daniel Castillo
1387,2403,769,mantenimiento preventivo en chequeo y bujias por falla detectada.,Finalizado,2026-03-07 00:00:00,2026-03-08 00:00:00,4702,Entregado,Suzuki,CB190R,Jose Ramirez,Francisco Blandon
1388,3803,5209,revision completa de alineacion y chequeo y verificacion completa.,Entregado,2026-03-12 00:00:00,2026-03-14 00:00:00,5269,Cliente informado,Yamaha,R15,Carlos Mendoza,Juan Perez
1389,3420,2400,diagnostico y reparacion de carroceria y pistones debido a desgaste.,Finalizado,2026-03-13 00:00:00,2026-03-14 00:00:00,2122,Entregado,Suzuki,RC 200,Jose Ramirez,Samuel Cruz
1390,3535,3808,revision completa de ruido y escaneo por falla detectada.,Finalizado,2026-03-10 00:00:00,2026-03-14 00:00:00,2117,Cliente informado,Yamaha,Apache RTR 200,Jose Ramirez,Roberto Flores
1391,3163,2619,instalacion y calibracion de filtro de aire y niveles incluyendo ajuste final.,Finalizado,2026-03-28 00:00:00,2026-03-30 00:00:00,3422,Cliente informado,TVS,XR150L,Jose Ramirez,Victor Rivas
1392,794,2564,ajuste tecnico de cableado y cableado debido a desgaste.,Finalizado,2026-03-05 00:00:00,2026-03-06 00:00:00,2680,Cliente informado,Honda,NKD 125,Jose Ramirez,Carlos Mendoza
1393,3717,4753,inspeccion avanzada de filtro de aceite y bujias y verificacion completa.,Finalizado,2026-03-23 00:00:00,2026-03-25 00:00:00,6447,Entregado,Bajaj,Z650,Jose Ramirez,Samuel Cruz
1394,2137,4386,correccion especializada de filtro de aceite y chequeo para mejorar rendimiento.,Finalizado,2026-03-03 00:00:00,2026-03-03 00:00:00,5060,Entregado,KTM,FT150,Carlos Mendoza,Mario Lopez
1395,783,192,inspeccion avanzada de pintar carroceria y actualizacion de software por falla detectada.,Finalizado,2026-03-01 00:00:00,2026-03-04 00:00:00,2600,Cliente informado,TVS,MT-07,Carlos Mendoza,Javier Morales
1396,3282,925,correccion especializada de radiador y radiador debido a desgaste.,Finalizado,2026-03-19 00:00:00,2026-03-19 00:00:00,6093,Cliente informado,Bajaj,Boxer 150,Carlos Mendoza,Steven Rocha
1397,3476,1832,mantenimiento preventivo en encendido y bateria segun solicitud del cliente.,Finalizado,2026-03-16 00:00:00,2026-03-18 00:00:00,1010,Entregado,Bajaj,Ninja 400,Jose Ramirez,Carlos Mendoza
1398,3252,1302,mantenimiento preventivo en escape deportivo y calipers y verificacion completa.,Finalizado,2026-03-14 00:00:00,2026-03-16 00:00:00,3951,Cliente informado,Honda,Apache RTR 200,Jose Ramirez,Brayan Silva
1399,4471,257,instalacion y calibracion de revision general y problema y verificacion completa.,Finalizado,2026-03-15 00:00:00,2026-03-17 00:00:00,1470,Entregado,Honda,CB190R,Carlos Mendoza,Brayan Silva
1400,1949,949,optimizacion del sistema sistema electrico y sensores incluyendo ajuste final.,Finalizado,2026-03-12 00:00:00,2026-03-15 00:00:00,1010,Entregado,Italika,FT150,Jose Ramirez,Fernando Herrera
1401,1564,1811,diagnostico y reparacion de arbol de levas y motor por falla detectada.,Finalizado,2026-03-27 00:00:00,2026-03-29 00:00:00,3151,Entregado,Kawasaki,Pulsar NS200,Carlos Mendoza,Wilmer Soto
1402,486,792,mantenimiento preventivo en ruido y revision general para mejorar rendimiento.,Finalizado,2026-03-24 00:00:00,2026-03-14 00:00:00,971,Entregado,Suzuki,Boxer 150,Jose Ramirez,Andres Ruiz
1403,4920,1858,correccion especializada de arbol de levas y culata incluyendo ajuste final.,Finalizado,2026-03-06 00:00:00,2026-03-10 00:00:00,759,Entregado,Italika,CBR 600RR,Carlos Mendoza,Francisco Blandon
1404,1221,1536,servicio integral para revision general y falla y verificacion completa.,Entregado,2026-03-09 00:00:00,2026-03-09 00:00:00,1358,Cliente informado,Honda,Duke 390,Jose Ramirez,Luis Martinez
1405,4633,1876,servicio integral para revision general y diagnostico y verificacion completa.,Finalizado,2026-03-23 00:00:00,2026-03-24 00:00:00,845,Cliente informado,Suzuki,FT150,Jose Ramirez,Julio Navarro
1406,135,606,correccion especializada de fallo electrico y bateria y verificacion completa.,Finalizado,2026-03-14 00:00:00,2026-03-15 00:00:00,3148,Entregado,Yamaha,Z650,Jose Ramirez,Samuel Cruz
1407,2447,387,correccion especializada de sensores y motor de arranque debido a desgaste.,Finalizado,2026-03-24 00:00:00,2026-03-25 00:00:00,1353,Entregado,Yamaha,FZ16,Carlos Mendoza,Francisco Blandon
1408,756,3657,diagnostico y reparacion de falla y falla y verificacion completa.,Finalizado,2026-03-07 00:00:00,2026-03-09 00:00:00,2546,Cliente informado,Bajaj,MT-07,Carlos Mendoza,Daniel Castillo
1409,3886,418,optimizacion del sistema diferencial y radiador con pruebas posteriores.,Finalizado,2026-03-18 00:00:00,2026-03-22 00:00:00,1278,Cliente informado,Honda,NKD 125,Carlos Mendoza,Edwin Chavez
1410,2699,4387,ajuste tecnico de chequeo y filtro de aceite para mejorar rendimiento.,Finalizado,2026-03-19 00:00:00,2026-03-22 00:00:00,1178,Cliente informado,Honda,RC 200,Jose Ramirez,Andres Ruiz
1411,318,1978,inspeccion avanzada de radiador y distribucion con pruebas posteriores.,Finalizado,2026-03-09 00:00:00,2026-03-12 00:00:00,1468,Cliente informado,Yamaha,Z650,Jose Ramirez,Jose Ramirez
1412,4780,5251,correccion especializada de distribucion y embrague segun solicitud del cliente.,Finalizado,2026-03-17 00:00:00,2026-03-20 00:00:00,3858,Cliente informado,Bajaj,Boxer 150,Carlos Mendoza,Daniel Castillo
1413,161,1051,servicio integral para bujias y lubricacion y verificacion completa.,Finalizado,2026-03-28 00:00:00,2026-03-28 00:00:00,2482,Cliente informado,KTM,DM200,Jose Ramirez,Manuel Vargas
1414,1160,3259,servicio integral para alternador y motor de arranque debido a desgaste.,Finalizado,2026-03-21 00:00:00,2026-03-21 00:00:00,3872,Cliente informado,Yamaha,XR150L,Jose Ramirez,Samuel Cruz
1415,4369,4843,servicio integral para luces y luces para mejorar rendimiento.,Finalizado,2026-03-07 00:00:00,2026-03-10 00:00:00,1839,Cliente informado,Suzuki,Gixxer 250,Carlos Mendoza,Eduardo Castro
1416,3895,1935,correccion especializada de problema y problema por falla detectada.,Finalizado,2026-03-05 00:00:00,2026-03-05 00:00:00,4961,Cliente informado,Suzuki,CB190R,Jose Ramirez,Javier Morales
1417,357,301,mantenimiento preventivo en distribucion y distribucion segun solicitud del cliente.,Finalizado,2026-03-24 00:00:00,2026-03-24 00:00:00,3048,Cliente informado,Kawasaki,Apache RTR 200,Carlos Mendoza,Kevin Torres
1418,2563,4306,diagnostico y reparacion de ciguenal y bomba de agua con pruebas posteriores.,Finalizado,2026-03-24 00:00:00,2026-03-28 00:00:00,2180,Cliente informado,Suzuki,CBR 600RR,Jose Ramirez,Jose Ramirez
1419,3352,47,mantenimiento preventivo en radiador y motor y verificacion completa.,Finalizado,2026-03-05 00:00:00,2026-03-05 00:00:00,2164,Cliente informado,Yamaha,FZ16,Carlos Mendoza,Daniel Castillo
1420,295,2386,servicio integral para problema y diagnostico con pruebas posteriores.,Finalizado,2026-03-01 00:00:00,2026-03-03 00:00:00,4183,Entregado,KTM,Z650,Carlos Mendoza,Daniel Castillo
1421,3102,4494,mantenimiento preventivo en niveles y bujias debido a desgaste.,Finalizado,2026-03-27 00:00:00,2026-03-30 00:00:00,3893,Cliente informado,Suzuki,Duke 390,Carlos Mendoza,Fernando Herrera
1422,1285,4779,correccion especializada de inspeccion y revision general segun solicitud del cliente.,Finalizado,2026-03-02 00:00:00,2026-02-20 00:00:00,1572,Cliente informado,Honda,Ninja 400,Jose Ramirez,Carlos Mendoza
1423,4068,1264,mantenimiento preventivo en sensores y sistema electrico incluyendo ajuste final.,En proceso,2026-03-26 00:00:00,2026-03-26 00:00:00,5513,Cliente informado,Yamaha,Duke 390,Jose Ramirez,Juan Perez
1424,2696,773,optimizacion del sistema sensores y fallo electrico para mejorar rendimiento.,Finalizado,2026-03-19 00:00:00,2026-03-22 00:00:00,4937,Entregado,Italika,Duke 390,Carlos Mendoza,Cristian Molina
1425,1707,3637,optimizacion del sistema caja de cambios y carroceria incluyendo ajuste final.,Finalizado,2026-03-08 00:00:00,2026-03-12 00:00:00,1840,Cliente informado,Bajaj,R15,Carlos Mendoza,Julio Navarro
1426,1967,1891,diagnostico y reparacion de cambio de aceite y alineacion y verificacion completa.,Finalizado,2026-03-02 00:00:00,2026-02-20 00:00:00,5849,Entregado,Yamaha,Apache RTR 200,Carlos Mendoza,Andres Ruiz
1427,4610,4894,optimizacion del sistema ciguenal y motor para mejorar rendimiento.,Finalizado,2026-03-10 00:00:00,2026-03-14 00:00:00,1007,Entregado,Suzuki,GN125,Carlos Mendoza,Julio Navarro
1428,696,537,instalacion y calibracion de balanceo y lubricacion segun solicitud del cliente.,Finalizado,2026-03-27 00:00:00,2026-03-28 00:00:00,1113,Cliente informado,Yamaha,Duke 390,Carlos Mendoza,Juan Perez
1429,3032,4385,ajuste tecnico de bomba de agua y embrague por falla detectada.,Finalizado,2026-03-08 00:00:00,2026-03-12 00:00:00,3162,Entregado,Bajaj,Duke 390,Jose Ramirez,Oscar Reyes
1430,135,606,optimizacion del sistema diagnostico y falla para mejorar rendimiento.,Finalizado,2026-03-14 00:00:00,2026-03-15 00:00:00,4622,Entregado,KTM,FZ16,Jose Ramirez,Victor Rivas
1431,1273,3166,optimizacion del sistema llantas deportivas y tuning con pruebas posteriores.,Finalizado,2026-03-01 00:00:00,2026-03-02 00:00:00,3502,Entregado,Kawasaki,GSX-R750,Jose Ramirez,Daniel Castillo
1432,4924,2464,inspeccion avanzada de centralita y sensores para mejorar rendimiento.,Finalizado,2026-03-23 00:00:00,2026-03-26 00:00:00,2108,Entregado,Kawasaki,NKD 125,Jose Ramirez,Andres Ruiz
1433,2447,786,servicio integral para escape deportivo y performance segun solicitud del cliente.,Finalizado,2026-03-23 00:00:00,2026-03-26 00:00:00,1336,Entregado,Italika,Z650,Jose Ramirez,Cristian Molina
1434,4515,2714,mantenimiento preventivo en falla y escaneo para mejorar rendimiento.,Finalizado,2026-03-28 00:00:00,2026-03-31 00:00:00,1775,Cliente informado,Suzuki,Apache RTR 200,Carlos Mendoza,Manuel Vargas
1435,3850,1068,optimizacion del sistema diagnostico y ruido debido a desgaste.,Finalizado,2026-03-08 00:00:00,2026-03-12 00:00:00,4265,Entregado,Yamaha,RC 200,Carlos Mendoza,Juan Perez
1436,3315,1733,servicio integral para luces y sistema electrico para mejorar rendimiento.,Finalizado,2026-03-02 00:00:00,2026-03-06 00:00:00,4494,Cliente informado,Italika,GSX-R750,Jose Ramirez,Cristian Molina
1437,4271,3014,mantenimiento preventivo en caja de cambios y motor debido a desgaste.,Finalizado,2026-03-26 00:00:00,2026-03-28 00:00:00,1645,Cliente informado,Yamaha,FZ16,Jose Ramirez,Victor Rivas
1438,1461,4987,mantenimiento preventivo en inspeccion y problema segun solicitud del cliente.,Finalizado,2026-03-22 00:00:00,2026-03-23 00:00:00,3752,Entregado,Bajaj,Pulsar NS200,Jose Ramirez,Erick Gutierrez
1439,231,2594,correccion especializada de escape deportivo y modificacion y verificacion completa.,Finalizado,2026-03-10 00:00:00,2026-03-12 00:00:00,5279,Cliente informado,AKT,FT150,Carlos Mendoza,Juan Perez
1440,466,331,diagnostico y reparacion de revision general y test con pruebas posteriores.,Finalizado,2026-03-10 00:00:00,2026-03-10 00:00:00,5155,Cliente informado,Bajaj,CBR 600RR,Carlos Mendoza,Daniel Castillo
1441,4829,1653,correccion especializada de escaneo y diagnostico segun solicitud del cliente.,Finalizado,2026-03-29 00:00:00,2026-03-30 00:00:00,4868,Entregado,Bajaj,GN125,Carlos Mendoza,Victor Rivas
1442,682,2567,diagnostico y reparacion de luces y bateria incluyendo ajuste final.,Finalizado,2026-03-26 00:00:00,2026-03-16 00:00:00,3269,Entregado,Kawasaki,Duke 390,Jose Ramirez,Francisco Blandon
1443,4154,4528,correccion especializada de distribucion y caja de cambios por falla detectada.,Finalizado,2026-03-08 00:00:00,2026-03-12 00:00:00,5054,Entregado,Honda,GN125,Jose Ramirez,Javier Morales
1444,52,2054,revision completa de alternador y luces incluyendo ajuste final.,En proceso,2026-02-28 00:00:00,2026-03-03 00:00:00,2680,Entregado,KTM,XR150L,Jose Ramirez,Samuel Cruz
1445,4358,4167,correccion especializada de pintura y pantalla por falla detectada.,Finalizado,2026-03-16 00:00:00,2026-03-18 00:00:00,1926,Cliente informado,Italika,Z650,Jose Ramirez,Steven Rocha
1446,4072,4080,servicio integral para escaneo y inspeccion segun solicitud del cliente.,Finalizado,2026-03-29 00:00:00,2026-04-02 00:00:00,1046,Cliente informado,Yamaha,XR150L,Jose Ramirez,Luis Martinez
1447,3464,4605,revision completa de motor de arranque y sistema electrico debido a desgaste.,Finalizado,2026-03-06 00:00:00,2026-03-06 00:00:00,3679,Cliente informado,Honda,Pulsar NS200,Carlos Mendoza,Victor Rivas
1448,3195,248,diagnostico y reparacion de kit aerodinamico y performance y verificacion completa.,Entregado,2026-03-05 00:00:00,2026-03-09 00:00:00,2952,Cliente informado,Suzuki,CB190R,Carlos Mendoza,Javier Morales
1449,2146,3659,diagnostico y reparacion de cableado y sistema electrico incluyendo ajuste final.,Finalizado,2026-03-05 00:00:00,2026-03-06 00:00:00,3734,Entregado,Kawasaki,Pulsar NS200,Jose Ramirez,Edwin Chavez
1450,808,1423,diagnostico y reparacion de carroceria y direccion y verificacion completa.,Finalizado,2026-03-28 00:00:00,2026-03-29 00:00:00,5246,Cliente informado,Bajaj,MT-07,Jose Ramirez,Oscar Reyes
1451,1221,1536,optimizacion del sistema encendido y bateria para mejorar rendimiento.,Entregado,2026-03-09 00:00:00,2026-03-09 00:00:00,3112,Cliente informado,KTM,Ninja 400,Jose Ramirez,Brayan Silva
1452,3720,3889,optimizacion del sistema vinilado y actualizacion de software segun solicitud del cliente.,Finalizado,2026-03-26 00:00:00,2026-03-30 00:00:00,1032,Entregado,Yamaha,NKD 125,Jose Ramirez,Julio Navarro
1453,1707,3637,revision completa de encendido y encendido con pruebas posteriores.,Finalizado,2026-03-08 00:00:00,2026-03-12 00:00:00,5489,Cliente informado,Yamaha,Pulsar NS200,Jose Ramirez,Oscar Reyes
1454,3167,656,mantenimiento preventivo en revision general y evaluacion con pruebas posteriores.,Finalizado,2026-03-29 00:00:00,2026-03-29 00:00:00,5582,Entregado,AKT,GN125,Carlos Mendoza,Edwin Chavez
1455,4090,4645,correccion especializada de aleron y turbo con pruebas posteriores.,Finalizado,2026-03-07 00:00:00,2026-03-11 00:00:00,4580,Cliente informado,Yamaha,CB190R,Carlos Mendoza,Eduardo Castro
1456,1869,68,correccion especializada de escape deportivo y modificacion debido a desgaste.,Finalizado,2026-03-14 00:00:00,2026-03-14 00:00:00,2424,Cliente informado,Bajaj,XR150L,Carlos Mendoza,Edwin Chavez
1457,2137,4386,revision completa de revision y chequeo y verificacion completa.,Finalizado,2026-03-03 00:00:00,2026-03-03 00:00:00,6384,Entregado,Suzuki,GSX-R750,Jose Ramirez,Erick Gutierrez
1458,3697,3606,servicio integral para potencia y aleron con pruebas posteriores.,Finalizado,2026-03-12 00:00:00,2026-03-14 00:00:00,1152,Entregado,KTM,Boxer 150,Carlos Mendoza,Carlos Mendoza
1459,686,23,inspeccion avanzada de diferencial y transmision y verificacion completa.,Finalizado,2026-03-08 00:00:00,2026-03-09 00:00:00,1614,Cliente informado,Yamaha,Gixxer 250,Jose Ramirez,Javier Morales
1460,1285,565,instalacion y calibracion de revision general y ruido incluyendo ajuste final.,Finalizado,2026-03-06 00:00:00,2026-02-24 00:00:00,1162,Entregado,Yamaha,RC 200,Carlos Mendoza,Oscar Reyes
1461,4610,3782,optimizacion del sistema falla y inspeccion con pruebas posteriores.,Finalizado,2026-03-29 00:00:00,2026-04-02 00:00:00,3269,Entregado,Suzuki,GN125,Carlos Mendoza,Jose Ramirez
1462,3513,2464,correccion especializada de lubricacion y filtro de aire incluyendo ajuste final.,Finalizado,2026-03-02 00:00:00,2026-03-05 00:00:00,6279,Cliente informado,Italika,RC 200,Jose Ramirez,Edwin Chavez
1463,1519,5237,inspeccion avanzada de amortiguadores y biela incluyendo ajuste final.,Finalizado,2026-03-18 00:00:00,2026-03-22 00:00:00,2850,Cliente informado,Italika,Ninja 400,Jose Ramirez,Daniel Castillo
1464,1346,4052,optimizacion del sistema evaluacion y falla segun solicitud del cliente.,Finalizado,2026-03-27 00:00:00,2026-03-30 00:00:00,6216,Cliente informado,Honda,Apache RTR 200,Carlos Mendoza,Fernando Herrera
1465,948,186,ajuste tecnico de filtro de aceite y filtro de aceite incluyendo ajuste final.,Finalizado,2026-03-07 00:00:00,2026-03-10 00:00:00,6193,Entregado,Italika,CBR 600RR,Carlos Mendoza,Francisco Blandon
1466,1891,2066,ajuste tecnico de culata y embrague incluyendo ajuste final.,Finalizado,2026-03-18 00:00:00,2026-03-18 00:00:00,5812,Cliente informado,Yamaha,Ninja 400,Jose Ramirez,Samuel Cruz
1467,1524,940,instalacion y calibracion de audio y estetico para mejorar rendimiento.,Finalizado,2026-03-02 00:00:00,2026-03-03 00:00:00,6190,Cliente informado,KTM,MT-07,Carlos Mendoza,Eduardo Castro
1468,1573,5279,correccion especializada de bateria y sensores incluyendo ajuste final.,Finalizado,2026-03-11 00:00:00,2026-03-14 00:00:00,2604,Entregado,Kawasaki,GSX-R750,Carlos Mendoza,Fernando Herrera
1469,779,4081,revision completa de luces y bateria y verificacion completa.,Finalizado,2026-03-10 00:00:00,2026-03-12 00:00:00,5783,Cliente informado,Yamaha,R15,Carlos Mendoza,Wilmer Soto
1470,2481,2099,diagnostico y reparacion de alternador y alternador debido a desgaste.,Finalizado,2026-03-07 00:00:00,2026-03-08 00:00:00,5969,Entregado,Bajaj,Ninja 400,Carlos Mendoza,Carlos Mendoza
1471,3173,2302,optimizacion del sistema distribucion y frenos con pruebas posteriores.,Finalizado,2026-03-29 00:00:00,2026-03-19 00:00:00,5289,Entregado,Italika,NKD 125,Jose Ramirez,Javier Morales
1472,341,5027,instalacion y calibracion de sensores y luces debido a desgaste.,Finalizado,2026-03-10 00:00:00,2026-03-12 00:00:00,6407,Entregado,TVS,Gixxer 250,Carlos Mendoza,Cristian Molina
1473,1861,2878,revision completa de escaneo y escaneo debido a desgaste.,Finalizado,2026-03-08 00:00:00,2026-03-08 00:00:00,3348,Entregado,Italika,GSX-R750,Carlos Mendoza,Juan Perez
1474,243,3276,correccion especializada de centralita y luces para mejorar rendimiento.,Finalizado,2026-03-06 00:00:00,2026-03-10 00:00:00,5457,Cliente informado,Yamaha,NKD 125,Carlos Mendoza,Oscar Reyes
1475,3185,2721,inspeccion avanzada de luces y fallo electrico por falla detectada.,Entregado,2026-03-22 00:00:00,2026-03-26 00:00:00,5007,Entregado,Italika,RC 200,Jose Ramirez,Wilmer Soto
1476,829,1334,correccion especializada de personalizacion y frenos deportivos debido a desgaste.,Finalizado,2026-03-13 00:00:00,2026-03-16 00:00:00,2010,Entregado,Suzuki,Boxer 150,Jose Ramirez,Luis Martinez
1477,10,4188,optimizacion del sistema transmision y transmision segun solicitud del cliente.,Finalizado,2026-03-22 00:00:00,2026-03-26 00:00:00,1274,Entregado,Italika,CB190R,Carlos Mendoza,Julio Navarro
1478,3717,4753,optimizacion del sistema chequeo y cambio de aceite segun solicitud del cliente.,Finalizado,2026-03-23 00:00:00,2026-03-25 00:00:00,2968,Entregado,Suzuki,Pulsar NS200,Carlos Mendoza,Luis Martinez
1479,4276,3738,diagnostico y reparacion de pantalla y modificacion para mejorar rendimiento.,Finalizado,2026-03-25 00:00:00,2026-03-29 00:00:00,5409,Entregado,Honda,CBR 600RR,Carlos Mendoza,Julio Navarro
1480,3531,4342,ajuste tecnico de estetico y escape deportivo para mejorar rendimiento.,Finalizado,2026-02-28 00:00:00,2026-02-28 00:00:00,2778,Entregado,Yamaha,Ninja 400,Jose Ramirez,Julio Navarro
1481,802,4732,ajuste tecnico de evaluacion y diagnostico debido a desgaste.,Finalizado,2026-03-09 00:00:00,2026-03-13 00:00:00,4348,Cliente informado,Italika,Gixxer 250,Jose Ramirez,Luis Martinez
1482,1285,4779,ajuste tecnico de cableado y sistema electrico y verificacion completa.,Finalizado,2026-03-02 00:00:00,2026-02-20 00:00:00,3587,Cliente informado,Bajaj,Z650,Carlos Mendoza,Kevin Torres
1483,4650,3408,diagnostico y reparacion de ruido y problema y verificacion completa.,Finalizado,2026-03-08 00:00:00,2026-03-09 00:00:00,5154,Entregado,Yamaha,Ninja 400,Carlos Mendoza,Oscar Reyes
1484,4271,4746,optimizacion del sistema revision general y ruido con pruebas posteriores.,Finalizado,2026-03-21 00:00:00,2026-03-25 00:00:00,3376,Entregado,Italika,XR150L,Jose Ramirez,Steven Rocha
1485,3504,1781,inspeccion avanzada de filtro de aceite y filtro de aceite para mejorar rendimiento.,Finalizado,2026-03-27 00:00:00,2026-03-27 00:00:00,3887,Cliente informado,Honda,GN125,Jose Ramirez,Victor Rivas
1486,3969,2837,optimizacion del sistema chasis y eje por falla detectada.,Finalizado,2026-03-02 00:00:00,2026-03-06 00:00:00,4289,Entregado,Kawasaki,Ninja 400,Carlos Mendoza,Wilmer Soto
1487,3754,4308,revision completa de motor y direccion incluyendo ajuste final.,Finalizado,2026-03-03 00:00:00,2026-03-03 00:00:00,4117,Cliente informado,AKT,R15,Jose Ramirez,Brayan Silva
1488,773,200,optimizacion del sistema ruido y diagnostico debido a desgaste.,Finalizado,2026-03-22 00:00:00,2026-03-26 00:00:00,1458,Entregado,Suzuki,R15,Carlos Mendoza,Mario Lopez
1489,1901,3769,diagnostico y reparacion de bujias y niveles incluyendo ajuste final.,Finalizado,2026-03-25 00:00:00,2026-03-15 00:00:00,5343,Entregado,Bajaj,FT150,Jose Ramirez,Henry Tellez
1490,1160,3259,mantenimiento preventivo en audio y custom incluyendo ajuste final.,Finalizado,2026-03-21 00:00:00,2026-03-21 00:00:00,2521,Cliente informado,KTM,FT150,Carlos Mendoza,Roberto Flores
1491,1244,1736,instalacion y calibracion de problema y problema para mejorar rendimiento.,Finalizado,2026-03-10 00:00:00,2026-03-11 00:00:00,2158,Entregado,Bajaj,Boxer 150,Carlos Mendoza,Victor Rivas
1492,4395,2737,servicio integral para amortiguadores y caja de cambios para mejorar rendimiento.,Finalizado,2026-03-15 00:00:00,2026-03-17 00:00:00,2115,Entregado,Suzuki,XR150L,Jose Ramirez,Victor Rivas
1493,1009,3494,instalacion y calibracion de niveles y filtro de aceite para mejorar rendimiento.,Finalizado,2026-03-14 00:00:00,2026-03-17 00:00:00,886,Entregado,KTM,FT150,Carlos Mendoza,Julio Navarro
1494,1401,1351,instalacion y calibracion de alineacion y chequeo incluyendo ajuste final.,Finalizado,2026-03-28 00:00:00,2026-03-29 00:00:00,6333,Entregado,Suzuki,DM200,Carlos Mendoza,Francisco Blandon
1495,3909,2476,servicio integral para falla y inspeccion por falla detectada.,Finalizado,2026-02-28 00:00:00,2026-03-01 00:00:00,5906,Entregado,Kawasaki,XR150L,Carlos Mendoza,Mario Lopez
1496,504,3267,mantenimiento preventivo en evaluacion y revision general y verificacion completa.,Finalizado,2026-03-04 00:00:00,2026-03-05 00:00:00,1615,Cliente informado,Yamaha,Duke 390,Carlos Mendoza,Francisco Blandon
1497,2492,2461,servicio integral para performance y sensores de estacionamiento con pruebas posteriores.,Finalizado,2026-03-01 00:00:00,2026-03-04 00:00:00,915,Entregado,Yamaha,R15,Jose Ramirez,Kevin Torres
1498,1285,565,diagnostico y reparacion de tuning y vinilado por falla detectada.,Finalizado,2026-03-06 00:00:00,2026-02-24 00:00:00,3054,Entregado,Honda,Ninja 400,Carlos Mendoza,Kevin Torres
1499,1688,396,servicio integral para chequeo y inspeccion incluyendo ajuste final.,Finalizado,2026-03-23 00:00:00,2026-03-27 00:00:00,2007,Cliente informado,Suzuki,Gixxer 250,Carlos Mendoza,Jose Ramirez
1500,3262,1103,diagnostico y reparacion de audio y polarizado por falla detectada.,Finalizado,2026-03-20 00:00:00,2026-03-21 00:00:00,1608,Cliente informado,Bajaj,Pulsar NS200,Carlos Mendoza,Mario Lopez
1501,3036,4554,inspeccion avanzada de direccion y embrague segun solicitud del cliente.,Finalizado,2026-03-28 00:00:00,2026-03-31 00:00:00,2642,Entregado,Kawasaki,GN125,Jose Ramirez,Mario Lopez
1502,1285,4779,ajuste tecnico de suspension y amortiguadores debido a desgaste.,Finalizado,2026-03-02 00:00:00,2026-02-20 00:00:00,1945,Cliente informado,TVS,NKD 125,Carlos Mendoza,Carlos Mendoza
1503,2407,1791,mantenimiento preventivo en radiador y caja de cambios con pruebas posteriores.,Finalizado,2026-03-14 00:00:00,2026-03-17 00:00:00,3237,Cliente informado,Honda,MT-07,Carlos Mendoza,Luis Martinez
1504,1581,110,mantenimiento preventivo en cableado y centralita y verificacion completa.,Finalizado,2026-03-04 00:00:00,2026-03-07 00:00:00,1503,Cliente informado,Suzuki,RC 200,Jose Ramirez,Juan Perez
1505,3394,1487,diagnostico y reparacion de balanceo y lubricacion segun solicitud del cliente.,Finalizado,2026-03-13 00:00:00,2026-03-03 00:00:00,3858,Cliente informado,Italika,RC 200,Jose Ramirez,Juan Perez
1506,1313,4727,instalacion y calibracion de pantalla y aleron debido a desgaste.,Finalizado,2026-03-04 00:00:00,2026-03-07 00:00:00,4047,Entregado,Italika,Gixxer 250,Jose Ramirez,Oscar Reyes
1507,4360,925,servicio integral para biela y distribucion y verificacion completa.,Finalizado,2026-03-26 00:00:00,2026-03-29 00:00:00,6069,Cliente informado,Suzuki,GSX-R750,Jose Ramirez,Wilmer Soto
1508,4626,200,revision completa de carroceria y carroceria y verificacion completa.,Finalizado,2026-03-17 00:00:00,2026-03-07 00:00:00,987,Entregado,Bajaj,Pulsar NS200,Carlos Mendoza,Victor Rivas
1509,3163,2619,mantenimiento preventivo en evaluacion y falla por falla detectada.,Finalizado,2026-03-28 00:00:00,2026-03-30 00:00:00,6486,Cliente informado,Kawasaki,Ninja 400,Carlos Mendoza,Erick Gutierrez
1510,2663,1801,correccion especializada de alineacion y alineacion debido a desgaste.,Finalizado,2026-03-12 00:00:00,2026-03-12 00:00:00,6416,Entregado,Kawasaki,CBR 600RR,Carlos Mendoza,Carlos Mendoza
1511,3962,1533,mantenimiento preventivo en test y chequeo y verificacion completa.,Finalizado,2026-03-29 00:00:00,2026-03-31 00:00:00,4446,Cliente informado,Kawasaki,Z650,Jose Ramirez,Francisco Blandon
1512,3795,4808,instalacion y calibracion de fallo electrico y luces incluyendo ajuste final.,Finalizado,2026-03-05 00:00:00,2026-03-05 00:00:00,630,Cliente informado,Yamaha,Ninja 400,Jose Ramirez,Eduardo Castro
1513,1704,305,ajuste tecnico de fibra de carbono y gps debido a desgaste.,Finalizado,2026-03-28 00:00:00,2026-03-29 00:00:00,2249,Cliente informado,Suzuki,CBR 600RR,Carlos Mendoza,Steven Rocha
1514,3315,1733,instalacion y calibracion de tuning y suspension deportiva segun solicitud del cliente.,Finalizado,2026-03-02 00:00:00,2026-03-06 00:00:00,964,Cliente informado,Yamaha,FT150,Carlos Mendoza,Julio Navarro
1515,3473,214,ajuste tecnico de filtro de aire y balanceo con pruebas posteriores.,Finalizado,2026-03-16 00:00:00,2026-03-06 00:00:00,3986,Entregado,Yamaha,Boxer 150,Carlos Mendoza,Kevin Torres
1516,3024,6,ajuste tecnico de inspeccion y diagnostico debido a desgaste.,Finalizado,2026-03-08 00:00:00,2026-03-10 00:00:00,5338,Cliente informado,Kawasaki,Gixxer 250,Carlos Mendoza,Brayan Silva
1517,3652,4244,ajuste tecnico de chequeo y balanceo y verificacion completa.,Finalizado,2026-03-02 00:00:00,2026-03-02 00:00:00,1690,Entregado,Yamaha,CB190R,Carlos Mendoza,Steven Rocha
1518,1229,2933,optimizacion del sistema chequeo y test con pruebas posteriores.,Finalizado,2026-03-16 00:00:00,2026-03-18 00:00:00,1402,Entregado,TVS,RC 200,Jose Ramirez,Edwin Chavez
1519,1341,1408,correccion especializada de lubricacion y filtro de aceite incluyendo ajuste final.,Finalizado,2026-03-18 00:00:00,2026-03-08 00:00:00,4662,Cliente informado,Suzuki,Pulsar NS200,Carlos Mendoza,Henry Tellez
1520,1406,2443,mantenimiento preventivo en cableado y encendido segun solicitud del cliente.,Finalizado,2026-03-14 00:00:00,2026-03-15 00:00:00,5841,Entregado,AKT,Boxer 150,Jose Ramirez,Julio Navarro
1521,1187,3819,instalacion y calibracion de niveles y alineacion por falla detectada.,Finalizado,2026-03-10 00:00:00,2026-03-14 00:00:00,2163,Cliente informado,Kawasaki,FT150,Jose Ramirez,Alexis Diaz
1522,2447,786,instalacion y calibracion de problema y chequeo para mejorar rendimiento.,Finalizado,2026-03-23 00:00:00,2026-03-26 00:00:00,6393,Entregado,KTM,XR150L,Jose Ramirez,Jose Ramirez
1523,1006,4570,diagnostico y reparacion de filtro de aire y niveles y verificacion completa.,Finalizado,2026-03-03 00:00:00,2026-03-07 00:00:00,566,Cliente informado,Bajaj,R15,Jose Ramirez,Manuel Vargas
1524,3802,1909,instalacion y calibracion de motor de arranque y luces para mejorar rendimiento.,Finalizado,2026-03-12 00:00:00,2026-03-12 00:00:00,1676,Entregado,Honda,CBR 600RR,Jose Ramirez,Roberto Flores
1525,397,4584,instalacion y calibracion de test y escaneo por falla detectada.,Entregado,2026-03-03 00:00:00,2026-03-03 00:00:00,5611,Cliente informado,Honda,RC 200,Jose Ramirez,Roberto Flores
1526,3750,595,inspeccion avanzada de filtro de aire y filtro de aire incluyendo ajuste final.,Finalizado,2026-03-02 00:00:00,2026-03-04 00:00:00,4254,Cliente informado,KTM,RC 200,Carlos Mendoza,Kevin Torres
1527,3852,1984,ajuste tecnico de revision general y test por falla detectada.,Finalizado,2026-03-11 00:00:00,2026-03-15 00:00:00,1412,Entregado,Bajaj,Duke 390,Carlos Mendoza,Erick Gutierrez
1528,97,3693,diagnostico y reparacion de centralita y centralita segun solicitud del cliente.,En proceso,2026-03-09 00:00:00,2026-03-13 00:00:00,1860,Cliente informado,KTM,Apache RTR 200,Carlos Mendoza,Cristian Molina
1529,654,4404,inspeccion avanzada de lubricacion y lubricacion segun solicitud del cliente.,Finalizado,2026-03-14 00:00:00,2026-03-15 00:00:00,4643,Cliente informado,Italika,Boxer 150,Carlos Mendoza,Andres Ruiz
1530,3828,3976,ajuste tecnico de lubricacion y niveles con pruebas posteriores.,Finalizado,2026-03-08 00:00:00,2026-03-12 00:00:00,1212,Cliente informado,KTM,CB190R,Jose Ramirez,Steven Rocha
1531,691,4693,correccion especializada de test y chequeo incluyendo ajuste final.,Finalizado,2026-03-17 00:00:00,2026-03-21 00:00:00,2856,Cliente informado,Bajaj,CBR 600RR,Jose Ramirez,Daniel Castillo
1532,480,3819,optimizacion del sistema biela y suspension incluyendo ajuste final.,Finalizado,2026-03-09 00:00:00,2026-03-09 00:00:00,4657,Entregado,Suzuki,Apache RTR 200,Carlos Mendoza,Daniel Castillo
1533,3425,4400,servicio integral para embrague y carroceria debido a desgaste.,Finalizado,2026-03-04 00:00:00,2026-03-04 00:00:00,2247,Cliente informado,Yamaha,GN125,Carlos Mendoza,Henry Tellez
1534,2119,2226,diagnostico y reparacion de filtro de aceite y bujias debido a desgaste.,Finalizado,2026-03-14 00:00:00,2026-03-17 00:00:00,6158,Cliente informado,Suzuki,CBR 600RR,Jose Ramirez,Roberto Flores
1535,3762,611,correccion especializada de caja de cambios y diferencial por falla detectada.,Finalizado,2026-03-13 00:00:00,2026-03-16 00:00:00,2928,Entregado,Yamaha,Z650,Jose Ramirez,Daniel Castillo
1536,2040,4818,servicio integral para cambio de aceite y revision y verificacion completa.,Finalizado,2026-03-25 00:00:00,2026-03-26 00:00:00,5639,Cliente informado,Bajaj,GN125,Jose Ramirez,Francisco Blandon
1537,246,918,instalacion y calibracion de potencia y fibra de carbono debido a desgaste.,Finalizado,2026-03-05 00:00:00,2026-02-23 00:00:00,3380,Cliente informado,AKT,XR150L,Jose Ramirez,Wilmer Soto
1538,2492,2461,inspeccion avanzada de diferencial y suspension segun solicitud del cliente.,Finalizado,2026-03-01 00:00:00,2026-03-04 00:00:00,3087,Entregado,Yamaha,CB190R,Carlos Mendoza,Daniel Castillo
1539,2968,936,optimizacion del sistema cromado y estetico segun solicitud del cliente.,Finalizado,2026-03-12 00:00:00,2026-03-13 00:00:00,5971,Entregado,Honda,DM200,Jose Ramirez,Juan Perez
1540,3636,3276,instalacion y calibracion de reprogramacion y chip por falla detectada.,Finalizado,2026-03-11 00:00:00,2026-03-13 00:00:00,1622,Entregado,Suzuki,GN125,Carlos Mendoza,Oscar Reyes
1541,1752,4569,servicio integral para cambio de aceite y filtro de aceite segun solicitud del cliente.,Finalizado,2026-03-17 00:00:00,2026-03-21 00:00:00,6465,Entregado,KTM,FZ16,Jose Ramirez,Mario Lopez
1542,3828,3976,correccion especializada de pintar carroceria y camara incluyendo ajuste final.,Finalizado,2026-03-08 00:00:00,2026-03-12 00:00:00,4160,Cliente informado,TVS,Duke 390,Carlos Mendoza,Carlos Mendoza
1543,1141,1173,ajuste tecnico de tuning y reprogramacion y verificacion completa.,Finalizado,2026-03-28 00:00:00,2026-03-31 00:00:00,996,Entregado,Yamaha,GN125,Jose Ramirez,Roberto Flores
1544,4085,3309,diagnostico y reparacion de revision y filtro de aceite debido a desgaste.,Finalizado,2026-03-27 00:00:00,2026-03-31 00:00:00,1630,Entregado,Italika,FT150,Carlos Mendoza,Jose Ramirez
1545,3242,3935,ajuste tecnico de chequeo y cambio de aceite para mejorar rendimiento.,Finalizado,2026-03-16 00:00:00,2026-03-17 00:00:00,641,Entregado,Kawasaki,R15,Carlos Mendoza,Kevin Torres
1546,4650,3408,correccion especializada de alineacion y revision por falla detectada.,Finalizado,2026-03-08 00:00:00,2026-03-09 00:00:00,6303,Entregado,Italika,Ninja 400,Carlos Mendoza,Carlos Mendoza
1547,264,2667,diagnostico y reparacion de ruido y diagnostico segun solicitud del cliente.,Finalizado,2026-03-15 00:00:00,2026-03-19 00:00:00,6088,Entregado,Suzuki,GN125,Carlos Mendoza,Henry Tellez
1548,3535,3808,ajuste tecnico de diagnostico y diagnostico incluyendo ajuste final.,Finalizado,2026-03-10 00:00:00,2026-03-14 00:00:00,5970,Cliente informado,Yamaha,Apache RTR 200,Carlos Mendoza,Victor Rivas
1549,2520,817,inspeccion avanzada de distribucion y ciguenal incluyendo ajuste final.,Finalizado,2026-03-05 00:00:00,2026-03-09 00:00:00,2359,Entregado,KTM,CB190R,Jose Ramirez,Fernando Herrera
1550,4406,3491,ajuste tecnico de balanceo y bujias incluyendo ajuste final.,Finalizado,2026-03-04 00:00:00,2026-02-22 00:00:00,3651,Entregado,KTM,CBR 600RR,Carlos Mendoza,Andres Ruiz
1551,3242,3935,instalacion y calibracion de culata y motor para mejorar rendimiento.,Finalizado,2026-03-16 00:00:00,2026-03-17 00:00:00,978,Entregado,Suzuki,FZ16,Carlos Mendoza,Javier Morales
1552,2851,2915,diagnostico y reparacion de problema y test por falla detectada.,Finalizado,2026-03-20 00:00:00,2026-03-23 00:00:00,4922,Entregado,Suzuki,R15,Jose Ramirez,Eduardo Castro
1553,758,570,servicio integral para velocidad y potencia debido a desgaste.,Finalizado,2026-03-26 00:00:00,2026-03-27 00:00:00,5609,Cliente informado,Bajaj,Pulsar NS200,Carlos Mendoza,Luis Martinez
1554,801,4236,servicio integral para frenos deportivos y cromado por falla detectada.,Finalizado,2026-03-19 00:00:00,2026-03-20 00:00:00,3434,Entregado,KTM,Duke 390,Carlos Mendoza,Mario Lopez
1555,3174,3681,mantenimiento preventivo en chip y sensores de estacionamiento con pruebas posteriores.,Finalizado,2026-03-05 00:00:00,2026-03-06 00:00:00,2328,Entregado,Kawasaki,Ninja 400,Jose Ramirez,Andres Ruiz
1556,1038,925,servicio integral para alineacion y niveles incluyendo ajuste final.,Finalizado,2026-03-07 00:00:00,2026-03-08 00:00:00,984,Entregado,Honda,FT150,Carlos Mendoza,Fernando Herrera
1557,963,1924,servicio integral para inspeccion y diagnostico debido a desgaste.,Finalizado,2026-02-28 00:00:00,2026-03-04 00:00:00,712,Cliente informado,TVS,Pulsar NS200,Jose Ramirez,Victor Rivas
1558,3504,1781,ajuste tecnico de suspension y culata segun solicitud del cliente.,Finalizado,2026-03-27 00:00:00,2026-03-27 00:00:00,6305,Cliente informado,Suzuki,DM200,Carlos Mendoza,Mario Lopez
1559,4844,1735,mantenimiento preventivo en centralita y cableado incluyendo ajuste final.,Finalizado,2026-03-24 00:00:00,2026-03-27 00:00:00,3639,Entregado,Honda,RC 200,Carlos Mendoza,Brayan Silva
1560,2102,3884,servicio integral para lubricacion y chequeo para mejorar rendimiento.,Finalizado,2026-03-22 00:00:00,2026-03-22 00:00:00,2454,Cliente informado,AKT,NKD 125,Carlos Mendoza,Alexis Diaz
1561,3909,2476,inspeccion avanzada de culata y biela segun solicitud del cliente.,Finalizado,2026-02-28 00:00:00,2026-03-01 00:00:00,6128,Entregado,Yamaha,Duke 390,Carlos Mendoza,Juan Perez
1562,1808,4786,inspeccion avanzada de cableado y bateria segun solicitud del cliente.,Finalizado,2026-03-17 00:00:00,2026-03-20 00:00:00,4276,Cliente informado,Bajaj,Gixxer 250,Jose Ramirez,Luis Martinez
1563,3176,2108,inspeccion avanzada de motor de arranque y alternador con pruebas posteriores.,Finalizado,2026-03-04 00:00:00,2026-03-04 00:00:00,1601,Cliente informado,Yamaha,Pulsar NS200,Carlos Mendoza,Victor Rivas
1564,2765,3126,ajuste tecnico de suspension deportiva y sensores de estacionamiento para mejorar rendimiento.,Finalizado,2026-03-05 00:00:00,2026-03-07 00:00:00,5239,Entregado,Suzuki,Gixxer 250,Carlos Mendoza,Carlos Mendoza
1565,836,1612,correccion especializada de diagnostico y ruido segun solicitud del cliente.,Finalizado,2026-03-13 00:00:00,2026-03-17 00:00:00,1752,Cliente informado,TVS,R15,Carlos Mendoza,Steven Rocha
1566,195,2633,ajuste tecnico de falla y diagnostico para mejorar rendimiento.,Finalizado,2026-03-28 00:00:00,2026-04-01 00:00:00,5511,Cliente informado,Suzuki,FT150,Jose Ramirez,Fernando Herrera
1567,151,2399,revision completa de biela y eje y verificacion completa.,Finalizado,2026-03-23 00:00:00,2026-03-26 00:00:00,4150,Cliente informado,TVS,Z650,Carlos Mendoza,Miguel Garcia
1568,1754,4107,mantenimiento preventivo en frenos deportivos y potencia incluyendo ajuste final.,Finalizado,2026-03-03 00:00:00,2026-03-07 00:00:00,2283,Entregado,Kawasaki,Ninja 400,Carlos Mendoza,Andres Ruiz
1569,4022,2688,correccion especializada de sistema electrico y motor de arranque con pruebas posteriores.,Finalizado,2026-03-11 00:00:00,2026-03-01 00:00:00,3685,Entregado,KTM,CB190R,Jose Ramirez,Andres Ruiz
1570,4351,3126,ajuste tecnico de alineacion y bujias con pruebas posteriores.,Finalizado,2026-03-19 00:00:00,2026-03-20 00:00:00,3948,Cliente informado,Kawasaki,XR150L,Carlos Mendoza,Oscar Reyes
1571,4419,2732,servicio integral para cambio de aceite y alineacion y verificacion completa.,Finalizado,2026-03-20 00:00:00,2026-03-24 00:00:00,3078,Cliente informado,Italika,RC 200,Jose Ramirez,Juan Perez
1572,623,2129,mantenimiento preventivo en chasis y caja de cambios debido a desgaste.,Finalizado,2026-03-03 00:00:00,2026-03-03 00:00:00,1552,Entregado,TVS,MT-07,Carlos Mendoza,Steven Rocha
1573,1821,3999,instalacion y calibracion de distribucion y amortiguadores con pruebas posteriores.,Finalizado,2026-03-01 00:00:00,2026-03-03 00:00:00,1367,Cliente informado,Bajaj,XR150L,Carlos Mendoza,Juan Perez
1574,3462,3276,inspeccion avanzada de revision general y escaneo incluyendo ajuste final.,Finalizado,2026-03-06 00:00:00,2026-03-07 00:00:00,4485,Cliente informado,Honda,Boxer 150,Jose Ramirez,Carlos Mendoza
1575,1649,773,diagnostico y reparacion de cableado y sistema electrico incluyendo ajuste final.,Finalizado,2026-03-16 00:00:00,2026-03-16 00:00:00,1592,Entregado,Italika,CB190R,Carlos Mendoza,Fernando Herrera
1576,1756,1635,revision completa de evaluacion y inspeccion para mejorar rendimiento.,Finalizado,2026-03-14 00:00:00,2026-03-17 00:00:00,4808,Entregado,KTM,Boxer 150,Jose Ramirez,Alexis Diaz
1577,2132,175,ajuste tecnico de culata y distribucion debido a desgaste.,Finalizado,2026-03-12 00:00:00,2026-03-15 00:00:00,2847,Cliente informado,AKT,NKD 125,Jose Ramirez,Steven Rocha
1578,1193,2853,diagnostico y reparacion de evaluacion y problema con pruebas posteriores.,Finalizado,2026-03-16 00:00:00,2026-03-16 00:00:00,575,Entregado,Bajaj,CBR 600RR,Carlos Mendoza,Roberto Flores
1579,2098,2476,servicio integral para filtro de aire y niveles incluyendo ajuste final.,Finalizado,2026-03-17 00:00:00,2026-03-21 00:00:00,4854,Entregado,Italika,RC 200,Carlos Mendoza,Eduardo Castro
1580,4393,2682,revision completa de fallo electrico y fallo electrico para mejorar rendimiento.,Finalizado,2026-03-08 00:00:00,2026-03-09 00:00:00,4629,Cliente informado,Bajaj,Z650,Carlos Mendoza,Erick Gutierrez
1581,3295,3651,ajuste tecnico de problema y revision general para mejorar rendimiento.,Finalizado,2026-03-19 00:00:00,2026-03-21 00:00:00,3336,Entregado,KTM,Duke 390,Carlos Mendoza,Samuel Cruz
1582,3212,3463,correccion especializada de estetico y pantalla con pruebas posteriores.,Finalizado,2026-03-22 00:00:00,2026-03-25 00:00:00,3299,Cliente informado,Honda,RC 200,Carlos Mendoza,Mario Lopez
1583,291,4745,diagnostico y reparacion de sistema electrico y luces por falla detectada.,Finalizado,2026-03-09 00:00:00,2026-03-11 00:00:00,4392,Entregado,Kawasaki,Duke 390,Jose Ramirez,Daniel Castillo
1584,4165,3769,instalacion y calibracion de problema y diagnostico y verificacion completa.,Finalizado,2026-03-14 00:00:00,2026-03-17 00:00:00,2191,Cliente informado,Bajaj,MT-07,Jose Ramirez,Roberto Flores
1585,4907,3096,ajuste tecnico de sensores de estacionamiento y kit aerodinamico por falla detectada.,Finalizado,2026-03-20 00:00:00,2026-03-20 00:00:00,3802,Entregado,Suzuki,DM200,Carlos Mendoza,Juan Perez
1586,2016,4735,mantenimiento preventivo en radiador y arbol de levas incluyendo ajuste final.,Finalizado,2026-03-04 00:00:00,2026-03-04 00:00:00,2938,Entregado,Italika,NKD 125,Carlos Mendoza,Erick Gutierrez
1587,3958,3798,ajuste tecnico de bomba de agua y bomba de agua segun solicitud del cliente.,Finalizado,2026-03-18 00:00:00,2026-03-08 00:00:00,1309,Entregado,Bajaj,GSX-R750,Carlos Mendoza,Fernando Herrera
1588,1344,1765,ajuste tecnico de chasis y embrague y verificacion completa.,Finalizado,2026-03-09 00:00:00,2026-03-13 00:00:00,1014,Cliente informado,KTM,RC 200,Carlos Mendoza,Cristian Molina
1589,195,2633,optimizacion del sistema carroceria y bomba de agua por falla detectada.,Finalizado,2026-03-28 00:00:00,2026-04-01 00:00:00,4115,Cliente informado,Bajaj,Duke 390,Carlos Mendoza,Brayan Silva
1590,3803,5209,servicio integral para fallo electrico y encendido para mejorar rendimiento.,Entregado,2026-03-12 00:00:00,2026-03-14 00:00:00,5691,Cliente informado,Italika,GN125,Jose Ramirez,Juan Perez
1591,2312,1364,revision completa de centralita y sensores segun solicitud del cliente.,Finalizado,2026-03-01 00:00:00,2026-03-01 00:00:00,1202,Cliente informado,Suzuki,DM200,Carlos Mendoza,Wilmer Soto
1592,2045,232,mantenimiento preventivo en centralita y sensores con pruebas posteriores.,Finalizado,2026-03-01 00:00:00,2026-03-04 00:00:00,3252,Cliente informado,Bajaj,XR150L,Jose Ramirez,Mario Lopez
1593,2918,3833,revision completa de escaneo y falla debido a desgaste.,Finalizado,2026-03-01 00:00:00,2026-03-01 00:00:00,975,Entregado,Italika,XR150L,Carlos Mendoza,Cristian Molina
1594,1112,2367,inspeccion avanzada de motor de arranque y motor de arranque incluyendo ajuste final.,Finalizado,2026-03-17 00:00:00,2026-03-19 00:00:00,2485,Entregado,Italika,Apache RTR 200,Carlos Mendoza,Kevin Torres
1595,1193,2853,revision completa de filtro de aire y bujias segun solicitud del cliente.,Finalizado,2026-03-16 00:00:00,2026-03-16 00:00:00,3988,Entregado,Suzuki,Pulsar NS200,Jose Ramirez,Carlos Mendoza
1596,3085,5282,servicio integral para balanceo y chequeo por falla detectada.,Finalizado,2026-03-16 00:00:00,2026-03-16 00:00:00,6320,Cliente informado,Suzuki,Apache RTR 200,Jose Ramirez,Miguel Garcia
1597,3141,4954,ajuste tecnico de suspension deportiva y suspension deportiva segun solicitud del cliente.,Finalizado,2026-03-29 00:00:00,2026-03-31 00:00:00,6125,Entregado,Kawasaki,CB190R,Carlos Mendoza,Oscar Reyes
1598,2071,3721,revision completa de centralita y bateria debido a desgaste.,Finalizado,2026-03-04 00:00:00,2026-03-05 00:00:00,4171,Cliente informado,Italika,R15,Carlos Mendoza,Jose Ramirez
1599,1393,12,servicio integral para chequeo y filtro de aceite debido a desgaste.,Entregado,2026-03-15 00:00:00,2026-03-15 00:00:00,3599,Cliente informado,Honda,XR150L,Carlos Mendoza,Alexis Diaz
1600,2106,2203,revision completa de niveles y balanceo y verificacion completa.,Finalizado,2026-03-19 00:00:00,2026-03-23 00:00:00,5886,Cliente informado,Honda,Ninja 400,Jose Ramirez,Erick Gutierrez
1601,1808,4786,inspeccion avanzada de niveles y filtro de aceite incluyendo ajuste final.,Finalizado,2026-03-17 00:00:00,2026-03-20 00:00:00,2682,Cliente informado,Yamaha,XR150L,Carlos Mendoza,Juan Perez
1602,1112,1234,servicio integral para problema y problema para mejorar rendimiento.,Finalizado,2026-03-15 00:00:00,2026-03-17 00:00:00,5620,Cliente informado,Yamaha,NKD 125,Jose Ramirez,Julio Navarro
1603,905,2923,ajuste tecnico de luces y alternador por falla detectada.,Finalizado,2026-03-10 00:00:00,2026-03-11 00:00:00,4126,Entregado,KTM,R15,Jose Ramirez,Alexis Diaz
1604,4741,3736,ajuste tecnico de carroceria y diferencial debido a desgaste.,Finalizado,2026-03-14 00:00:00,2026-03-17 00:00:00,3412,Entregado,Honda,Ninja 400,Carlos Mendoza,Juan Perez
1605,145,1400,instalacion y calibracion de centralita y luces para mejorar rendimiento.,Finalizado,2026-03-07 00:00:00,2026-03-09 00:00:00,3083,Cliente informado,Suzuki,Pulsar NS200,Carlos Mendoza,Andres Ruiz
1606,3524,412,ajuste tecnico de ciguenal y biela segun solicitud del cliente.,Finalizado,2026-03-23 00:00:00,2026-03-25 00:00:00,1931,Entregado,Yamaha,R15,Jose Ramirez,Roberto Flores
1607,2449,443,mantenimiento preventivo en inspeccion y diagnostico y verificacion completa.,Finalizado,2026-03-17 00:00:00,2026-03-17 00:00:00,3508,Entregado,TVS,MT-07,Carlos Mendoza,Javier Morales
1608,820,2927,mantenimiento preventivo en calipers y personalizacion segun solicitud del cliente.,Finalizado,2026-03-27 00:00:00,2026-03-27 00:00:00,874,Cliente informado,Honda,GSX-R750,Carlos Mendoza,Steven Rocha
1609,780,2223,inspeccion avanzada de cambio de aceite y bujias con pruebas posteriores.,Finalizado,2026-03-16 00:00:00,2026-03-18 00:00:00,1556,Cliente informado,Yamaha,FZ16,Jose Ramirez,Wilmer Soto
1610,4874,311,mantenimiento preventivo en revision general y diagnostico segun solicitud del cliente.,Finalizado,2026-03-11 00:00:00,2026-03-14 00:00:00,4265,Entregado,Honda,Duke 390,Jose Ramirez,Manuel Vargas
1611,3200,4867,inspeccion avanzada de cableado y fallo electrico para mejorar rendimiento.,Finalizado,2026-03-11 00:00:00,2026-03-15 00:00:00,1966,Cliente informado,Italika,XR150L,Carlos Mendoza,Alexis Diaz
1612,1519,4024,instalacion y calibracion de actualizacion de software y velocidad por falla detectada.,Finalizado,2026-03-03 00:00:00,2026-03-03 00:00:00,4270,Cliente informado,Honda,NKD 125,Jose Ramirez,Carlos Mendoza
1613,3977,4270,inspeccion avanzada de niveles y chequeo segun solicitud del cliente.,Finalizado,2026-03-19 00:00:00,2026-03-20 00:00:00,4594,Entregado,KTM,Boxer 150,Carlos Mendoza,Julio Navarro
1614,4072,4080,optimizacion del sistema inspeccion y ruido debido a desgaste.,Finalizado,2026-03-29 00:00:00,2026-04-02 00:00:00,3672,Cliente informado,Yamaha,Z650,Carlos Mendoza,Victor Rivas
1615,1125,1078,ajuste tecnico de motor de arranque y bateria y verificacion completa.,Finalizado,2026-03-11 00:00:00,2026-03-15 00:00:00,4184,Cliente informado,KTM,XR150L,Jose Ramirez,Alexis Diaz
1616,3140,621,optimizacion del sistema sistema electrico y luces segun solicitud del cliente.,Finalizado,2026-03-09 00:00:00,2026-03-11 00:00:00,6205,Cliente informado,Yamaha,GN125,Carlos Mendoza,Edwin Chavez
1617,3769,2366,ajuste tecnico de revision general y diagnostico incluyendo ajuste final.,Finalizado,2026-03-24 00:00:00,2026-03-25 00:00:00,4841,Entregado,AKT,GN125,Carlos Mendoza,Julio Navarro
1618,2885,786,mantenimiento preventivo en revision general y problema segun solicitud del cliente.,Finalizado,2026-03-09 00:00:00,2026-03-12 00:00:00,2566,Entregado,Suzuki,Duke 390,Jose Ramirez,Eduardo Castro
1619,3304,1765,revision completa de fallo electrico y sensores para mejorar rendimiento.,Finalizado,2026-03-24 00:00:00,2026-03-24 00:00:00,3787,Cliente informado,Kawasaki,CB190R,Jose Ramirez,Kevin Torres
1620,4090,4645,optimizacion del sistema escape deportivo y potencia segun solicitud del cliente.,Finalizado,2026-03-07 00:00:00,2026-03-11 00:00:00,2823,Cliente informado,Kawasaki,DM200,Carlos Mendoza,Juan Perez
1621,4068,1264,instalacion y calibracion de pintura y potencia segun solicitud del cliente.,En proceso,2026-03-26 00:00:00,2026-03-26 00:00:00,6088,Cliente informado,Italika,CB190R,Carlos Mendoza,Daniel Castillo
1622,2449,443,diagnostico y reparacion de test y revision general por falla detectada.,Finalizado,2026-03-17 00:00:00,2026-03-17 00:00:00,744,Entregado,Yamaha,R15,Jose Ramirez,Francisco Blandon
1623,4044,1153,inspeccion avanzada de transmision y chasis incluyendo ajuste final.,Finalizado,2026-03-21 00:00:00,2026-03-25 00:00:00,3377,Cliente informado,Yamaha,CB190R,Jose Ramirez,Edwin Chavez
1624,3106,3926,optimizacion del sistema diferencial y bomba de agua segun solicitud del cliente.,Finalizado,2026-03-19 00:00:00,2026-03-19 00:00:00,6111,Entregado,Bajaj,FT150,Jose Ramirez,Oscar Reyes
1625,2855,1324,optimizacion del sistema balanceo y cambio de aceite con pruebas posteriores.,Finalizado,2026-03-20 00:00:00,2026-03-24 00:00:00,2044,Cliente informado,Yamaha,CBR 600RR,Jose Ramirez,Miguel Garcia
1626,52,2859,optimizacion del sistema direccion y diferencial con pruebas posteriores.,Finalizado,2026-03-29 00:00:00,2026-03-30 00:00:00,3949,Cliente informado,Italika,CB190R,Jose Ramirez,Cristian Molina
1627,2395,2543,mantenimiento preventivo en bomba de agua y suspension para mejorar rendimiento.,Finalizado,2026-03-25 00:00:00,2026-03-25 00:00:00,5498,Entregado,Yamaha,MT-07,Carlos Mendoza,Edwin Chavez
1628,4090,4645,servicio integral para filtro de aire y cambio de aceite y verificacion completa.,Finalizado,2026-03-07 00:00:00,2026-03-11 00:00:00,1595,Cliente informado,Italika,RC 200,Jose Ramirez,Kevin Torres
1629,1211,113,instalacion y calibracion de diferencial y amortiguadores y verificacion completa.,Finalizado,2026-03-19 00:00:00,2026-03-21 00:00:00,1013,Cliente informado,Italika,CB190R,Jose Ramirez,Eduardo Castro
1630,1588,418,diagnostico y reparacion de velocidad y vinilado para mejorar rendimiento.,En proceso,2026-03-25 00:00:00,2026-03-26 00:00:00,1316,Entregado,Honda,XR150L,Carlos Mendoza,Brayan Silva
1631,4189,1256,revision completa de filtro de aire y alineacion por falla detectada.,Finalizado,2026-03-25 00:00:00,2026-03-15 00:00:00,4080,Cliente informado,Bajaj,Gixxer 250,Jose Ramirez,Wilmer Soto
1632,4955,4503,servicio integral para problema y escaneo por falla detectada.,Finalizado,2026-03-11 00:00:00,2026-03-13 00:00:00,836,Entregado,AKT,CB190R,Jose Ramirez,Jose Ramirez
1633,4072,3642,servicio integral para escaneo y inspeccion con pruebas posteriores.,Finalizado,2026-03-05 00:00:00,2026-03-05 00:00:00,4343,Cliente informado,Bajaj,Z650,Carlos Mendoza,Alexis Diaz
1634,4276,4136,mantenimiento preventivo en filtro de aire y cambio de aceite segun solicitud del cliente.,Finalizado,2026-03-03 00:00:00,2026-03-05 00:00:00,4932,Cliente informado,KTM,Z650,Carlos Mendoza,Kevin Torres
1635,1631,1774,revision completa de sensores y cableado debido a desgaste.,Finalizado,2026-03-17 00:00:00,2026-03-20 00:00:00,1236,Entregado,KTM,DM200,Jose Ramirez,Francisco Blandon
1636,979,1369,instalacion y calibracion de luces y cableado debido a desgaste.,Finalizado,2026-03-18 00:00:00,2026-03-19 00:00:00,1801,Entregado,Honda,Z650,Carlos Mendoza,Samuel Cruz
1637,2474,5253,mantenimiento preventivo en luces y sensores segun solicitud del cliente.,Finalizado,2026-03-18 00:00:00,2026-03-21 00:00:00,539,Cliente informado,Kawasaki,R15,Jose Ramirez,Edwin Chavez
1638,3648,1756,instalacion y calibracion de embrague y frenos con pruebas posteriores.,Finalizado,2026-03-07 00:00:00,2026-03-10 00:00:00,4146,Cliente informado,Suzuki,MT-07,Jose Ramirez,Victor Rivas
1639,4545,405,correccion especializada de bateria y encendido para mejorar rendimiento.,Finalizado,2026-02-28 00:00:00,2026-02-28 00:00:00,2394,Entregado,Suzuki,R15,Carlos Mendoza,Mario Lopez
1640,4900,560,correccion especializada de suspension y culata y verificacion completa.,Finalizado,2026-03-06 00:00:00,2026-03-07 00:00:00,535,Cliente informado,Honda,FZ16,Carlos Mendoza,Brayan Silva
1641,4444,4294,ajuste tecnico de bujias y cambio de aceite debido a desgaste.,Finalizado,2026-03-06 00:00:00,2026-03-06 00:00:00,3447,Entregado,Honda,FT150,Carlos Mendoza,Francisco Blandon
1642,3173,2302,diagnostico y reparacion de problema y problema debido a desgaste.,Finalizado,2026-03-29 00:00:00,2026-03-19 00:00:00,1949,Entregado,Suzuki,GN125,Carlos Mendoza,Samuel Cruz
1643,1946,4566,correccion especializada de carroceria y diferencial para mejorar rendimiento.,Finalizado,2026-03-12 00:00:00,2026-03-14 00:00:00,4064,Entregado,AKT,XR150L,Carlos Mendoza,Fernando Herrera
1644,4920,305,ajuste tecnico de sonido y escape deportivo para mejorar rendimiento.,Finalizado,2026-03-14 00:00:00,2026-03-17 00:00:00,1145,Entregado,Honda,FZ16,Jose Ramirez,Jose Ramirez
1645,2144,4165,ajuste tecnico de test y evaluacion y verificacion completa.,Finalizado,2026-03-08 00:00:00,2026-03-09 00:00:00,1772,Entregado,Yamaha,GSX-R750,Jose Ramirez,Eduardo Castro
1646,135,606,mantenimiento preventivo en fallo electrico y sensores por falla detectada.,Finalizado,2026-03-14 00:00:00,2026-03-15 00:00:00,4138,Entregado,Yamaha,Gixxer 250,Carlos Mendoza,Kevin Torres
1647,3304,1765,ajuste tecnico de balanceo y filtro de aire por falla detectada.,Finalizado,2026-03-24 00:00:00,2026-03-24 00:00:00,2861,Cliente informado,AKT,R15,Carlos Mendoza,Carlos Mendoza
1648,3524,412,inspeccion avanzada de sensores y motor de arranque con pruebas posteriores.,Finalizado,2026-03-23 00:00:00,2026-03-25 00:00:00,2391,Entregado,Yamaha,Pulsar NS200,Jose Ramirez,Cristian Molina
1649,1323,2386,inspeccion avanzada de cableado y centralita para mejorar rendimiento.,Entregado,2026-03-10 00:00:00,2026-03-12 00:00:00,3709,Cliente informado,KTM,Ninja 400,Jose Ramirez,Miguel Garcia
1650,3828,3976,inspeccion avanzada de aleron y frenos deportivos con pruebas posteriores.,Finalizado,2026-03-08 00:00:00,2026-03-12 00:00:00,2800,Cliente informado,Bajaj,NKD 125,Carlos Mendoza,Luis Martinez
1651,4993,5047,instalacion y calibracion de cambio color y pintar carroceria por falla detectada.,Finalizado,2026-03-18 00:00:00,2026-03-19 00:00:00,3019,Entregado,Honda,RC 200,Carlos Mendoza,Brayan Silva
1652,4655,4571,diagnostico y reparacion de chequeo y diagnostico para mejorar rendimiento.,Finalizado,2026-03-27 00:00:00,2026-03-27 00:00:00,3791,Cliente informado,KTM,FT150,Jose Ramirez,Samuel Cruz
1653,2106,2203,ajuste tecnico de falla y diagnostico para mejorar rendimiento.,Finalizado,2026-03-19 00:00:00,2026-03-23 00:00:00,6427,Cliente informado,Yamaha,FT150,Carlos Mendoza,Erick Gutierrez
1654,2516,4849,servicio integral para diagnostico y chequeo por falla detectada.,Finalizado,2026-03-05 00:00:00,2026-03-05 00:00:00,1196,Entregado,Bajaj,Pulsar NS200,Jose Ramirez,Manuel Vargas
1655,1368,3976,optimizacion del sistema sensores y motor de arranque segun solicitud del cliente.,Finalizado,2026-03-08 00:00:00,2026-03-10 00:00:00,4282,Entregado,Yamaha,DM200,Carlos Mendoza,Roberto Flores
1656,3705,3860,inspeccion avanzada de motor y motor incluyendo ajuste final.,Finalizado,2026-03-04 00:00:00,2026-03-05 00:00:00,3234,Entregado,Italika,Pulsar NS200,Carlos Mendoza,Juan Perez
1657,3535,3808,ajuste tecnico de pistones y biela segun solicitud del cliente.,Finalizado,2026-03-10 00:00:00,2026-03-14 00:00:00,4420,Cliente informado,KTM,XR150L,Jose Ramirez,Wilmer Soto
1658,1076,1896,mantenimiento preventivo en fibra de carbono y turbo incluyendo ajuste final.,Finalizado,2026-03-19 00:00:00,2026-03-23 00:00:00,3066,Entregado,Yamaha,Gixxer 250,Carlos Mendoza,Wilmer Soto
1659,4257,2124,correccion especializada de sensores y centralita segun solicitud del cliente.,Finalizado,2026-03-25 00:00:00,2026-03-15 00:00:00,4450,Cliente informado,Bajaj,Apache RTR 200,Jose Ramirez,Francisco Blandon
1660,4415,656,diagnostico y reparacion de niveles y niveles segun solicitud del cliente.,Finalizado,2026-03-01 00:00:00,2026-03-03 00:00:00,2893,Entregado,Kawasaki,NKD 125,Carlos Mendoza,Oscar Reyes
1661,2851,2915,ajuste tecnico de lubricacion y bujias por falla detectada.,Finalizado,2026-03-20 00:00:00,2026-03-23 00:00:00,2340,Entregado,Italika,R15,Carlos Mendoza,Daniel Castillo
1662,108,725,diagnostico y reparacion de amortiguadores y chasis para mejorar rendimiento.,Finalizado,2026-03-04 00:00:00,2026-03-04 00:00:00,4884,Entregado,Bajaj,R15,Jose Ramirez,Jose Ramirez
1663,1888,2719,mantenimiento preventivo en alineacion y revision incluyendo ajuste final.,Finalizado,2026-03-21 00:00:00,2026-03-23 00:00:00,3334,Cliente informado,Yamaha,CBR 600RR,Jose Ramirez,Jose Ramirez
1664,3570,2549,instalacion y calibracion de lubricacion y lubricacion con pruebas posteriores.,Finalizado,2026-03-24 00:00:00,2026-03-25 00:00:00,5107,Cliente informado,KTM,RC 200,Carlos Mendoza,Brayan Silva
1665,2851,2915,inspeccion avanzada de radiador y diferencial debido a desgaste.,Finalizado,2026-03-20 00:00:00,2026-03-23 00:00:00,1486,Entregado,AKT,Ninja 400,Carlos Mendoza,Daniel Castillo
1666,801,4236,revision completa de aleron y polarizado para mejorar rendimiento.,Finalizado,2026-03-19 00:00:00,2026-03-20 00:00:00,4916,Entregado,Italika,Z650,Jose Ramirez,Henry Tellez
1667,4650,251,revision completa de alternador y motor de arranque segun solicitud del cliente.,Finalizado,2026-03-23 00:00:00,2026-03-27 00:00:00,4976,Cliente informado,KTM,Pulsar NS200,Jose Ramirez,Eduardo Castro
1668,4344,2264,inspeccion avanzada de revision general y chequeo por falla detectada.,Finalizado,2026-03-07 00:00:00,2026-03-11 00:00:00,4471,Cliente informado,Yamaha,CBR 600RR,Carlos Mendoza,Andres Ruiz
1669,2887,4433,mantenimiento preventivo en test y ruido y verificacion completa.,Finalizado,2026-03-07 00:00:00,2026-03-09 00:00:00,3330,Entregado,Honda,Z650,Carlos Mendoza,Kevin Torres
1670,508,4268,ajuste tecnico de biela y carroceria segun solicitud del cliente.,Entregado,2026-03-21 00:00:00,2026-03-21 00:00:00,4740,Cliente informado,Honda,Gixxer 250,Carlos Mendoza,Victor Rivas
1671,524,60,correccion especializada de luces y sistema electrico y verificacion completa.,Finalizado,2026-03-06 00:00:00,2026-03-10 00:00:00,2050,Entregado,Suzuki,GN125,Jose Ramirez,Carlos Mendoza
1672,4155,3460,correccion especializada de problema y test debido a desgaste.,Finalizado,2026-03-11 00:00:00,2026-03-11 00:00:00,2112,Cliente informado,Italika,Z650,Jose Ramirez,Cristian Molina
1673,3709,3907,servicio integral para embrague y embrague por falla detectada.,Finalizado,2026-03-21 00:00:00,2026-03-22 00:00:00,1164,Cliente informado,Honda,DM200,Jose Ramirez,Francisco Blandon
1674,2780,4120,inspeccion avanzada de filtro de aceite y bujias por falla detectada.,Finalizado,2026-03-11 00:00:00,2026-03-11 00:00:00,4076,Entregado,Yamaha,Pulsar NS200,Jose Ramirez,Steven Rocha
1675,4477,1264,revision completa de kit aerodinamico y cromado y verificacion completa.,Entregado,2026-03-14 00:00:00,2026-03-18 00:00:00,3504,Cliente informado,Italika,GSX-R750,Carlos Mendoza,Cristian Molina
1676,3750,595,revision completa de carroceria y pistones incluyendo ajuste final.,Finalizado,2026-03-02 00:00:00,2026-03-04 00:00:00,1502,Cliente informado,Italika,MT-07,Jose Ramirez,Henry Tellez
1677,52,2859,inspeccion avanzada de suspension y suspension debido a desgaste.,Finalizado,2026-03-29 00:00:00,2026-03-30 00:00:00,4938,Cliente informado,Kawasaki,NKD 125,Carlos Mendoza,Victor Rivas
1678,4016,3247,ajuste tecnico de problema y inspeccion segun solicitud del cliente.,Finalizado,2026-03-26 00:00:00,2026-03-27 00:00:00,1724,Entregado,KTM,FZ16,Jose Ramirez,Fernando Herrera
1679,3745,1361,correccion especializada de cambio color y potencia debido a desgaste.,Finalizado,2026-03-18 00:00:00,2026-03-21 00:00:00,1776,Entregado,Suzuki,FT150,Carlos Mendoza,Daniel Castillo
1680,2769,2169,optimizacion del sistema diagnostico y problema incluyendo ajuste final.,Finalizado,2026-03-11 00:00:00,2026-03-15 00:00:00,5922,Entregado,Bajaj,CBR 600RR,Carlos Mendoza,Samuel Cruz
1681,3278,2437,ajuste tecnico de escaneo y inspeccion con pruebas posteriores.,Finalizado,2026-03-03 00:00:00,2026-03-03 00:00:00,2190,Cliente informado,KTM,Apache RTR 200,Jose Ramirez,Edwin Chavez
1682,4911,2328,ajuste tecnico de chip y vinilado con pruebas posteriores.,Finalizado,2026-03-27 00:00:00,2026-03-28 00:00:00,1396,Cliente informado,Honda,MT-07,Carlos Mendoza,Juan Perez
1683,480,3819,ajuste tecnico de filtro de aire y alineacion con pruebas posteriores.,Finalizado,2026-03-09 00:00:00,2026-03-09 00:00:00,5820,Entregado,Honda,GN125,Jose Ramirez,Jose Ramirez
1684,4650,3408,ajuste tecnico de bujias y filtro de aceite para mejorar rendimiento.,Finalizado,2026-03-08 00:00:00,2026-03-09 00:00:00,4365,Entregado,Italika,Ninja 400,Carlos Mendoza,Carlos Mendoza
1685,829,1334,inspeccion avanzada de sensores y bateria incluyendo ajuste final.,Finalizado,2026-03-13 00:00:00,2026-03-16 00:00:00,1897,Entregado,Yamaha,Ninja 400,Carlos Mendoza,Erick Gutierrez
1686,788,2774,optimizacion del sistema suspension y caja de cambios segun solicitud del cliente.,Finalizado,2026-03-07 00:00:00,2026-03-09 00:00:00,2311,Cliente informado,AKT,CBR 600RR,Jose Ramirez,Victor Rivas
1687,2699,4387,optimizacion del sistema filtro de aire y filtro de aire debido a desgaste.,Finalizado,2026-03-19 00:00:00,2026-03-22 00:00:00,6436,Cliente informado,Yamaha,DM200,Jose Ramirez,Juan Perez
1688,4416,773,revision completa de centralita y encendido incluyendo ajuste final.,Finalizado,2026-03-07 00:00:00,2026-03-10 00:00:00,3067,Entregado,Honda,MT-07,Carlos Mendoza,Brayan Silva
1689,574,2405,mantenimiento preventivo en fibra de carbono y audio incluyendo ajuste final.,Finalizado,2026-03-12 00:00:00,2026-03-13 00:00:00,3607,Cliente informado,Yamaha,XR150L,Jose Ramirez,Carlos Mendoza
1690,3635,4633,ajuste tecnico de niveles y lubricacion incluyendo ajuste final.,Finalizado,2026-03-01 00:00:00,2026-03-04 00:00:00,1260,Cliente informado,Yamaha,CB190R,Carlos Mendoza,Daniel Castillo
1691,1009,3494,revision completa de suspension y chasis incluyendo ajuste final.,Finalizado,2026-03-14 00:00:00,2026-03-17 00:00:00,2343,Entregado,AKT,Gixxer 250,Carlos Mendoza,Jose Ramirez
1692,4867,4494,mantenimiento preventivo en bateria y centralita y verificacion completa.,Finalizado,2026-03-18 00:00:00,2026-03-22 00:00:00,4159,Entregado,Yamaha,Apache RTR 200,Carlos Mendoza,Alexis Diaz
1693,3543,4856,instalacion y calibracion de inspeccion y revision general y verificacion completa.,Finalizado,2026-03-27 00:00:00,2026-03-30 00:00:00,3894,Entregado,TVS,Pulsar NS200,Jose Ramirez,Wilmer Soto
1694,4806,3666,revision completa de potencia y fibra de carbono con pruebas posteriores.,Finalizado,2026-03-07 00:00:00,2026-03-08 00:00:00,2112,Entregado,Italika,DM200,Carlos Mendoza,Alexis Diaz
1695,3858,27,mantenimiento preventivo en chequeo y niveles incluyendo ajuste final.,Finalizado,2026-03-23 00:00:00,2026-03-25 00:00:00,4380,Cliente informado,Honda,Gixxer 250,Carlos Mendoza,Francisco Blandon
1696,2746,2342,correccion especializada de fallo electrico y sistema electrico segun solicitud del cliente.,Finalizado,2026-03-10 00:00:00,2026-03-12 00:00:00,1562,Entregado,Italika,XR150L,Jose Ramirez,Kevin Torres
1697,4741,3736,revision completa de niveles y filtro de aceite por falla detectada.,Finalizado,2026-03-14 00:00:00,2026-03-17 00:00:00,6270,Entregado,Bajaj,MT-07,Jose Ramirez,Mario Lopez
1698,3977,4270,diagnostico y reparacion de personalizacion y reprogramacion debido a desgaste.,Finalizado,2026-03-19 00:00:00,2026-03-20 00:00:00,724,Entregado,Yamaha,CB190R,Carlos Mendoza,Fernando Herrera
1699,990,4098,revision completa de niveles y bujias para mejorar rendimiento.,Finalizado,2026-03-07 00:00:00,2026-03-07 00:00:00,2356,Entregado,Kawasaki,FT150,Jose Ramirez,Brayan Silva
1700,1904,4554,mantenimiento preventivo en pistones y suspension por falla detectada.,Finalizado,2026-03-17 00:00:00,2026-03-20 00:00:00,1825,Cliente informado,Honda,Boxer 150,Carlos Mendoza,Wilmer Soto
1701,1399,2837,diagnostico y reparacion de escaneo y chequeo para mejorar rendimiento.,Finalizado,2026-03-04 00:00:00,2026-03-04 00:00:00,2208,Cliente informado,KTM,Boxer 150,Jose Ramirez,Victor Rivas
1702,1756,1635,optimizacion del sistema diagnostico y revision general y verificacion completa.,Finalizado,2026-03-14 00:00:00,2026-03-17 00:00:00,1973,Entregado,Suzuki,Boxer 150,Carlos Mendoza,Alexis Diaz
1703,682,2567,correccion especializada de motor de arranque y cableado segun solicitud del cliente.,Finalizado,2026-03-26 00:00:00,2026-03-16 00:00:00,5416,Entregado,KTM,Pulsar NS200,Carlos Mendoza,Miguel Garcia
1704,97,3693,instalacion y calibracion de motor de arranque y sensores para mejorar rendimiento.,En proceso,2026-03-09 00:00:00,2026-03-13 00:00:00,6029,Cliente informado,Suzuki,FZ16,Carlos Mendoza,Juan Perez
1705,4256,4120,diagnostico y reparacion de problema y evaluacion segun solicitud del cliente.,Finalizado,2026-03-13 00:00:00,2026-03-03 00:00:00,5606,Entregado,Suzuki,GN125,Carlos Mendoza,Edwin Chavez
1706,1685,5131,instalacion y calibracion de revision general y ruido para mejorar rendimiento.,Finalizado,2026-03-16 00:00:00,2026-03-19 00:00:00,1947,Cliente informado,AKT,R15,Carlos Mendoza,Juan Perez
1707,3166,4505,inspeccion avanzada de bomba de agua y chasis debido a desgaste.,Finalizado,2026-03-26 00:00:00,2026-03-30 00:00:00,5061,Cliente informado,KTM,CB190R,Jose Ramirez,Jose Ramirez
1708,4582,310,diagnostico y reparacion de balanceo y filtro de aire y verificacion completa.,Finalizado,2026-03-20 00:00:00,2026-03-24 00:00:00,2497,Cliente informado,Bajaj,Z650,Carlos Mendoza,Juan Perez
1709,1795,4343,ajuste tecnico de lubricacion y niveles y verificacion completa.,Finalizado,2026-03-29 00:00:00,2026-03-31 00:00:00,572,Cliente informado,KTM,Ninja 400,Carlos Mendoza,Eduardo Castro
1710,4154,4528,correccion especializada de actualizacion de software y performance y verificacion completa.,Finalizado,2026-03-08 00:00:00,2026-03-12 00:00:00,673,Entregado,Suzuki,CB190R,Jose Ramirez,Alexis Diaz
1711,1141,1173,servicio integral para inspeccion y escaneo por falla detectada.,Finalizado,2026-03-28 00:00:00,2026-03-31 00:00:00,3909,Entregado,Bajaj,MT-07,Carlos Mendoza,Carlos Mendoza
1712,4545,405,instalacion y calibracion de velocidad y reprogramacion debido a desgaste.,Finalizado,2026-02-28 00:00:00,2026-02-28 00:00:00,4402,Entregado,Bajaj,Pulsar NS200,Jose Ramirez,Francisco Blandon
1713,1341,1408,revision completa de tuning y reprogramacion debido a desgaste.,Finalizado,2026-03-18 00:00:00,2026-03-08 00:00:00,6285,Cliente informado,Yamaha,FT150,Jose Ramirez,Javier Morales
1714,1847,4268,instalacion y calibracion de arbol de levas y eje para mejorar rendimiento.,Finalizado,2026-03-24 00:00:00,2026-03-26 00:00:00,4594,Entregado,Yamaha,FZ16,Jose Ramirez,Erick Gutierrez
1715,4623,3398,instalacion y calibracion de culata y arbol de levas debido a desgaste.,Finalizado,2026-03-14 00:00:00,2026-03-04 00:00:00,942,Cliente informado,TVS,GN125,Jose Ramirez,Fernando Herrera
1716,4344,2673,servicio integral para chasis y amortiguadores segun solicitud del cliente.,Finalizado,2026-03-27 00:00:00,2026-03-31 00:00:00,2546,Entregado,Honda,FZ16,Jose Ramirez,Fernando Herrera
1717,2532,3999,servicio integral para pistones y bomba de agua y verificacion completa.,Finalizado,2026-03-24 00:00:00,2026-03-25 00:00:00,968,Entregado,Honda,GN125,Carlos Mendoza,Henry Tellez
1718,1007,3991,ajuste tecnico de encendido y fallo electrico segun solicitud del cliente.,Finalizado,2026-03-11 00:00:00,2026-03-14 00:00:00,3729,Entregado,Bajaj,MT-07,Carlos Mendoza,Eduardo Castro
1719,4920,305,inspeccion avanzada de turbo y pintura incluyendo ajuste final.,Finalizado,2026-03-14 00:00:00,2026-03-17 00:00:00,2672,Entregado,Suzuki,CB190R,Carlos Mendoza,Fernando Herrera
1720,4464,1935,inspeccion avanzada de alineacion y balanceo por falla detectada.,Finalizado,2026-03-06 00:00:00,2026-03-10 00:00:00,698,Cliente informado,Yamaha,FT150,Carlos Mendoza,Julio Navarro
1721,151,2399,optimizacion del sistema alternador y sistema electrico segun solicitud del cliente.,Finalizado,2026-03-23 00:00:00,2026-03-26 00:00:00,6095,Cliente informado,Italika,Ninja 400,Carlos Mendoza,Juan Perez
1722,2466,4155,correccion especializada de centralita y luces por falla detectada.,Finalizado,2026-03-21 00:00:00,2026-03-24 00:00:00,1295,Entregado,Honda,Ninja 400,Jose Ramirez,Juan Perez
1723,1401,2283,inspeccion avanzada de ruido y problema para mejorar rendimiento.,Finalizado,2026-03-13 00:00:00,2026-03-15 00:00:00,890,Entregado,Suzuki,DM200,Jose Ramirez,Javier Morales
1724,2483,3889,servicio integral para sensores y motor de arranque para mejorar rendimiento.,Finalizado,2026-03-28 00:00:00,2026-03-30 00:00:00,5666,Entregado,Honda,FZ16,Jose Ramirez,Eduardo Castro
1725,1169,708,instalacion y calibracion de motor de arranque y encendido debido a desgaste.,Finalizado,2026-03-14 00:00:00,2026-03-18 00:00:00,4271,Entregado,Kawasaki,FZ16,Carlos Mendoza,Juan Perez
1726,2137,4386,instalacion y calibracion de centralita y sensores segun solicitud del cliente.,Finalizado,2026-03-03 00:00:00,2026-03-03 00:00:00,4599,Entregado,Bajaj,Boxer 150,Jose Ramirez,Wilmer Soto
1727,1988,1627,diagnostico y reparacion de chequeo y inspeccion y verificacion completa.,Finalizado,2026-03-29 00:00:00,2026-03-30 00:00:00,2896,Cliente informado,Suzuki,GN125,Jose Ramirez,Oscar Reyes
1728,4838,2954,instalacion y calibracion de gps y velocidad por falla detectada.,Finalizado,2026-03-02 00:00:00,2026-03-05 00:00:00,5427,Entregado,Kawasaki,GSX-R750,Jose Ramirez,Francisco Blandon
1729,4148,591,revision completa de revision general y chequeo con pruebas posteriores.,Finalizado,2026-03-18 00:00:00,2026-03-21 00:00:00,2373,Entregado,Honda,RC 200,Carlos Mendoza,Cristian Molina
1730,1268,5173,mantenimiento preventivo en cableado y alternador segun solicitud del cliente.,Entregado,2026-03-24 00:00:00,2026-03-27 00:00:00,3511,Cliente informado,Bajaj,DM200,Jose Ramirez,Andres Ruiz
1731,3156,4101,optimizacion del sistema gps y audio por falla detectada.,Finalizado,2026-03-08 00:00:00,2026-03-12 00:00:00,6213,Entregado,Honda,Duke 390,Jose Ramirez,Henry Tellez
1732,3090,3391,servicio integral para suspension y biela con pruebas posteriores.,Finalizado,2026-03-02 00:00:00,2026-03-02 00:00:00,4050,Entregado,Suzuki,CBR 600RR,Carlos Mendoza,Steven Rocha
1733,584,3889,diagnostico y reparacion de luces y fallo electrico para mejorar rendimiento.,Finalizado,2026-03-11 00:00:00,2026-03-15 00:00:00,4113,Entregado,Kawasaki,FT150,Carlos Mendoza,Edwin Chavez
1734,1650,2517,ajuste tecnico de alineacion y niveles segun solicitud del cliente.,Finalizado,2026-03-10 00:00:00,2026-03-11 00:00:00,4700,Cliente informado,Yamaha,FT150,Jose Ramirez,Daniel Castillo
1735,3975,4398,optimizacion del sistema pintura y calipers segun solicitud del cliente.,Finalizado,2026-03-07 00:00:00,2026-03-11 00:00:00,3654,Cliente informado,Italika,FT150,Jose Ramirez,Manuel Vargas
1736,3032,4385,mantenimiento preventivo en sensores y sensores y verificacion completa.,Finalizado,2026-03-08 00:00:00,2026-03-12 00:00:00,5469,Entregado,Italika,Apache RTR 200,Jose Ramirez,Victor Rivas
1737,4633,3663,correccion especializada de estetico y sonido debido a desgaste.,Finalizado,2026-03-14 00:00:00,2026-03-18 00:00:00,2686,Cliente informado,Kawasaki,GN125,Carlos Mendoza,Miguel Garcia
1738,566,4348,revision completa de escaneo y evaluacion para mejorar rendimiento.,Finalizado,2026-03-10 00:00:00,2026-03-13 00:00:00,2122,Entregado,KTM,Boxer 150,Carlos Mendoza,Daniel Castillo
1739,4360,925,optimizacion del sistema bateria y centralita y verificacion completa.,Finalizado,2026-03-26 00:00:00,2026-03-29 00:00:00,6231,Cliente informado,Yamaha,GN125,Carlos Mendoza,Steven Rocha
1740,2885,786,ajuste tecnico de cableado y encendido debido a desgaste.,Finalizado,2026-03-09 00:00:00,2026-03-12 00:00:00,2697,Entregado,Kawasaki,Pulsar NS200,Carlos Mendoza,Francisco Blandon
1741,2546,4762,correccion especializada de inspeccion y evaluacion debido a desgaste.,Finalizado,2026-03-13 00:00:00,2026-03-17 00:00:00,4975,Cliente informado,Kawasaki,GSX-R750,Carlos Mendoza,Victor Rivas
1742,74,1383,ajuste tecnico de ciguenal y caja de cambios para mejorar rendimiento.,Finalizado,2026-03-09 00:00:00,2026-03-11 00:00:00,2160,Cliente informado,Honda,GN125,Jose Ramirez,Manuel Vargas
1743,295,2179,correccion especializada de cableado y encendido segun solicitud del cliente.,En proceso,2026-03-25 00:00:00,2026-03-26 00:00:00,3767,Entregado,Suzuki,Pulsar NS200,Carlos Mendoza,Wilmer Soto
1744,4191,4269,servicio integral para falla y falla para mejorar rendimiento.,Finalizado,2026-03-07 00:00:00,2026-03-10 00:00:00,6068,Entregado,AKT,Ninja 400,Jose Ramirez,Francisco Blandon
1745,1213,178,mantenimiento preventivo en chequeo y revision y verificacion completa.,Finalizado,2026-03-18 00:00:00,2026-03-18 00:00:00,5780,Entregado,Kawasaki,Gixxer 250,Jose Ramirez,Henry Tellez
1746,1861,1289,revision completa de alineacion y filtro de aire incluyendo ajuste final.,Finalizado,2026-03-25 00:00:00,2026-03-28 00:00:00,4955,Entregado,Bajaj,RC 200,Carlos Mendoza,Andres Ruiz
1747,387,2342,inspeccion avanzada de cableado y motor de arranque por falla detectada.,Finalizado,2026-03-14 00:00:00,2026-03-15 00:00:00,3137,Entregado,KTM,GSX-R750,Carlos Mendoza,Carlos Mendoza
1748,4898,257,revision completa de llantas deportivas y pintura con pruebas posteriores.,Finalizado,2026-03-13 00:00:00,2026-03-14 00:00:00,1615,Cliente informado,KTM,Duke 390,Jose Ramirez,Miguel Garcia
1749,3462,3276,correccion especializada de falla y evaluacion segun solicitud del cliente.,Finalizado,2026-03-06 00:00:00,2026-03-07 00:00:00,5380,Cliente informado,Honda,CBR 600RR,Carlos Mendoza,Oscar Reyes
1750,1542,3918,instalacion y calibracion de balanceo y filtro de aceite con pruebas posteriores.,En proceso,2026-03-18 00:00:00,2026-03-20 00:00:00,3846,Cliente informado,Suzuki,Pulsar NS200,Carlos Mendoza,Roberto Flores
1751,587,446,instalacion y calibracion de revision general y problema con pruebas posteriores.,Finalizado,2026-03-28 00:00:00,2026-03-28 00:00:00,5574,Entregado,Yamaha,Gixxer 250,Jose Ramirez,Miguel Garcia
1752,299,58,servicio integral para falla y problema para mejorar rendimiento.,Finalizado,2026-03-03 00:00:00,2026-03-05 00:00:00,5820,Entregado,Yamaha,XR150L,Jose Ramirez,Oscar Reyes
1753,4809,3545,mantenimiento preventivo en radiador y ciguenal para mejorar rendimiento.,Finalizado,2026-03-13 00:00:00,2026-03-17 00:00:00,5211,Cliente informado,AKT,Ninja 400,Carlos Mendoza,Eduardo Castro
1754,2622,4552,revision completa de pantalla y velocidad con pruebas posteriores.,Finalizado,2026-03-02 00:00:00,2026-03-05 00:00:00,2084,Entregado,Honda,Boxer 150,Jose Ramirez,Daniel Castillo
1755,747,2868,servicio integral para bujias y cambio de aceite por falla detectada.,Entregado,2026-03-21 00:00:00,2026-03-25 00:00:00,6408,Cliente informado,Honda,Apache RTR 200,Carlos Mendoza,Steven Rocha
1756,2964,4413,correccion especializada de frenos y diferencial incluyendo ajuste final.,Finalizado,2026-03-23 00:00:00,2026-03-13 00:00:00,2415,Cliente informado,Honda,Pulsar NS200,Carlos Mendoza,Miguel Garcia
1757,2902,4468,optimizacion del sistema eje y motor y verificacion completa.,Finalizado,2026-03-01 00:00:00,2026-03-01 00:00:00,2702,Cliente informado,Italika,R15,Jose Ramirez,Juan Perez
1758,4663,2877,instalacion y calibracion de fallo electrico y motor de arranque por falla detectada.,Finalizado,2026-03-11 00:00:00,2026-03-01 00:00:00,1368,Entregado,Bajaj,MT-07,Jose Ramirez,Fernando Herrera
1759,1066,2938,correccion especializada de bateria y bateria con pruebas posteriores.,Finalizado,2026-03-27 00:00:00,2026-03-27 00:00:00,3487,Entregado,Italika,Ninja 400,Carlos Mendoza,Samuel Cruz
1760,3850,1068,revision completa de embrague y suspension con pruebas posteriores.,Finalizado,2026-03-08 00:00:00,2026-03-12 00:00:00,1982,Entregado,TVS,GN125,Carlos Mendoza,Cristian Molina
1761,387,2342,inspeccion avanzada de balanceo y cambio de aceite con pruebas posteriores.,Finalizado,2026-03-14 00:00:00,2026-03-15 00:00:00,1046,Entregado,Suzuki,CBR 600RR,Carlos Mendoza,Eduardo Castro
1762,4137,1039,diagnostico y reparacion de alternador y alternador debido a desgaste.,Finalizado,2026-03-23 00:00:00,2026-03-25 00:00:00,5275,Cliente informado,Honda,FT150,Carlos Mendoza,Alexis Diaz
1763,4257,2124,servicio integral para filtro de aire y niveles por falla detectada.,Finalizado,2026-03-25 00:00:00,2026-03-15 00:00:00,3691,Cliente informado,Honda,XR150L,Jose Ramirez,Jose Ramirez
1764,4464,1935,ajuste tecnico de revision general y inspeccion y verificacion completa.,Finalizado,2026-03-06 00:00:00,2026-03-10 00:00:00,2452,Cliente informado,Italika,R15,Jose Ramirez,Mario Lopez
1765,4471,257,servicio integral para sensores y encendido con pruebas posteriores.,Finalizado,2026-03-15 00:00:00,2026-03-17 00:00:00,5483,Entregado,Yamaha,MT-07,Jose Ramirez,Steven Rocha
1766,3032,4385,ajuste tecnico de chip y vinilado por falla detectada.,Finalizado,2026-03-08 00:00:00,2026-03-12 00:00:00,4665,Entregado,Yamaha,Apache RTR 200,Jose Ramirez,Erick Gutierrez
1767,2677,3090,instalacion y calibracion de problema y revision general con pruebas posteriores.,Finalizado,2026-03-17 00:00:00,2026-03-17 00:00:00,5453,Cliente informado,AKT,Ninja 400,Carlos Mendoza,Victor Rivas
1768,2516,3208,ajuste tecnico de filtro de aire y balanceo incluyendo ajuste final.,Finalizado,2026-03-20 00:00:00,2026-03-23 00:00:00,3171,Entregado,Yamaha,FT150,Jose Ramirez,Carlos Mendoza
1769,1801,2615,revision completa de motor de arranque y cableado debido a desgaste.,Finalizado,2026-03-02 00:00:00,2026-03-03 00:00:00,4799,Entregado,Kawasaki,Gixxer 250,Carlos Mendoza,Wilmer Soto
1770,1870,4841,ajuste tecnico de kit aerodinamico y suspension deportiva y verificacion completa.,Finalizado,2026-03-27 00:00:00,2026-03-28 00:00:00,4122,Cliente informado,Bajaj,CBR 600RR,Carlos Mendoza,Kevin Torres
1771,96,914,correccion especializada de ruido y evaluacion para mejorar rendimiento.,Finalizado,2026-03-04 00:00:00,2026-03-08 00:00:00,5523,Entregado,Bajaj,Boxer 150,Carlos Mendoza,Daniel Castillo
1772,623,2129,revision completa de calipers y escape deportivo con pruebas posteriores.,Finalizado,2026-03-03 00:00:00,2026-03-03 00:00:00,2481,Entregado,Yamaha,FT150,Jose Ramirez,Edwin Chavez
1773,128,2835,diagnostico y reparacion de radiador y distribucion y verificacion completa.,Finalizado,2026-03-23 00:00:00,2026-03-25 00:00:00,4808,Entregado,Suzuki,GN125,Carlos Mendoza,Wilmer Soto
1774,3640,1909,inspeccion avanzada de inspeccion y evaluacion segun solicitud del cliente.,Finalizado,2026-03-08 00:00:00,2026-03-08 00:00:00,3712,Cliente informado,Yamaha,Boxer 150,Carlos Mendoza,Roberto Flores
1775,231,1844,mantenimiento preventivo en ciguenal y biela con pruebas posteriores.,Finalizado,2026-03-18 00:00:00,2026-03-21 00:00:00,4193,Cliente informado,Kawasaki,MT-07,Carlos Mendoza,Daniel Castillo
1776,3754,4308,mantenimiento preventivo en diagnostico y ruido debido a desgaste.,Finalizado,2026-03-03 00:00:00,2026-03-03 00:00:00,3411,Cliente informado,Yamaha,FT150,Carlos Mendoza,Julio Navarro
1777,406,2289,servicio integral para pintar carroceria y modificacion por falla detectada.,Finalizado,2026-03-09 00:00:00,2026-03-12 00:00:00,3354,Cliente informado,KTM,Duke 390,Carlos Mendoza,Alexis Diaz
1778,3174,3681,diagnostico y reparacion de lubricacion y lubricacion incluyendo ajuste final.,Finalizado,2026-03-05 00:00:00,2026-03-06 00:00:00,1298,Entregado,Bajaj,NKD 125,Jose Ramirez,Miguel Garcia
1779,4633,2016,revision completa de turbo y fibra de carbono para mejorar rendimiento.,Finalizado,2026-03-18 00:00:00,2026-03-18 00:00:00,1876,Cliente informado,KTM,Pulsar NS200,Jose Ramirez,Javier Morales
1780,312,4221,inspeccion avanzada de gps y gps segun solicitud del cliente.,Finalizado,2026-03-26 00:00:00,2026-03-28 00:00:00,2238,Entregado,Bajaj,GN125,Carlos Mendoza,Juan Perez
1781,4515,2714,optimizacion del sistema sistema electrico y fallo electrico segun solicitud del cliente.,Finalizado,2026-03-28 00:00:00,2026-03-31 00:00:00,4008,Cliente informado,Bajaj,DM200,Jose Ramirez,Andres Ruiz
1782,3035,4531,instalacion y calibracion de filtro de aceite y chequeo debido a desgaste.,Entregado,2026-03-18 00:00:00,2026-03-18 00:00:00,3926,Cliente informado,Suzuki,Duke 390,Jose Ramirez,Fernando Herrera
1783,4726,1559,instalacion y calibracion de alternador y motor de arranque por falla detectada.,Finalizado,2026-03-23 00:00:00,2026-03-24 00:00:00,4499,Entregado,AKT,GN125,Jose Ramirez,Cristian Molina
1784,1874,4946,correccion especializada de encendido y alternador para mejorar rendimiento.,Finalizado,2026-03-20 00:00:00,2026-03-23 00:00:00,1615,Entregado,Yamaha,GN125,Carlos Mendoza,Brayan Silva
1785,3273,4195,revision completa de revision y bujias para mejorar rendimiento.,Finalizado,2026-03-16 00:00:00,2026-03-19 00:00:00,5204,Cliente informado,AKT,MT-07,Carlos Mendoza,Andres Ruiz
1786,2703,560,ajuste tecnico de llantas deportivas y aleron segun solicitud del cliente.,Finalizado,2026-03-04 00:00:00,2026-03-07 00:00:00,1993,Entregado,Yamaha,MT-07,Jose Ramirez,Samuel Cruz
1787,1046,2124,mantenimiento preventivo en vinilado y audio para mejorar rendimiento.,Finalizado,2026-03-23 00:00:00,2026-03-24 00:00:00,5348,Cliente informado,Kawasaki,Gixxer 250,Carlos Mendoza,Alexis Diaz
1788,4358,4167,inspeccion avanzada de llantas deportivas y chip y verificacion completa.,Finalizado,2026-03-16 00:00:00,2026-03-18 00:00:00,4664,Cliente informado,Honda,RC 200,Jose Ramirez,Oscar Reyes
1789,3401,4312,optimizacion del sistema eje y arbol de levas por falla detectada.,Finalizado,2026-03-06 00:00:00,2026-03-09 00:00:00,1379,Entregado,Honda,GN125,Carlos Mendoza,Julio Navarro
1790,4538,1533,servicio integral para performance y pintura por falla detectada.,Finalizado,2026-03-08 00:00:00,2026-03-08 00:00:00,3939,Cliente informado,Suzuki,RC 200,Carlos Mendoza,Wilmer Soto
1791,1542,3918,revision completa de test y diagnostico para mejorar rendimiento.,En proceso,2026-03-18 00:00:00,2026-03-20 00:00:00,5594,Cliente informado,Yamaha,CBR 600RR,Carlos Mendoza,Eduardo Castro
1792,1785,3695,correccion especializada de alineacion y lubricacion segun solicitud del cliente.,Finalizado,2026-03-08 00:00:00,2026-03-11 00:00:00,3760,Cliente informado,Bajaj,R15,Jose Ramirez,Samuel Cruz
1793,4824,2599,ajuste tecnico de luces y fallo electrico con pruebas posteriores.,Finalizado,2026-03-20 00:00:00,2026-03-23 00:00:00,4912,Cliente informado,Yamaha,FZ16,Jose Ramirez,Francisco Blandon
1794,3813,4236,inspeccion avanzada de chequeo y bujias para mejorar rendimiento.,Finalizado,2026-03-02 00:00:00,2026-02-20 00:00:00,1459,Entregado,Honda,Gixxer 250,Jose Ramirez,Alexis Diaz
1795,2532,3999,mantenimiento preventivo en chip y calipers con pruebas posteriores.,Finalizado,2026-03-24 00:00:00,2026-03-25 00:00:00,2694,Entregado,Italika,MT-07,Jose Ramirez,Juan Perez
1796,4289,905,mantenimiento preventivo en inspeccion y evaluacion y verificacion completa.,Finalizado,2026-03-08 00:00:00,2026-03-09 00:00:00,1833,Entregado,Suzuki,Ninja 400,Carlos Mendoza,Juan Perez
1797,3587,4379,inspeccion avanzada de lubricacion y revision incluyendo ajuste final.,Finalizado,2026-03-05 00:00:00,2026-03-06 00:00:00,5033,Cliente informado,Honda,R15,Jose Ramirez,Jose Ramirez
1798,1808,4786,correccion especializada de inspeccion y evaluacion segun solicitud del cliente.,Finalizado,2026-03-17 00:00:00,2026-03-20 00:00:00,1941,Cliente informado,Kawasaki,R15,Carlos Mendoza,Kevin Torres
1799,3962,1533,optimizacion del sistema fallo electrico y sensores incluyendo ajuste final.,Finalizado,2026-03-29 00:00:00,2026-03-31 00:00:00,3652,Cliente informado,Kawasaki,NKD 125,Jose Ramirez,Miguel Garcia
1800,4695,5320,instalacion y calibracion de polarizado y performance segun solicitud del cliente.,Finalizado,2026-03-23 00:00:00,2026-03-24 00:00:00,4679,Entregado,Suzuki,Gixxer 250,Jose Ramirez,Alexis Diaz
1801,278,3918,ajuste tecnico de suspension y carroceria debido a desgaste.,Finalizado,2026-03-28 00:00:00,2026-03-30 00:00:00,4657,Entregado,KTM,Duke 390,Jose Ramirez,Mario Lopez
1802,1268,5173,diagnostico y reparacion de alineacion y filtro de aceite y verificacion completa.,Entregado,2026-03-24 00:00:00,2026-03-27 00:00:00,711,Cliente informado,Suzuki,XR150L,Carlos Mendoza,Andres Ruiz
1803,1751,513,diagnostico y reparacion de revision y filtro de aire debido a desgaste.,Finalizado,2026-03-06 00:00:00,2026-03-10 00:00:00,3031,Cliente informado,AKT,Boxer 150,Jose Ramirez,Henry Tellez
1804,2338,3092,mantenimiento preventivo en transmision y culata para mejorar rendimiento.,Finalizado,2026-03-01 00:00:00,2026-03-05 00:00:00,6118,Cliente informado,Bajaj,CBR 600RR,Carlos Mendoza,Juan Perez
1805,211,3238,servicio integral para filtro de aire y balanceo y verificacion completa.,Finalizado,2026-03-12 00:00:00,2026-03-14 00:00:00,5034,Cliente informado,Bajaj,XR150L,Jose Ramirez,Samuel Cruz
1806,1461,4987,ajuste tecnico de fibra de carbono y gps para mejorar rendimiento.,Finalizado,2026-03-22 00:00:00,2026-03-23 00:00:00,763,Entregado,TVS,XR150L,Jose Ramirez,Cristian Molina
1807,2146,3659,correccion especializada de filtro de aceite y niveles y verificacion completa.,Finalizado,2026-03-05 00:00:00,2026-03-06 00:00:00,3713,Entregado,Honda,CBR 600RR,Carlos Mendoza,Juan Perez
1808,3166,4505,ajuste tecnico de filtro de aceite y filtro de aceite segun solicitud del cliente.,Finalizado,2026-03-26 00:00:00,2026-03-30 00:00:00,3666,Cliente informado,KTM,R15,Carlos Mendoza,Samuel Cruz
1809,4086,359,instalacion y calibracion de radiador y bomba de agua por falla detectada.,Finalizado,2026-03-19 00:00:00,2026-03-23 00:00:00,5291,Entregado,Bajaj,Gixxer 250,Carlos Mendoza,Alexis Diaz
1810,4222,1635,optimizacion del sistema falla y evaluacion y verificacion completa.,En proceso,2026-03-10 00:00:00,2026-03-10 00:00:00,6080,Entregado,Suzuki,GSX-R750,Carlos Mendoza,Francisco Blandon
1811,2492,557,inspeccion avanzada de bateria y sensores debido a desgaste.,Finalizado,2026-03-05 00:00:00,2026-03-08 00:00:00,2571,Cliente informado,Suzuki,Ninja 400,Carlos Mendoza,Luis Martinez
1812,794,2564,instalacion y calibracion de ruido y diagnostico para mejorar rendimiento.,Finalizado,2026-03-05 00:00:00,2026-03-06 00:00:00,1458,Cliente informado,Kawasaki,Pulsar NS200,Jose Ramirez,Brayan Silva
1813,3066,3855,servicio integral para amortiguadores y suspension para mejorar rendimiento.,Finalizado,2026-03-26 00:00:00,2026-03-29 00:00:00,1315,Entregado,Suzuki,GSX-R750,Carlos Mendoza,Henry Tellez
1814,1220,1932,diagnostico y reparacion de ruido y ruido segun solicitud del cliente.,Finalizado,2026-03-29 00:00:00,2026-03-30 00:00:00,2268,Cliente informado,Bajaj,CBR 600RR,Carlos Mendoza,Juan Perez
1815,3273,4195,instalacion y calibracion de escaneo y diagnostico incluyendo ajuste final.,Finalizado,2026-03-16 00:00:00,2026-03-19 00:00:00,6279,Cliente informado,Yamaha,CBR 600RR,Carlos Mendoza,Javier Morales
1816,551,969,mantenimiento preventivo en sensores y encendido por falla detectada.,Finalizado,2026-03-18 00:00:00,2026-03-08 00:00:00,5466,Cliente informado,Bajaj,MT-07,Jose Ramirez,Erick Gutierrez
1817,2617,2520,diagnostico y reparacion de motor y caja de cambios debido a desgaste.,Finalizado,2026-03-11 00:00:00,2026-03-11 00:00:00,3072,Cliente informado,Yamaha,FT150,Jose Ramirez,Steven Rocha
1818,4165,3769,optimizacion del sistema revision y niveles segun solicitud del cliente.,Finalizado,2026-03-14 00:00:00,2026-03-17 00:00:00,2323,Cliente informado,Honda,Gixxer 250,Carlos Mendoza,Luis Martinez
1819,264,2667,revision completa de problema y chequeo debido a desgaste.,Finalizado,2026-03-15 00:00:00,2026-03-19 00:00:00,1573,Entregado,Yamaha,Z650,Jose Ramirez,Eduardo Castro
1820,318,1978,optimizacion del sistema aleron y pintar carroceria debido a desgaste.,Finalizado,2026-03-09 00:00:00,2026-03-12 00:00:00,4000,Cliente informado,KTM,Boxer 150,Jose Ramirez,Carlos Mendoza
1821,3102,4494,diagnostico y reparacion de kit aerodinamico y custom por falla detectada.,Finalizado,2026-03-27 00:00:00,2026-03-30 00:00:00,1986,Cliente informado,Suzuki,XR150L,Carlos Mendoza,Juan Perez
1822,4181,4531,inspeccion avanzada de alternador y encendido por falla detectada.,Finalizado,2026-03-09 00:00:00,2026-03-12 00:00:00,6382,Entregado,Bajaj,GN125,Carlos Mendoza,Francisco Blandon
1823,1685,5131,servicio integral para cambio de aceite y niveles para mejorar rendimiento.,Finalizado,2026-03-16 00:00:00,2026-03-19 00:00:00,1565,Cliente informado,Suzuki,Ninja 400,Jose Ramirez,Victor Rivas
1824,3315,1733,servicio integral para chip y turbo debido a desgaste.,Finalizado,2026-03-02 00:00:00,2026-03-06 00:00:00,1941,Cliente informado,KTM,XR150L,Jose Ramirez,Alexis Diaz
1825,1650,2517,servicio integral para encendido y sistema electrico incluyendo ajuste final.,Finalizado,2026-03-10 00:00:00,2026-03-11 00:00:00,5902,Cliente informado,Suzuki,XR150L,Carlos Mendoza,Juan Perez
1826,1082,2241,correccion especializada de kit aerodinamico y sonido por falla detectada.,Finalizado,2026-03-28 00:00:00,2026-03-28 00:00:00,5519,Cliente informado,Honda,Duke 390,Carlos Mendoza,Manuel Vargas
1827,1732,3477,instalacion y calibracion de ruido y test y verificacion completa.,Finalizado,2026-03-06 00:00:00,2026-03-10 00:00:00,4032,Cliente informado,Yamaha,R15,Jose Ramirez,Roberto Flores
1828,1791,2788,inspeccion avanzada de bateria y fallo electrico segun solicitud del cliente.,Finalizado,2026-03-25 00:00:00,2026-03-26 00:00:00,3125,Cliente informado,Italika,FZ16,Jose Ramirez,Wilmer Soto
1829,357,301,optimizacion del sistema diagnostico y ruido debido a desgaste.,Finalizado,2026-03-24 00:00:00,2026-03-24 00:00:00,3429,Cliente informado,Bajaj,Duke 390,Carlos Mendoza,Edwin Chavez
1830,694,5056,inspeccion avanzada de alineacion y balanceo segun solicitud del cliente.,Finalizado,2026-03-01 00:00:00,2026-03-04 00:00:00,3765,Entregado,AKT,FT150,Jose Ramirez,Edwin Chavez
1831,4633,1876,inspeccion avanzada de encendido y luces y verificacion completa.,Finalizado,2026-03-23 00:00:00,2026-03-24 00:00:00,4971,Cliente informado,Suzuki,MT-07,Jose Ramirez,Henry Tellez
1832,2130,4496,ajuste tecnico de revision general y inspeccion incluyendo ajuste final.,Finalizado,2026-03-04 00:00:00,2026-03-06 00:00:00,2837,Entregado,Kawasaki,GN125,Carlos Mendoza,Eduardo Castro
1833,386,419,instalacion y calibracion de pintar carroceria y modificacion para mejorar rendimiento.,Finalizado,2026-03-19 00:00:00,2026-03-19 00:00:00,4511,Entregado,Honda,DM200,Carlos Mendoza,Juan Perez
1834,2797,1674,inspeccion avanzada de sistema electrico y cableado y verificacion completa.,Finalizado,2026-03-26 00:00:00,2026-03-27 00:00:00,4648,Entregado,KTM,Pulsar NS200,Jose Ramirez,Edwin Chavez
1835,4729,2714,correccion especializada de filtro de aceite y revision y verificacion completa.,Finalizado,2026-03-08 00:00:00,2026-03-10 00:00:00,694,Cliente informado,Honda,MT-07,Carlos Mendoza,Daniel Castillo
1836,3154,1059,instalacion y calibracion de bomba de agua y pistones segun solicitud del cliente.,Entregado,2026-03-27 00:00:00,2026-03-27 00:00:00,4245,Cliente informado,Bajaj,MT-07,Carlos Mendoza,Steven Rocha
1837,4666,3999,diagnostico y reparacion de balanceo y filtro de aceite incluyendo ajuste final.,Finalizado,2026-03-14 00:00:00,2026-03-16 00:00:00,3026,Cliente informado,AKT,NKD 125,Jose Ramirez,Samuel Cruz
1838,1806,4494,instalacion y calibracion de lubricacion y bujias segun solicitud del cliente.,Finalizado,2026-03-01 00:00:00,2026-02-19 00:00:00,2241,Entregado,Suzuki,GN125,Carlos Mendoza,Oscar Reyes
1839,2873,2693,revision completa de falla y problema incluyendo ajuste final.,Finalizado,2026-03-02 00:00:00,2026-03-05 00:00:00,5917,Cliente informado,TVS,FZ16,Jose Ramirez,Edwin Chavez
1840,2693,2623,correccion especializada de tuning y cromado con pruebas posteriores.,Finalizado,2026-03-27 00:00:00,2026-03-28 00:00:00,4030,Cliente informado,Bajaj,FT150,Jose Ramirez,Steven Rocha
1841,4406,3491,inspeccion avanzada de eje y diferencial y verificacion completa.,Finalizado,2026-03-04 00:00:00,2026-02-22 00:00:00,560,Entregado,Yamaha,MT-07,Carlos Mendoza,Andres Ruiz
1842,2699,4387,servicio integral para revision general y escaneo incluyendo ajuste final.,Finalizado,2026-03-19 00:00:00,2026-03-22 00:00:00,804,Cliente informado,Honda,Ninja 400,Jose Ramirez,Luis Martinez
1843,2774,3021,mantenimiento preventivo en niveles y cambio de aceite segun solicitud del cliente.,En proceso,2026-03-24 00:00:00,2026-03-25 00:00:00,972,Cliente informado,Honda,R15,Carlos Mendoza,Fernando Herrera
1844,1009,3494,ajuste tecnico de balanceo y alineacion debido a desgaste.,Finalizado,2026-03-14 00:00:00,2026-03-17 00:00:00,1138,Entregado,Honda,CB190R,Carlos Mendoza,Steven Rocha
1845,2873,2693,servicio integral para audio y personalizacion por falla detectada.,Finalizado,2026-03-02 00:00:00,2026-03-05 00:00:00,2275,Cliente informado,Suzuki,Apache RTR 200,Carlos Mendoza,Victor Rivas
1846,2053,1051,mantenimiento preventivo en bujias y revision segun solicitud del cliente.,En proceso,2026-03-17 00:00:00,2026-03-19 00:00:00,5063,Cliente informado,Kawasaki,Pulsar NS200,Carlos Mendoza,Oscar Reyes
1847,4223,2008,inspeccion avanzada de balanceo y chequeo segun solicitud del cliente.,Finalizado,2026-03-19 00:00:00,2026-03-09 00:00:00,6398,Entregado,Honda,DM200,Carlos Mendoza,Jose Ramirez
1848,3806,2037,servicio integral para bateria y motor de arranque con pruebas posteriores.,Entregado,2026-03-15 00:00:00,2026-03-19 00:00:00,4391,Cliente informado,AKT,MT-07,Carlos Mendoza,Juan Perez
1849,264,2667,servicio integral para balanceo y filtro de aire por falla detectada.,Finalizado,2026-03-15 00:00:00,2026-03-19 00:00:00,4140,Entregado,Suzuki,DM200,Jose Ramirez,Andres Ruiz
1850,530,2169,inspeccion avanzada de inspeccion y problema para mejorar rendimiento.,Finalizado,2026-03-14 00:00:00,2026-03-15 00:00:00,4661,Entregado,Suzuki,Duke 390,Jose Ramirez,Wilmer Soto
1851,2183,2846,diagnostico y reparacion de velocidad y sensores de estacionamiento y verificacion completa.,Finalizado,2026-03-07 00:00:00,2026-03-10 00:00:00,1989,Cliente informado,Honda,XR150L,Jose Ramirez,Javier Morales
1852,3252,1302,inspeccion avanzada de reprogramacion y potencia incluyendo ajuste final.,Finalizado,2026-03-14 00:00:00,2026-03-16 00:00:00,4391,Cliente informado,TVS,Boxer 150,Carlos Mendoza,Andres Ruiz
1853,3278,2437,optimizacion del sistema custom y calipers con pruebas posteriores.,Finalizado,2026-03-03 00:00:00,2026-03-03 00:00:00,3574,Cliente informado,Suzuki,MT-07,Jose Ramirez,Miguel Garcia
1854,3722,460,servicio integral para alternador y luces incluyendo ajuste final.,Finalizado,2026-02-28 00:00:00,2026-02-28 00:00:00,4563,Cliente informado,Yamaha,FT150,Jose Ramirez,Miguel Garcia
1855,1211,113,instalacion y calibracion de eje y chasis por falla detectada.,Finalizado,2026-03-19 00:00:00,2026-03-21 00:00:00,5675,Cliente informado,Yamaha,RC 200,Jose Ramirez,Edwin Chavez
1856,227,4083,inspeccion avanzada de revision y niveles para mejorar rendimiento.,Finalizado,2026-03-04 00:00:00,2026-02-22 00:00:00,4931,Entregado,Suzuki,Pulsar NS200,Jose Ramirez,Alexis Diaz
1857,4766,3833,mantenimiento preventivo en alineacion y alineacion debido a desgaste.,Finalizado,2026-03-11 00:00:00,2026-03-14 00:00:00,4735,Cliente informado,Honda,Ninja 400,Jose Ramirez,Juan Perez
1858,1076,1896,ajuste tecnico de camara y llantas deportivas incluyendo ajuste final.,Finalizado,2026-03-19 00:00:00,2026-03-23 00:00:00,3615,Entregado,TVS,Boxer 150,Jose Ramirez,Javier Morales
1859,3635,4633,correccion especializada de direccion y embrague incluyendo ajuste final.,Finalizado,2026-03-01 00:00:00,2026-03-04 00:00:00,4719,Cliente informado,Bajaj,Ninja 400,Jose Ramirez,Luis Martinez
1860,2004,936,instalacion y calibracion de cambio de aceite y cambio de aceite por falla detectada.,Finalizado,2026-03-14 00:00:00,2026-03-14 00:00:00,3314,Entregado,Bajaj,R15,Jose Ramirez,Fernando Herrera
1861,2466,4155,instalacion y calibracion de fibra de carbono y luces led y verificacion completa.,Finalizado,2026-03-21 00:00:00,2026-03-24 00:00:00,4546,Entregado,AKT,FZ16,Jose Ramirez,Juan Perez
1862,88,4866,ajuste tecnico de test y ruido debido a desgaste.,Finalizado,2026-03-01 00:00:00,2026-03-02 00:00:00,3906,Cliente informado,Honda,CBR 600RR,Carlos Mendoza,Wilmer Soto
1863,2043,1768,correccion especializada de alineacion y revision segun solicitud del cliente.,Finalizado,2026-03-26 00:00:00,2026-03-26 00:00:00,5518,Entregado,Yamaha,RC 200,Carlos Mendoza,Erick Gutierrez
1864,2855,1324,diagnostico y reparacion de alineacion y alineacion incluyendo ajuste final.,Finalizado,2026-03-20 00:00:00,2026-03-24 00:00:00,4706,Cliente informado,TVS,Pulsar NS200,Carlos Mendoza,Julio Navarro
1865,1808,4786,correccion especializada de alternador y luces debido a desgaste.,Finalizado,2026-03-17 00:00:00,2026-03-20 00:00:00,1948,Cliente informado,Yamaha,Pulsar NS200,Jose Ramirez,Francisco Blandon
1866,353,761,correccion especializada de custom y audio con pruebas posteriores.,Finalizado,2026-03-28 00:00:00,2026-04-01 00:00:00,4996,Cliente informado,AKT,RC 200,Carlos Mendoza,Roberto Flores
1867,4406,3491,correccion especializada de test y ruido incluyendo ajuste final.,Finalizado,2026-03-04 00:00:00,2026-02-22 00:00:00,1754,Entregado,Yamaha,Pulsar NS200,Carlos Mendoza,Juan Perez
1868,2700,4017,inspeccion avanzada de bateria y luces y verificacion completa.,Finalizado,2026-03-25 00:00:00,2026-03-27 00:00:00,4098,Entregado,TVS,GSX-R750,Carlos Mendoza,Wilmer Soto
1869,1861,1289,servicio integral para bateria y cableado y verificacion completa.,Finalizado,2026-03-25 00:00:00,2026-03-28 00:00:00,3369,Entregado,Honda,GN125,Jose Ramirez,Alexis Diaz
1870,285,1039,diagnostico y reparacion de eje y motor para mejorar rendimiento.,Finalizado,2026-03-25 00:00:00,2026-03-27 00:00:00,1991,Entregado,KTM,MT-07,Jose Ramirez,Andres Ruiz
1871,4808,2204,instalacion y calibracion de escaneo y ruido segun solicitud del cliente.,Finalizado,2026-03-04 00:00:00,2026-03-07 00:00:00,5834,Entregado,Honda,R15,Jose Ramirez,Victor Rivas
1872,4221,692,inspeccion avanzada de cableado y sensores incluyendo ajuste final.,Entregado,2026-03-18 00:00:00,2026-03-20 00:00:00,1162,Entregado,Kawasaki,Duke 390,Jose Ramirez,Mario Lopez
1873,1125,1519,optimizacion del sistema filtro de aceite y filtro de aire y verificacion completa.,Finalizado,2026-03-12 00:00:00,2026-03-12 00:00:00,5799,Cliente informado,Honda,RC 200,Jose Ramirez,Samuel Cruz
1874,3102,4494,servicio integral para encendido y alternador segun solicitud del cliente.,Finalizado,2026-03-27 00:00:00,2026-03-30 00:00:00,3662,Cliente informado,Yamaha,R15,Carlos Mendoza,Edwin Chavez
1875,1313,4727,inspeccion avanzada de balanceo y alineacion debido a desgaste.,Finalizado,2026-03-04 00:00:00,2026-03-07 00:00:00,4088,Entregado,KTM,GN125,Jose Ramirez,Juan Perez
1876,4938,1938,revision completa de falla y escaneo por falla detectada.,Finalizado,2026-03-13 00:00:00,2026-03-16 00:00:00,6153,Cliente informado,Honda,CB190R,Carlos Mendoza,Javier Morales
1877,2119,2226,revision completa de encendido y cableado con pruebas posteriores.,Finalizado,2026-03-14 00:00:00,2026-03-17 00:00:00,5613,Cliente informado,Kawasaki,Gixxer 250,Jose Ramirez,Miguel Garcia
1878,1455,3126,diagnostico y reparacion de direccion y bomba de agua incluyendo ajuste final.,Finalizado,2026-02-28 00:00:00,2026-03-04 00:00:00,4346,Entregado,TVS,GSX-R750,Carlos Mendoza,Manuel Vargas
1879,4920,1858,mantenimiento preventivo en culata y embrague para mejorar rendimiento.,Finalizado,2026-03-06 00:00:00,2026-03-10 00:00:00,5898,Entregado,Suzuki,XR150L,Carlos Mendoza,Manuel Vargas
1880,1009,2926,optimizacion del sistema chequeo y filtro de aire y verificacion completa.,Finalizado,2026-03-05 00:00:00,2026-03-08 00:00:00,4049,Cliente informado,Italika,GN125,Carlos Mendoza,Eduardo Castro
1881,977,3741,instalacion y calibracion de centralita y encendido incluyendo ajuste final.,Finalizado,2026-03-14 00:00:00,2026-03-16 00:00:00,2864,Entregado,Yamaha,FZ16,Carlos Mendoza,Manuel Vargas
1882,3651,3524,servicio integral para diagnostico y inspeccion con pruebas posteriores.,Finalizado,2026-03-17 00:00:00,2026-03-07 00:00:00,4437,Cliente informado,Italika,Z650,Carlos Mendoza,Jose Ramirez
1883,2016,1369,ajuste tecnico de distribucion y motor con pruebas posteriores.,Finalizado,2026-03-02 00:00:00,2026-03-04 00:00:00,6485,Entregado,Suzuki,R15,Carlos Mendoza,Julio Navarro
1884,554,1574,revision completa de revision y chequeo debido a desgaste.,Finalizado,2026-03-27 00:00:00,2026-03-28 00:00:00,6004,Cliente informado,Honda,RC 200,Jose Ramirez,Steven Rocha
1885,4160,3694,instalacion y calibracion de amortiguadores y biela por falla detectada.,Finalizado,2026-03-22 00:00:00,2026-03-23 00:00:00,2980,Entregado,Honda,Boxer 150,Jose Ramirez,Cristian Molina
1886,4085,3309,servicio integral para kit aerodinamico y kit aerodinamico incluyendo ajuste final.,Finalizado,2026-03-27 00:00:00,2026-03-31 00:00:00,2352,Entregado,Honda,Apache RTR 200,Jose Ramirez,Miguel Garcia
1887,2257,4992,mantenimiento preventivo en arbol de levas y diferencial debido a desgaste.,Finalizado,2026-03-25 00:00:00,2026-03-25 00:00:00,4584,Entregado,Italika,FT150,Carlos Mendoza,Henry Tellez
1888,1898,4483,diagnostico y reparacion de revision y revision con pruebas posteriores.,Finalizado,2026-03-18 00:00:00,2026-03-22 00:00:00,4468,Entregado,Suzuki,FZ16,Carlos Mendoza,Edwin Chavez
1889,886,12,optimizacion del sistema escaneo y inspeccion por falla detectada.,Finalizado,2026-03-03 00:00:00,2026-03-03 00:00:00,4054,Entregado,Italika,RC 200,Carlos Mendoza,Luis Martinez
1890,3640,1909,diagnostico y reparacion de transmision y suspension por falla detectada.,Finalizado,2026-03-08 00:00:00,2026-03-08 00:00:00,4291,Cliente informado,Suzuki,CBR 600RR,Carlos Mendoza,Alexis Diaz
1891,4207,3151,revision completa de problema y escaneo segun solicitud del cliente.,Finalizado,2026-03-23 00:00:00,2026-03-13 00:00:00,2901,Cliente informado,Yamaha,GSX-R750,Carlos Mendoza,Steven Rocha
1892,4873,2053,ajuste tecnico de pistones y motor para mejorar rendimiento.,Finalizado,2026-03-22 00:00:00,2026-03-22 00:00:00,3977,Cliente informado,Suzuki,Pulsar NS200,Jose Ramirez,Eduardo Castro
1893,3185,2721,diagnostico y reparacion de pistones y motor incluyendo ajuste final.,Entregado,2026-03-22 00:00:00,2026-03-26 00:00:00,800,Entregado,Yamaha,Boxer 150,Jose Ramirez,Eduardo Castro
1894,1847,4268,optimizacion del sistema revision general y inspeccion segun solicitud del cliente.,Finalizado,2026-03-24 00:00:00,2026-03-26 00:00:00,1606,Entregado,Yamaha,CBR 600RR,Carlos Mendoza,Henry Tellez
1895,136,3821,ajuste tecnico de pantalla y luces led y verificacion completa.,Finalizado,2026-03-15 00:00:00,2026-03-16 00:00:00,1475,Cliente informado,Suzuki,Z650,Carlos Mendoza,Henry Tellez
1896,1298,1103,revision completa de inspeccion y diagnostico para mejorar rendimiento.,Finalizado,2026-03-23 00:00:00,2026-03-27 00:00:00,739,Entregado,Yamaha,DM200,Carlos Mendoza,Samuel Cruz
1897,3061,4503,correccion especializada de balanceo y filtro de aire por falla detectada.,Finalizado,2026-03-21 00:00:00,2026-03-22 00:00:00,2533,Cliente informado,Suzuki,Duke 390,Carlos Mendoza,Manuel Vargas
1898,1087,2469,servicio integral para falla y evaluacion debido a desgaste.,Finalizado,2026-03-12 00:00:00,2026-03-12 00:00:00,5250,Entregado,Honda,XR150L,Carlos Mendoza,Daniel Castillo
1899,552,1625,mantenimiento preventivo en alternador y fallo electrico y verificacion completa.,Finalizado,2026-03-24 00:00:00,2026-03-26 00:00:00,5603,Cliente informado,Honda,MT-07,Jose Ramirez,Victor Rivas
1900,4741,3736,correccion especializada de revision general y problema segun solicitud del cliente.,Finalizado,2026-03-14 00:00:00,2026-03-17 00:00:00,2431,Entregado,Bajaj,Gixxer 250,Jose Ramirez,Henry Tellez
1901,4203,3044,diagnostico y reparacion de arbol de levas y pistones segun solicitud del cliente.,Finalizado,2026-03-19 00:00:00,2026-03-22 00:00:00,4843,Entregado,Honda,XR150L,Carlos Mendoza,Juan Perez
1902,3852,1984,instalacion y calibracion de escaneo y chequeo incluyendo ajuste final.,Finalizado,2026-03-11 00:00:00,2026-03-15 00:00:00,3465,Entregado,Suzuki,Duke 390,Jose Ramirez,Manuel Vargas
1903,2580,3814,ajuste tecnico de culata y bomba de agua para mejorar rendimiento.,Finalizado,2026-03-13 00:00:00,2026-03-16 00:00:00,1089,Entregado,AKT,Gixxer 250,Carlos Mendoza,Mario Lopez
1904,1336,3821,mantenimiento preventivo en luces y sensores debido a desgaste.,Finalizado,2026-03-20 00:00:00,2026-03-24 00:00:00,6053,Entregado,Yamaha,Ninja 400,Carlos Mendoza,Victor Rivas
1905,3786,493,mantenimiento preventivo en kit aerodinamico y potencia por falla detectada.,Finalizado,2026-03-12 00:00:00,2026-03-13 00:00:00,2133,Cliente informado,Yamaha,Boxer 150,Carlos Mendoza,Victor Rivas
1906,3420,2400,servicio integral para evaluacion y test y verificacion completa.,Finalizado,2026-03-13 00:00:00,2026-03-14 00:00:00,6189,Entregado,Suzuki,XR150L,Carlos Mendoza,Edwin Chavez
1907,2279,3464,servicio integral para calipers y modificacion y verificacion completa.,Finalizado,2026-03-06 00:00:00,2026-03-08 00:00:00,5616,Cliente informado,Yamaha,Boxer 150,Jose Ramirez,Jose Ramirez
1908,4897,2116,servicio integral para velocidad y llantas deportivas por falla detectada.,Entregado,2026-03-21 00:00:00,2026-03-23 00:00:00,4728,Entregado,Suzuki,CB190R,Jose Ramirez,Eduardo Castro
1909,2449,443,ajuste tecnico de falla y inspeccion para mejorar rendimiento.,Finalizado,2026-03-17 00:00:00,2026-03-17 00:00:00,2781,Entregado,Bajaj,MT-07,Jose Ramirez,Victor Rivas
1910,2521,3314,instalacion y calibracion de frenos deportivos y turbo por falla detectada.,Finalizado,2026-03-06 00:00:00,2026-03-08 00:00:00,6469,Entregado,TVS,NKD 125,Jose Ramirez,Erick Gutierrez
1911,2866,1158,optimizacion del sistema fallo electrico y cableado y verificacion completa.,Finalizado,2026-03-20 00:00:00,2026-03-10 00:00:00,2351,Cliente informado,Bajaj,CB190R,Carlos Mendoza,Daniel Castillo
1912,1891,2066,servicio integral para bomba de agua y diferencial y verificacion completa.,Finalizado,2026-03-18 00:00:00,2026-03-18 00:00:00,1343,Cliente informado,KTM,R15,Jose Ramirez,Fernando Herrera
1913,1134,5242,diagnostico y reparacion de evaluacion y escaneo segun solicitud del cliente.,Entregado,2026-03-01 00:00:00,2026-03-04 00:00:00,5748,Entregado,Yamaha,R15,Jose Ramirez,Francisco Blandon
1914,4858,2655,optimizacion del sistema pintura y sensores de estacionamiento debido a desgaste.,Finalizado,2026-03-16 00:00:00,2026-03-17 00:00:00,953,Cliente informado,KTM,NKD 125,Jose Ramirez,Edwin Chavez
1915,3587,4379,diagnostico y reparacion de embrague y diferencial incluyendo ajuste final.,Finalizado,2026-03-05 00:00:00,2026-03-06 00:00:00,1621,Cliente informado,KTM,Pulsar NS200,Carlos Mendoza,Francisco Blandon
1916,2144,4165,revision completa de diagnostico y escaneo segun solicitud del cliente.,Finalizado,2026-03-08 00:00:00,2026-03-09 00:00:00,2664,Entregado,Bajaj,Gixxer 250,Jose Ramirez,Carlos Mendoza
1917,2458,2190,optimizacion del sistema pintura y fibra de carbono para mejorar rendimiento.,Finalizado,2026-03-07 00:00:00,2026-03-08 00:00:00,2283,Cliente informado,Kawasaki,FT150,Jose Ramirez,Oscar Reyes
1918,3001,2769,inspeccion avanzada de motor de arranque y sensores y verificacion completa.,Finalizado,2026-03-21 00:00:00,2026-03-23 00:00:00,4219,Cliente informado,Italika,FZ16,Jose Ramirez,Brayan Silva
1919,4354,3217,correccion especializada de direccion y ciguenal por falla detectada.,Finalizado,2026-03-07 00:00:00,2026-02-25 00:00:00,2400,Cliente informado,Bajaj,Duke 390,Jose Ramirez,Roberto Flores
1920,1038,925,mantenimiento preventivo en motor de arranque y cableado incluyendo ajuste final.,Finalizado,2026-03-07 00:00:00,2026-03-08 00:00:00,1363,Entregado,Bajaj,MT-07,Carlos Mendoza,Oscar Reyes
1921,1732,3477,servicio integral para ciguenal y suspension incluyendo ajuste final.,Finalizado,2026-03-06 00:00:00,2026-03-10 00:00:00,4400,Cliente informado,Yamaha,Boxer 150,Jose Ramirez,Miguel Garcia
1922,4153,4138,servicio integral para encendido y motor de arranque incluyendo ajuste final.,Finalizado,2026-03-14 00:00:00,2026-03-16 00:00:00,1901,Entregado,Yamaha,NKD 125,Jose Ramirez,Victor Rivas
1923,4271,4746,servicio integral para bomba de agua y culata y verificacion completa.,Finalizado,2026-03-21 00:00:00,2026-03-25 00:00:00,6422,Entregado,Yamaha,R15,Carlos Mendoza,Oscar Reyes
1924,2860,5193,ajuste tecnico de culata y chasis por falla detectada.,Finalizado,2026-03-15 00:00:00,2026-03-15 00:00:00,3036,Cliente informado,Yamaha,CBR 600RR,Jose Ramirez,Steven Rocha
1925,2860,5193,correccion especializada de fallo electrico y alternador segun solicitud del cliente.,Finalizado,2026-03-15 00:00:00,2026-03-15 00:00:00,6104,Cliente informado,Bajaj,FZ16,Jose Ramirez,Brayan Silva
1926,3909,2476,ajuste tecnico de vinilado y vinilado para mejorar rendimiento.,Finalizado,2026-02-28 00:00:00,2026-03-01 00:00:00,1318,Entregado,Kawasaki,DM200,Carlos Mendoza,Samuel Cruz
1927,4969,3990,ajuste tecnico de carroceria y carroceria por falla detectada.,Finalizado,2026-03-23 00:00:00,2026-03-26 00:00:00,4119,Cliente informado,Suzuki,MT-07,Jose Ramirez,Fernando Herrera
1928,584,3889,mantenimiento preventivo en vinilado y pintura con pruebas posteriores.,Finalizado,2026-03-11 00:00:00,2026-03-15 00:00:00,1637,Entregado,Italika,GSX-R750,Jose Ramirez,Kevin Torres
1929,1554,4676,optimizacion del sistema alternador y alternador con pruebas posteriores.,Finalizado,2026-03-20 00:00:00,2026-03-22 00:00:00,5584,Cliente informado,KTM,FZ16,Carlos Mendoza,Andres Ruiz
1930,1401,3587,optimizacion del sistema lubricacion y lubricacion incluyendo ajuste final.,Finalizado,2026-03-24 00:00:00,2026-03-25 00:00:00,4513,Cliente informado,Suzuki,XR150L,Jose Ramirez,Javier Morales
1931,4041,2501,optimizacion del sistema suspension y arbol de levas y verificacion completa.,Finalizado,2026-03-01 00:00:00,2026-03-01 00:00:00,600,Cliente informado,Honda,Pulsar NS200,Carlos Mendoza,Kevin Torres
1932,1988,3917,instalacion y calibracion de alineacion y filtro de aceite incluyendo ajuste final.,Finalizado,2026-03-13 00:00:00,2026-03-17 00:00:00,2584,Entregado,Yamaha,FZ16,Jose Ramirez,Andres Ruiz
1933,4221,692,servicio integral para evaluacion y test por falla detectada.,Entregado,2026-03-18 00:00:00,2026-03-20 00:00:00,2392,Entregado,KTM,Duke 390,Jose Ramirez,Wilmer Soto
1934,4898,257,servicio integral para fallo electrico y encendido para mejorar rendimiento.,Finalizado,2026-03-13 00:00:00,2026-03-14 00:00:00,4507,Cliente informado,AKT,CBR 600RR,Jose Ramirez,Samuel Cruz
1935,2553,1018,servicio integral para filtro de aire y chequeo con pruebas posteriores.,Finalizado,2026-03-04 00:00:00,2026-03-08 00:00:00,1248,Cliente informado,AKT,Ninja 400,Jose Ramirez,Edwin Chavez
1936,3031,3545,revision completa de sensores y fallo electrico debido a desgaste.,Finalizado,2026-03-15 00:00:00,2026-03-05 00:00:00,4210,Cliente informado,AKT,Ninja 400,Jose Ramirez,Erick Gutierrez
1937,2388,5026,servicio integral para suspension deportiva y actualizacion de software para mejorar rendimiento.,Finalizado,2026-03-11 00:00:00,2026-03-11 00:00:00,2703,Cliente informado,Yamaha,Apache RTR 200,Jose Ramirez,Steven Rocha
1938,2881,1593,mantenimiento preventivo en evaluacion y falla con pruebas posteriores.,Finalizado,2026-03-05 00:00:00,2026-03-06 00:00:00,4211,Entregado,Kawasaki,FZ16,Carlos Mendoza,Oscar Reyes
1939,1767,2420,instalacion y calibracion de caja de cambios y frenos segun solicitud del cliente.,Finalizado,2026-03-22 00:00:00,2026-03-23 00:00:00,4648,Entregado,KTM,CB190R,Carlos Mendoza,Alexis Diaz
1940,1754,4107,revision completa de bateria y luces incluyendo ajuste final.,Finalizado,2026-03-03 00:00:00,2026-03-07 00:00:00,3033,Entregado,Kawasaki,CB190R,Jose Ramirez,Edwin Chavez
1941,3140,621,revision completa de alternador y sensores incluyendo ajuste final.,Finalizado,2026-03-09 00:00:00,2026-03-11 00:00:00,1378,Cliente informado,Italika,NKD 125,Carlos Mendoza,Francisco Blandon
1942,208,4349,optimizacion del sistema alternador y motor de arranque debido a desgaste.,Finalizado,2026-03-18 00:00:00,2026-03-21 00:00:00,3328,Entregado,Yamaha,NKD 125,Jose Ramirez,Julio Navarro
1943,1847,4268,mantenimiento preventivo en biela y suspension para mejorar rendimiento.,Finalizado,2026-03-24 00:00:00,2026-03-26 00:00:00,6213,Entregado,Suzuki,NKD 125,Carlos Mendoza,Javier Morales
1944,1376,1996,diagnostico y reparacion de luces y sensores y verificacion completa.,Finalizado,2026-03-17 00:00:00,2026-03-18 00:00:00,5093,Entregado,Suzuki,DM200,Jose Ramirez,Javier Morales
1945,2396,3570,servicio integral para test y ruido segun solicitud del cliente.,Finalizado,2026-03-10 00:00:00,2026-03-12 00:00:00,1963,Entregado,Suzuki,XR150L,Jose Ramirez,Edwin Chavez
1946,1681,1471,revision completa de cableado y centralita debido a desgaste.,Finalizado,2026-03-26 00:00:00,2026-03-26 00:00:00,5466,Entregado,Suzuki,XR150L,Jose Ramirez,Jose Ramirez
1947,2098,2476,diagnostico y reparacion de falla y escaneo y verificacion completa.,Finalizado,2026-03-17 00:00:00,2026-03-21 00:00:00,533,Entregado,Yamaha,Gixxer 250,Jose Ramirez,Cristian Molina
1948,4875,5237,optimizacion del sistema filtro de aire y alineacion incluyendo ajuste final.,Finalizado,2026-03-16 00:00:00,2026-03-19 00:00:00,680,Entregado,AKT,Z650,Carlos Mendoza,Steven Rocha
1949,2797,1674,revision completa de carroceria y distribucion para mejorar rendimiento.,Finalizado,2026-03-26 00:00:00,2026-03-27 00:00:00,3998,Entregado,TVS,Ninja 400,Jose Ramirez,Miguel Garcia
1950,2797,1674,inspeccion avanzada de audio y reprogramacion por falla detectada.,Finalizado,2026-03-26 00:00:00,2026-03-27 00:00:00,1780,Entregado,Bajaj,Duke 390,Jose Ramirez,Julio Navarro
1951,2021,167,ajuste tecnico de luces y cableado segun solicitud del cliente.,Finalizado,2026-03-21 00:00:00,2026-03-24 00:00:00,3148,Entregado,KTM,R15,Carlos Mendoza,Steven Rocha
1952,4209,3862,servicio integral para motor y radiador y verificacion completa.,Finalizado,2026-03-27 00:00:00,2026-03-27 00:00:00,761,Cliente informado,KTM,NKD 125,Carlos Mendoza,Daniel Castillo
1953,4189,1256,mantenimiento preventivo en sensores y sensores incluyendo ajuste final.,Finalizado,2026-03-25 00:00:00,2026-03-15 00:00:00,2980,Cliente informado,Italika,FZ16,Jose Ramirez,Henry Tellez
1954,2860,5193,inspeccion avanzada de diagnostico y falla y verificacion completa.,Finalizado,2026-03-15 00:00:00,2026-03-15 00:00:00,638,Cliente informado,Suzuki,CB190R,Jose Ramirez,Manuel Vargas
1955,1430,5059,servicio integral para caja de cambios y direccion incluyendo ajuste final.,Finalizado,2026-03-08 00:00:00,2026-03-12 00:00:00,2736,Cliente informado,Yamaha,RC 200,Jose Ramirez,Alexis Diaz
1956,694,5056,servicio integral para personalizacion y sonido por falla detectada.,Finalizado,2026-03-01 00:00:00,2026-03-04 00:00:00,5854,Entregado,Italika,RC 200,Jose Ramirez,Manuel Vargas
1957,4540,1036,diagnostico y reparacion de bujias y revision segun solicitud del cliente.,Finalizado,2026-03-12 00:00:00,2026-03-12 00:00:00,824,Entregado,Kawasaki,Ninja 400,Jose Ramirez,Henry Tellez
1958,3768,3163,correccion especializada de revision general y falla y verificacion completa.,Finalizado,2026-03-18 00:00:00,2026-03-21 00:00:00,2325,Entregado,Suzuki,FT150,Carlos Mendoza,Julio Navarro
1959,4891,1912,optimizacion del sistema transmision y amortiguadores y verificacion completa.,En proceso,2026-03-12 00:00:00,2026-03-12 00:00:00,2048,Entregado,Honda,Apache RTR 200,Carlos Mendoza,Daniel Castillo
1960,4214,1695,revision completa de llantas deportivas y actualizacion de software y verificacion completa.,Finalizado,2026-02-28 00:00:00,2026-03-02 00:00:00,5322,Cliente informado,Kawasaki,Gixxer 250,Carlos Mendoza,Andres Ruiz
1961,1064,4365,correccion especializada de alternador y alternador para mejorar rendimiento.,Finalizado,2026-02-28 00:00:00,2026-03-04 00:00:00,4481,Entregado,KTM,DM200,Jose Ramirez,Eduardo Castro
1962,1946,4566,optimizacion del sistema bomba de agua y bomba de agua para mejorar rendimiento.,Finalizado,2026-03-12 00:00:00,2026-03-14 00:00:00,5093,Entregado,Kawasaki,R15,Carlos Mendoza,Oscar Reyes
1963,135,606,instalacion y calibracion de turbo y escape deportivo segun solicitud del cliente.,Finalizado,2026-03-14 00:00:00,2026-03-15 00:00:00,599,Entregado,Suzuki,CB190R,Carlos Mendoza,Juan Perez
1964,4455,3528,correccion especializada de pantalla y cromado incluyendo ajuste final.,Finalizado,2026-03-20 00:00:00,2026-03-20 00:00:00,3074,Cliente informado,AKT,FZ16,Jose Ramirez,Wilmer Soto
1965,2146,3659,instalacion y calibracion de radiador y embrague segun solicitud del cliente.,Finalizado,2026-03-05 00:00:00,2026-03-06 00:00:00,5786,Entregado,Kawasaki,NKD 125,Jose Ramirez,Oscar Reyes
1966,1018,37,ajuste tecnico de fallo electrico y alternador por falla detectada.,Finalizado,2026-03-29 00:00:00,2026-03-31 00:00:00,2527,Cliente informado,Yamaha,GN125,Carlos Mendoza,Javier Morales
1967,4808,2204,mantenimiento preventivo en tuning y cambio color segun solicitud del cliente.,Finalizado,2026-03-04 00:00:00,2026-03-07 00:00:00,865,Entregado,Suzuki,Z650,Jose Ramirez,Juan Perez
1968,2257,3895,inspeccion avanzada de escaneo y revision general por falla detectada.,Finalizado,2026-03-15 00:00:00,2026-03-19 00:00:00,5922,Entregado,TVS,GN125,Carlos Mendoza,Juan Perez
1969,3319,3817,servicio integral para inspeccion y diagnostico para mejorar rendimiento.,Finalizado,2026-02-28 00:00:00,2026-03-02 00:00:00,4689,Cliente informado,Suzuki,Pulsar NS200,Jose Ramirez,Roberto Flores
1970,1376,1996,diagnostico y reparacion de filtro de aceite y revision debido a desgaste.,Finalizado,2026-03-17 00:00:00,2026-03-18 00:00:00,1658,Entregado,Honda,GN125,Carlos Mendoza,Roberto Flores
1971,1112,2367,servicio integral para inspeccion y evaluacion segun solicitud del cliente.,Finalizado,2026-03-17 00:00:00,2026-03-19 00:00:00,1596,Entregado,Bajaj,MT-07,Carlos Mendoza,Juan Perez
1972,4409,4511,correccion especializada de transmision y distribucion debido a desgaste.,Finalizado,2026-03-01 00:00:00,2026-03-03 00:00:00,514,Entregado,Yamaha,Pulsar NS200,Jose Ramirez,Fernando Herrera
1973,1616,1055,optimizacion del sistema aleron y modificacion debido a desgaste.,Finalizado,2026-03-18 00:00:00,2026-03-19 00:00:00,6296,Entregado,Honda,Z650,Jose Ramirez,Javier Morales
1974,753,2384,diagnostico y reparacion de niveles y niveles segun solicitud del cliente.,Finalizado,2026-03-22 00:00:00,2026-03-22 00:00:00,800,Cliente informado,Bajaj,CB190R,Jose Ramirez,Julio Navarro
1975,758,570,diagnostico y reparacion de escaneo y test por falla detectada.,Finalizado,2026-03-26 00:00:00,2026-03-27 00:00:00,5480,Cliente informado,Yamaha,Apache RTR 200,Carlos Mendoza,Juan Perez
1976,2931,1084,instalacion y calibracion de chequeo y evaluacion por falla detectada.,Finalizado,2026-03-18 00:00:00,2026-03-20 00:00:00,3092,Entregado,AKT,Ninja 400,Carlos Mendoza,Brayan Silva
1977,3102,4494,optimizacion del sistema cableado y encendido incluyendo ajuste final.,Finalizado,2026-03-27 00:00:00,2026-03-30 00:00:00,3081,Cliente informado,Yamaha,RC 200,Jose Ramirez,Victor Rivas
1978,808,1423,ajuste tecnico de frenos y chasis por falla detectada.,Finalizado,2026-03-28 00:00:00,2026-03-29 00:00:00,3730,Cliente informado,Honda,XR150L,Jose Ramirez,Julio Navarro
1979,2546,4930,ajuste tecnico de inspeccion y falla por falla detectada.,Finalizado,2026-03-15 00:00:00,2026-03-18 00:00:00,4942,Entregado,Yamaha,Boxer 150,Jose Ramirez,Cristian Molina
1980,4149,4791,optimizacion del sistema radiador y motor debido a desgaste.,Finalizado,2026-03-07 00:00:00,2026-03-11 00:00:00,2695,Cliente informado,Yamaha,Ninja 400,Carlos Mendoza,Henry Tellez
1981,800,5194,optimizacion del sistema encendido y encendido para mejorar rendimiento.,Finalizado,2026-03-01 00:00:00,2026-03-05 00:00:00,1529,Entregado,Yamaha,GSX-R750,Carlos Mendoza,Steven Rocha
1982,2931,1084,revision completa de suspension deportiva y modificacion por falla detectada.,Finalizado,2026-03-18 00:00:00,2026-03-20 00:00:00,6003,Entregado,Italika,FT150,Jose Ramirez,Julio Navarro
1983,4317,5047,instalacion y calibracion de ruido y revision general y verificacion completa.,Finalizado,2026-03-17 00:00:00,2026-03-18 00:00:00,4256,Cliente informado,Bajaj,RC 200,Carlos Mendoza,Samuel Cruz
1984,418,3159,diagnostico y reparacion de evaluacion y inspeccion para mejorar rendimiento.,Finalizado,2026-03-26 00:00:00,2026-03-28 00:00:00,638,Entregado,Italika,Ninja 400,Jose Ramirez,Carlos Mendoza
1985,1588,418,optimizacion del sistema revision general y test para mejorar rendimiento.,En proceso,2026-03-25 00:00:00,2026-03-26 00:00:00,5128,Entregado,Italika,FZ16,Carlos Mendoza,Javier Morales
1986,28,3267,diagnostico y reparacion de amortiguadores y suspension y verificacion completa.,Finalizado,2026-03-15 00:00:00,2026-03-18 00:00:00,1261,Cliente informado,Honda,FZ16,Carlos Mendoza,Victor Rivas
1987,2739,78,instalacion y calibracion de amortiguadores y caja de cambios incluyendo ajuste final.,Finalizado,2026-03-19 00:00:00,2026-03-09 00:00:00,517,Entregado,KTM,XR150L,Carlos Mendoza,Steven Rocha
1988,2918,3833,correccion especializada de amortiguadores y radiador para mejorar rendimiento.,Finalizado,2026-03-01 00:00:00,2026-03-01 00:00:00,3714,Entregado,Bajaj,FT150,Jose Ramirez,Mario Lopez
1989,3352,47,ajuste tecnico de alternador y encendido por falla detectada.,Finalizado,2026-03-05 00:00:00,2026-03-05 00:00:00,1166,Cliente informado,KTM,Ninja 400,Carlos Mendoza,Victor Rivas
1990,834,2118,inspeccion avanzada de revision y filtro de aire debido a desgaste.,Finalizado,2026-03-02 00:00:00,2026-02-20 00:00:00,2302,Cliente informado,Kawasaki,Ninja 400,Carlos Mendoza,Samuel Cruz
1991,3894,1817,instalacion y calibracion de direccion y amortiguadores debido a desgaste.,En proceso,2026-03-20 00:00:00,2026-03-22 00:00:00,5394,Cliente informado,Yamaha,Boxer 150,Carlos Mendoza,Alexis Diaz
1992,3795,4808,optimizacion del sistema chequeo y escaneo por falla detectada.,Finalizado,2026-03-05 00:00:00,2026-03-05 00:00:00,4658,Cliente informado,KTM,XR150L,Jose Ramirez,Samuel Cruz
1993,1238,3159,inspeccion avanzada de centralita y sensores debido a desgaste.,En proceso,2026-03-20 00:00:00,2026-03-21 00:00:00,6055,Entregado,TVS,FZ16,Jose Ramirez,Daniel Castillo
1994,3806,2037,correccion especializada de bujias y lubricacion segun solicitud del cliente.,Entregado,2026-03-15 00:00:00,2026-03-19 00:00:00,5361,Cliente informado,Yamaha,FZ16,Carlos Mendoza,Alexis Diaz
1995,4043,707,ajuste tecnico de culata y caja de cambios incluyendo ajuste final.,Finalizado,2026-03-04 00:00:00,2026-03-04 00:00:00,4473,Cliente informado,Suzuki,XR150L,Carlos Mendoza,Oscar Reyes
1996,4708,3694,diagnostico y reparacion de diagnostico y problema y verificacion completa.,Finalizado,2026-03-13 00:00:00,2026-03-16 00:00:00,6108,Cliente informado,Kawasaki,Gixxer 250,Carlos Mendoza,Kevin Torres
1997,2697,2328,correccion especializada de escaneo y escaneo y verificacion completa.,Finalizado,2026-03-25 00:00:00,2026-03-25 00:00:00,1546,Entregado,Italika,Apache RTR 200,Jose Ramirez,Henry Tellez
1998,2224,1264,servicio integral para caja de cambios y direccion segun solicitud del cliente.,Finalizado,2026-03-23 00:00:00,2026-03-26 00:00:00,4127,Cliente informado,Kawasaki,Apache RTR 200,Jose Ramirez,Julio Navarro
1999,2414,5134,inspeccion avanzada de alineacion y chequeo por falla detectada.,Finalizado,2026-03-17 00:00:00,2026-03-21 00:00:00,3548,Entregado,Bajaj,Apache RTR 200,Carlos Mendoza,Miguel Garcia
2000,4884,3833,revision completa de fibra de carbono y cromado debido a desgaste.,Finalizado,2026-03-05 00:00:00,2026-03-05 00:00:00,3174,Entregado,Yamaha,CBR 600RR,Carlos Mendoza,Steven Rocha
2001,295,2386,instalacion y calibracion de niveles y lubricacion para mejorar rendimiento.,Finalizado,2026-03-01 00:00:00,2026-03-03 00:00:00,5211,Entregado,Kawasaki,GN125,Carlos Mendoza,Manuel Vargas
2002,2887,4433,inspeccion avanzada de luces led y actualizacion de software incluyendo ajuste final.,Finalizado,2026-03-07 00:00:00,2026-03-09 00:00:00,1375,Entregado,KTM,NKD 125,Jose Ramirez,Juan Perez
2003,387,2342,correccion especializada de culata y bomba de agua para mejorar rendimiento.,Finalizado,2026-03-14 00:00:00,2026-03-15 00:00:00,6037,Entregado,Bajaj,CB190R,Jose Ramirez,Alexis Diaz
2004,4354,3217,optimizacion del sistema alineacion y lubricacion por falla detectada.,Finalizado,2026-03-07 00:00:00,2026-02-25 00:00:00,1571,Cliente informado,Suzuki,Ninja 400,Jose Ramirez,Juan Perez
2005,25,826,correccion especializada de falla y revision general segun solicitud del cliente.,Finalizado,2026-03-22 00:00:00,2026-03-22 00:00:00,5040,Entregado,Yamaha,MT-07,Jose Ramirez,Oscar Reyes
2006,3366,3626,diagnostico y reparacion de radiador y amortiguadores por falla detectada.,Finalizado,2026-03-09 00:00:00,2026-03-09 00:00:00,4085,Cliente informado,Italika,FT150,Jose Ramirez,Juan Perez
2007,3352,47,diagnostico y reparacion de bujias y bujias segun solicitud del cliente.,Finalizado,2026-03-05 00:00:00,2026-03-05 00:00:00,4866,Cliente informado,Honda,NKD 125,Carlos Mendoza,Wilmer Soto
2008,2774,3021,optimizacion del sistema motor de arranque y bateria para mejorar rendimiento.,En proceso,2026-03-24 00:00:00,2026-03-25 00:00:00,3880,Cliente informado,Suzuki,XR150L,Jose Ramirez,Brayan Silva
2009,1048,1982,optimizacion del sistema cableado y bateria y verificacion completa.,Finalizado,2026-03-15 00:00:00,2026-03-19 00:00:00,4308,Cliente informado,KTM,XR150L,Carlos Mendoza,Cristian Molina
2010,758,570,correccion especializada de cambio de aceite y filtro de aceite por falla detectada.,Finalizado,2026-03-26 00:00:00,2026-03-27 00:00:00,3259,Cliente informado,Honda,Duke 390,Jose Ramirez,Jose Ramirez
2011,3574,2443,instalacion y calibracion de cambio de aceite y cambio de aceite segun solicitud del cliente.,Finalizado,2026-03-26 00:00:00,2026-03-28 00:00:00,4238,Cliente informado,Honda,FZ16,Carlos Mendoza,Jose Ramirez
2012,4645,1560,servicio integral para culata y chasis con pruebas posteriores.,Finalizado,2026-03-15 00:00:00,2026-03-16 00:00:00,4005,Cliente informado,KTM,CB190R,Jose Ramirez,Samuel Cruz
2013,2613,4595,ajuste tecnico de balanceo y alineacion por falla detectada.,Finalizado,2026-03-11 00:00:00,2026-03-13 00:00:00,5932,Cliente informado,Bajaj,MT-07,Carlos Mendoza,Samuel Cruz
2014,1401,1351,revision completa de diferencial y diferencial debido a desgaste.,Finalizado,2026-03-28 00:00:00,2026-03-29 00:00:00,5596,Entregado,Yamaha,Boxer 150,Carlos Mendoza,Eduardo Castro
2015,1401,3587,ajuste tecnico de escaneo y test segun solicitud del cliente.,Finalizado,2026-03-24 00:00:00,2026-03-25 00:00:00,3605,Cliente informado,Suzuki,FT150,Jose Ramirez,Kevin Torres
2016,2617,2520,diagnostico y reparacion de biela y biela por falla detectada.,Finalizado,2026-03-11 00:00:00,2026-03-11 00:00:00,961,Cliente informado,KTM,RC 200,Carlos Mendoza,Eduardo Castro
2017,225,4981,servicio integral para sensores y centralita incluyendo ajuste final.,Finalizado,2026-03-03 00:00:00,2026-02-21 00:00:00,5815,Cliente informado,Yamaha,FZ16,Carlos Mendoza,Juan Perez
2018,3352,47,mantenimiento preventivo en chequeo y chequeo y verificacion completa.,Finalizado,2026-03-05 00:00:00,2026-03-05 00:00:00,6378,Cliente informado,AKT,NKD 125,Carlos Mendoza,Mario Lopez
2019,4106,2717,mantenimiento preventivo en sensores de estacionamiento y custom segun solicitud del cliente.,Finalizado,2026-03-21 00:00:00,2026-03-22 00:00:00,3358,Entregado,TVS,RC 200,Carlos Mendoza,Cristian Molina
2020,3543,4856,mantenimiento preventivo en chip y reprogramacion incluyendo ajuste final.,Finalizado,2026-03-27 00:00:00,2026-03-30 00:00:00,1857,Entregado,Suzuki,CB190R,Carlos Mendoza,Victor Rivas
2021,2848,4660,ajuste tecnico de pistones y diferencial con pruebas posteriores.,Finalizado,2026-03-22 00:00:00,2026-03-25 00:00:00,4087,Cliente informado,KTM,RC 200,Carlos Mendoza,Brayan Silva
2022,3961,4270,diagnostico y reparacion de revision y chequeo debido a desgaste.,Finalizado,2026-03-03 00:00:00,2026-03-05 00:00:00,1048,Entregado,Bajaj,Apache RTR 200,Carlos Mendoza,Miguel Garcia
2023,2146,3659,correccion especializada de inspeccion y falla por falla detectada.,Finalizado,2026-03-05 00:00:00,2026-03-06 00:00:00,4285,Entregado,AKT,MT-07,Carlos Mendoza,Oscar Reyes
2024,4041,2501,inspeccion avanzada de reprogramacion y llantas deportivas debido a desgaste.,Finalizado,2026-03-01 00:00:00,2026-03-01 00:00:00,6345,Cliente informado,Yamaha,MT-07,Carlos Mendoza,Victor Rivas
2025,2257,4992,diagnostico y reparacion de custom y luces led segun solicitud del cliente.,Finalizado,2026-03-25 00:00:00,2026-03-25 00:00:00,5547,Entregado,AKT,FT150,Carlos Mendoza,Manuel Vargas
2026,805,2413,inspeccion avanzada de bujias y revision con pruebas posteriores.,Finalizado,2026-03-26 00:00:00,2026-03-28 00:00:00,1662,Entregado,KTM,CBR 600RR,Jose Ramirez,Jose Ramirez
2027,2931,1084,mantenimiento preventivo en revision general y test incluyendo ajuste final.,Finalizado,2026-03-18 00:00:00,2026-03-20 00:00:00,1762,Entregado,Suzuki,Gixxer 250,Carlos Mendoza,Carlos Mendoza
2028,1650,2517,mantenimiento preventivo en velocidad y sensores de estacionamiento y verificacion completa.,Finalizado,2026-03-10 00:00:00,2026-03-11 00:00:00,4380,Cliente informado,KTM,Z650,Jose Ramirez,Julio Navarro
2029,2916,429,revision completa de problema y revision general con pruebas posteriores.,Finalizado,2026-03-14 00:00:00,2026-03-15 00:00:00,3342,Entregado,AKT,RC 200,Jose Ramirez,Mario Lopez
2030,820,2927,diagnostico y reparacion de cambio de aceite y balanceo incluyendo ajuste final.,Finalizado,2026-03-27 00:00:00,2026-03-27 00:00:00,5238,Cliente informado,AKT,XR150L,Jose Ramirez,Francisco Blandon
2031,3024,6,ajuste tecnico de ciguenal y frenos con pruebas posteriores.,Finalizado,2026-03-08 00:00:00,2026-03-10 00:00:00,5265,Cliente informado,Suzuki,XR150L,Carlos Mendoza,Alexis Diaz
2032,4650,3408,revision completa de pintura y camara y verificacion completa.,Finalizado,2026-03-08 00:00:00,2026-03-09 00:00:00,774,Entregado,Italika,R15,Carlos Mendoza,Juan Perez
2033,3088,1475,correccion especializada de motor de arranque y bateria debido a desgaste.,Finalizado,2026-03-23 00:00:00,2026-03-23 00:00:00,4904,Cliente informado,KTM,Z650,Jose Ramirez,Oscar Reyes
2034,278,3918,diagnostico y reparacion de sensores y alternador y verificacion completa.,Finalizado,2026-03-28 00:00:00,2026-03-30 00:00:00,2226,Entregado,TVS,GN125,Jose Ramirez,Brayan Silva
2035,1065,2208,diagnostico y reparacion de alineacion y filtro de aire segun solicitud del cliente.,Finalizado,2026-03-14 00:00:00,2026-03-16 00:00:00,5256,Entregado,Yamaha,Ninja 400,Jose Ramirez,Roberto Flores
2036,4649,3875,inspeccion avanzada de bateria y cableado con pruebas posteriores.,Finalizado,2026-03-09 00:00:00,2026-03-09 00:00:00,4786,Entregado,Italika,Gixxer 250,Carlos Mendoza,Manuel Vargas
2037,4801,4467,servicio integral para chasis y embrague segun solicitud del cliente.,Finalizado,2026-03-17 00:00:00,2026-03-07 00:00:00,3587,Cliente informado,Suzuki,Z650,Jose Ramirez,Jose Ramirez
2038,3200,4867,instalacion y calibracion de pintar carroceria y kit aerodinamico con pruebas posteriores.,Finalizado,2026-03-11 00:00:00,2026-03-15 00:00:00,4216,Cliente informado,Suzuki,GSX-R750,Carlos Mendoza,Cristian Molina
2039,2918,3833,diagnostico y reparacion de cableado y encendido incluyendo ajuste final.,Finalizado,2026-03-01 00:00:00,2026-03-01 00:00:00,4646,Entregado,KTM,CBR 600RR,Carlos Mendoza,Samuel Cruz
2040,4873,2053,mantenimiento preventivo en radiador y transmision por falla detectada.,Finalizado,2026-03-22 00:00:00,2026-03-22 00:00:00,5195,Cliente informado,KTM,Duke 390,Carlos Mendoza,Erick Gutierrez
2041,3273,4195,ajuste tecnico de chequeo y chequeo con pruebas posteriores.,Finalizado,2026-03-16 00:00:00,2026-03-19 00:00:00,4117,Cliente informado,Bajaj,Ninja 400,Jose Ramirez,Julio Navarro
2042,1399,2837,inspeccion avanzada de fallo electrico y sensores para mejorar rendimiento.,Finalizado,2026-03-04 00:00:00,2026-03-04 00:00:00,5243,Cliente informado,Kawasaki,Z650,Carlos Mendoza,Wilmer Soto
2043,1949,949,revision completa de filtro de aceite y revision debido a desgaste.,Finalizado,2026-03-12 00:00:00,2026-03-15 00:00:00,960,Entregado,Honda,Pulsar NS200,Carlos Mendoza,Juan Perez
2044,4127,3315,revision completa de evaluacion y chequeo por falla detectada.,Finalizado,2026-03-29 00:00:00,2026-03-30 00:00:00,2797,Cliente informado,KTM,FT150,Jose Ramirez,Carlos Mendoza
2045,1519,5237,instalacion y calibracion de turbo y gps segun solicitud del cliente.,Finalizado,2026-03-18 00:00:00,2026-03-22 00:00:00,6049,Cliente informado,AKT,R15,Carlos Mendoza,Eduardo Castro
2046,2670,60,ajuste tecnico de lubricacion y chequeo segun solicitud del cliente.,Finalizado,2026-03-20 00:00:00,2026-03-20 00:00:00,2250,Cliente informado,Yamaha,RC 200,Jose Ramirez,Samuel Cruz
2047,1974,4930,instalacion y calibracion de luces y fallo electrico por falla detectada.,Finalizado,2026-03-08 00:00:00,2026-03-10 00:00:00,3085,Entregado,AKT,R15,Jose Ramirez,Wilmer Soto
2048,1213,3594,servicio integral para chasis y embrague para mejorar rendimiento.,Finalizado,2026-03-12 00:00:00,2026-03-02 00:00:00,5417,Cliente informado,KTM,Apache RTR 200,Carlos Mendoza,Erick Gutierrez
2049,3344,852,diagnostico y reparacion de pintura y pintar carroceria segun solicitud del cliente.,Finalizado,2026-02-28 00:00:00,2026-03-04 00:00:00,5273,Entregado,Bajaj,Ninja 400,Carlos Mendoza,Roberto Flores
2050,1219,1710,optimizacion del sistema alineacion y alineacion debido a desgaste.,Finalizado,2026-03-08 00:00:00,2026-03-09 00:00:00,6313,Entregado,Kawasaki,CBR 600RR,Carlos Mendoza,Roberto Flores
2051,1048,1982,optimizacion del sistema llantas deportivas y actualizacion de software segun solicitud del cliente.,Finalizado,2026-03-15 00:00:00,2026-03-19 00:00:00,5087,Cliente informado,Italika,FT150,Jose Ramirez,Kevin Torres
2052,4369,4843,optimizacion del sistema sensores y centralita para mejorar rendimiento.,Finalizado,2026-03-07 00:00:00,2026-03-10 00:00:00,5601,Cliente informado,Yamaha,Pulsar NS200,Jose Ramirez,Edwin Chavez
2053,508,4268,correccion especializada de escaneo y inspeccion por falla detectada.,Entregado,2026-03-21 00:00:00,2026-03-21 00:00:00,5380,Cliente informado,Honda,RC 200,Jose Ramirez,Wilmer Soto
2054,4663,2877,optimizacion del sistema alternador y bateria incluyendo ajuste final.,Finalizado,2026-03-11 00:00:00,2026-03-01 00:00:00,3933,Entregado,Honda,RC 200,Jose Ramirez,Andres Ruiz
2055,795,2144,servicio integral para cambio de aceite y alineacion para mejorar rendimiento.,Finalizado,2026-03-20 00:00:00,2026-03-24 00:00:00,680,Cliente informado,Italika,XR150L,Carlos Mendoza,Mario Lopez
2056,3254,5214,diagnostico y reparacion de culata y distribucion segun solicitud del cliente.,Finalizado,2026-03-23 00:00:00,2026-03-25 00:00:00,5062,Cliente informado,Bajaj,NKD 125,Carlos Mendoza,Eduardo Castro
2057,28,3267,diagnostico y reparacion de ruido y test por falla detectada.,Finalizado,2026-03-15 00:00:00,2026-03-18 00:00:00,4580,Cliente informado,Suzuki,Gixxer 250,Carlos Mendoza,Juan Perez
2058,1758,826,mantenimiento preventivo en cambio de aceite y alineacion debido a desgaste.,Finalizado,2026-03-04 00:00:00,2026-03-04 00:00:00,5596,Entregado,Kawasaki,RC 200,Jose Ramirez,Francisco Blandon
2059,597,2954,optimizacion del sistema balanceo y filtro de aceite debido a desgaste.,Finalizado,2026-03-25 00:00:00,2026-03-27 00:00:00,6194,Cliente informado,Suzuki,Duke 390,Jose Ramirez,Oscar Reyes
2060,158,396,revision completa de fallo electrico y centralita y verificacion completa.,Finalizado,2026-03-04 00:00:00,2026-03-07 00:00:00,5027,Cliente informado,Yamaha,Boxer 150,Carlos Mendoza,Cristian Molina
2061,4684,4196,instalacion y calibracion de falla y escaneo segun solicitud del cliente.,Finalizado,2026-03-28 00:00:00,2026-04-01 00:00:00,3043,Entregado,Yamaha,RC 200,Jose Ramirez,Oscar Reyes
2062,207,1353,optimizacion del sistema direccion y motor para mejorar rendimiento.,Finalizado,2026-03-22 00:00:00,2026-03-22 00:00:00,2301,Entregado,Suzuki,Gixxer 250,Carlos Mendoza,Roberto Flores
2063,2806,5149,inspeccion avanzada de lubricacion y revision incluyendo ajuste final.,Finalizado,2026-03-29 00:00:00,2026-04-01 00:00:00,4326,Entregado,Bajaj,CBR 600RR,Jose Ramirez,Manuel Vargas
2064,4261,4486,diagnostico y reparacion de test y diagnostico debido a desgaste.,Finalizado,2026-03-07 00:00:00,2026-03-11 00:00:00,1544,Cliente informado,Suzuki,DM200,Carlos Mendoza,Kevin Torres
2065,3282,4548,inspeccion avanzada de ruido y revision general segun solicitud del cliente.,Finalizado,2026-03-24 00:00:00,2026-03-14 00:00:00,3886,Cliente informado,Kawasaki,DM200,Jose Ramirez,Edwin Chavez
2066,3657,4196,mantenimiento preventivo en frenos deportivos y fibra de carbono por falla detectada.,Finalizado,2026-03-14 00:00:00,2026-03-17 00:00:00,2013,Cliente informado,Yamaha,DM200,Jose Ramirez,Luis Martinez
2067,4518,4325,revision completa de sistema electrico y centralita con pruebas posteriores.,Finalizado,2026-03-01 00:00:00,2026-03-02 00:00:00,3115,Entregado,Suzuki,Ninja 400,Carlos Mendoza,Andres Ruiz
2068,1336,3821,correccion especializada de motor de arranque y encendido segun solicitud del cliente.,Finalizado,2026-03-20 00:00:00,2026-03-24 00:00:00,2752,Entregado,TVS,FZ16,Carlos Mendoza,Eduardo Castro
2069,691,4693,optimizacion del sistema niveles y filtro de aceite y verificacion completa.,Finalizado,2026-03-17 00:00:00,2026-03-21 00:00:00,5493,Cliente informado,Kawasaki,Apache RTR 200,Carlos Mendoza,Oscar Reyes
2070,2934,5128,correccion especializada de chequeo y inspeccion con pruebas posteriores.,Finalizado,2026-03-04 00:00:00,2026-02-22 00:00:00,2281,Entregado,Honda,Pulsar NS200,Carlos Mendoza,Samuel Cruz
2071,3492,5265,inspeccion avanzada de motor de arranque y sistema electrico con pruebas posteriores.,Finalizado,2026-03-24 00:00:00,2026-03-28 00:00:00,734,Cliente informado,KTM,GN125,Carlos Mendoza,Miguel Garcia
2072,836,1612,revision completa de escaneo y diagnostico incluyendo ajuste final.,Finalizado,2026-03-13 00:00:00,2026-03-17 00:00:00,683,Cliente informado,Honda,Pulsar NS200,Carlos Mendoza,Julio Navarro
2073,397,4584,instalacion y calibracion de calipers y kit aerodinamico por falla detectada.,Entregado,2026-03-03 00:00:00,2026-03-03 00:00:00,4655,Cliente informado,KTM,GN125,Jose Ramirez,Miguel Garcia
2074,4633,2016,mantenimiento preventivo en chequeo y escaneo segun solicitud del cliente.,Finalizado,2026-03-18 00:00:00,2026-03-18 00:00:00,1927,Cliente informado,Honda,CB190R,Carlos Mendoza,Daniel Castillo
2075,794,2564,diagnostico y reparacion de ruido y evaluacion debido a desgaste.,Finalizado,2026-03-05 00:00:00,2026-03-06 00:00:00,2492,Cliente informado,AKT,NKD 125,Jose Ramirez,Kevin Torres
2076,935,3572,servicio integral para encendido y luces para mejorar rendimiento.,Finalizado,2026-03-15 00:00:00,2026-03-17 00:00:00,1293,Entregado,Yamaha,R15,Carlos Mendoza,Oscar Reyes
2077,893,2689,diagnostico y reparacion de evaluacion y inspeccion por falla detectada.,Finalizado,2026-03-02 00:00:00,2026-02-20 00:00:00,563,Entregado,AKT,NKD 125,Carlos Mendoza,Edwin Chavez
2078,4631,2878,ajuste tecnico de cableado y alternador debido a desgaste.,Finalizado,2026-03-07 00:00:00,2026-03-07 00:00:00,2438,Entregado,KTM,DM200,Carlos Mendoza,Victor Rivas
2079,979,1369,correccion especializada de diagnostico y chequeo por falla detectada.,Finalizado,2026-03-18 00:00:00,2026-03-19 00:00:00,1210,Entregado,Yamaha,Pulsar NS200,Carlos Mendoza,Edwin Chavez
2080,3557,4343,servicio integral para luces y sistema electrico segun solicitud del cliente.,Finalizado,2026-03-12 00:00:00,2026-03-15 00:00:00,3788,Entregado,Bajaj,DM200,Carlos Mendoza,Edwin Chavez
2081,1392,2945,servicio integral para personalizacion y pintar carroceria segun solicitud del cliente.,Finalizado,2026-03-08 00:00:00,2026-02-26 00:00:00,897,Cliente informado,KTM,DM200,Carlos Mendoza,Wilmer Soto
2082,1032,1808,ajuste tecnico de diagnostico y falla incluyendo ajuste final.,Finalizado,2026-02-28 00:00:00,2026-03-01 00:00:00,5371,Cliente informado,Italika,XR150L,Jose Ramirez,Roberto Flores
2083,243,949,diagnostico y reparacion de balanceo y balanceo con pruebas posteriores.,En proceso,2026-03-01 00:00:00,2026-03-01 00:00:00,3421,Cliente informado,Yamaha,Z650,Jose Ramirez,Eduardo Castro
2084,3557,4343,revision completa de chasis y caja de cambios incluyendo ajuste final.,Finalizado,2026-03-12 00:00:00,2026-03-15 00:00:00,5068,Entregado,Bajaj,CBR 600RR,Jose Ramirez,Julio Navarro
2085,4289,905,correccion especializada de revision general y problema por falla detectada.,Finalizado,2026-03-08 00:00:00,2026-03-09 00:00:00,1351,Entregado,Yamaha,GSX-R750,Jose Ramirez,Luis Martinez
2086,2887,4433,ajuste tecnico de motor y bomba de agua y verificacion completa.,Finalizado,2026-03-07 00:00:00,2026-03-09 00:00:00,778,Entregado,AKT,MT-07,Jose Ramirez,Roberto Flores
2087,1542,4580,ajuste tecnico de chip y reprogramacion segun solicitud del cliente.,Finalizado,2026-03-18 00:00:00,2026-03-19 00:00:00,4779,Cliente informado,Suzuki,Ninja 400,Jose Ramirez,Alexis Diaz
2088,231,1844,mantenimiento preventivo en velocidad y pintura incluyendo ajuste final.,Finalizado,2026-03-18 00:00:00,2026-03-21 00:00:00,4317,Cliente informado,TVS,MT-07,Jose Ramirez,Julio Navarro
2089,4471,257,instalacion y calibracion de chequeo y filtro de aire incluyendo ajuste final.,Finalizado,2026-03-15 00:00:00,2026-03-17 00:00:00,4400,Entregado,Bajaj,DM200,Carlos Mendoza,Luis Martinez
2090,4369,4843,instalacion y calibracion de luces y sistema electrico incluyendo ajuste final.,Finalizado,2026-03-07 00:00:00,2026-03-10 00:00:00,6142,Cliente informado,KTM,Z650,Carlos Mendoza,Javier Morales
2091,4949,2492,optimizacion del sistema encendido y centralita segun solicitud del cliente.,Entregado,2026-03-01 00:00:00,2026-03-02 00:00:00,6278,Entregado,Yamaha,Duke 390,Carlos Mendoza,Daniel Castillo
2092,307,1393,mantenimiento preventivo en motor y carroceria y verificacion completa.,Finalizado,2026-03-25 00:00:00,2026-03-29 00:00:00,2264,Entregado,Kawasaki,Ninja 400,Jose Ramirez,Samuel Cruz
2093,3075,3364,inspeccion avanzada de lubricacion y filtro de aire con pruebas posteriores.,Finalizado,2026-03-13 00:00:00,2026-03-17 00:00:00,5479,Cliente informado,Yamaha,Pulsar NS200,Jose Ramirez,Oscar Reyes
2094,2312,1364,mantenimiento preventivo en revision general y ruido por falla detectada.,Finalizado,2026-03-01 00:00:00,2026-03-01 00:00:00,4744,Cliente informado,KTM,GN125,Carlos Mendoza,Cristian Molina
2095,1336,3821,diagnostico y reparacion de sensores y sistema electrico incluyendo ajuste final.,Finalizado,2026-03-20 00:00:00,2026-03-24 00:00:00,649,Entregado,Suzuki,XR150L,Jose Ramirez,Brayan Silva
2096,3541,2237,diagnostico y reparacion de suspension deportiva y frenos deportivos segun solicitud del cliente.,Finalizado,2026-03-13 00:00:00,2026-03-17 00:00:00,5969,Cliente informado,Bajaj,DM200,Jose Ramirez,Francisco Blandon
2097,4633,3663,instalacion y calibracion de chequeo y ruido por falla detectada.,Finalizado,2026-03-14 00:00:00,2026-03-18 00:00:00,3315,Cliente informado,Kawasaki,NKD 125,Jose Ramirez,Alexis Diaz
2098,4406,4924,instalacion y calibracion de escaneo y inspeccion segun solicitud del cliente.,En proceso,2026-03-11 00:00:00,2026-03-15 00:00:00,988,Entregado,Kawasaki,Z650,Jose Ramirez,Wilmer Soto
2099,2411,4957,correccion especializada de centralita y sensores por falla detectada.,Finalizado,2026-03-20 00:00:00,2026-03-23 00:00:00,4988,Cliente informado,Suzuki,DM200,Jose Ramirez,Alexis Diaz
2100,1444,3734,correccion especializada de bateria y sistema electrico para mejorar rendimiento.,Finalizado,2026-03-14 00:00:00,2026-03-18 00:00:00,1527,Entregado,Suzuki,MT-07,Jose Ramirez,Luis Martinez
2101,4404,4099,ajuste tecnico de chasis y direccion incluyendo ajuste final.,En proceso,2026-03-19 00:00:00,2026-03-22 00:00:00,735,Cliente informado,Yamaha,DM200,Carlos Mendoza,Kevin Torres
2102,1888,2719,optimizacion del sistema centralita y sistema electrico debido a desgaste.,Finalizado,2026-03-21 00:00:00,2026-03-23 00:00:00,2233,Cliente informado,KTM,R15,Carlos Mendoza,Juan Perez
2103,285,1039,ajuste tecnico de caja de cambios y diferencial debido a desgaste.,Finalizado,2026-03-25 00:00:00,2026-03-27 00:00:00,3768,Entregado,Italika,GSX-R750,Carlos Mendoza,Roberto Flores
2104,2388,5026,servicio integral para custom y estetico para mejorar rendimiento.,Finalizado,2026-03-11 00:00:00,2026-03-11 00:00:00,1064,Cliente informado,Italika,Duke 390,Jose Ramirez,Juan Perez
2105,783,192,mantenimiento preventivo en sistema electrico y sensores debido a desgaste.,Finalizado,2026-03-01 00:00:00,2026-03-04 00:00:00,6156,Cliente informado,Kawasaki,FT150,Jose Ramirez,Cristian Molina
2106,1911,4257,ajuste tecnico de polarizado y velocidad con pruebas posteriores.,Finalizado,2026-03-21 00:00:00,2026-03-11 00:00:00,5572,Entregado,Honda,GSX-R750,Jose Ramirez,Brayan Silva
2107,1008,1828,revision completa de turbo y vinilado incluyendo ajuste final.,Finalizado,2026-03-07 00:00:00,2026-03-09 00:00:00,6201,Entregado,Yamaha,MT-07,Carlos Mendoza,Wilmer Soto
2108,2146,3659,ajuste tecnico de embrague y culata por falla detectada.,Finalizado,2026-03-05 00:00:00,2026-03-06 00:00:00,1246,Entregado,Bajaj,CBR 600RR,Jose Ramirez,Manuel Vargas
2109,4223,2008,ajuste tecnico de pantalla y performance segun solicitud del cliente.,Finalizado,2026-03-19 00:00:00,2026-03-09 00:00:00,4416,Entregado,Suzuki,FZ16,Carlos Mendoza,Eduardo Castro
2110,2774,3021,mantenimiento preventivo en caja de cambios y biela debido a desgaste.,En proceso,2026-03-24 00:00:00,2026-03-25 00:00:00,4101,Cliente informado,Italika,Boxer 150,Carlos Mendoza,Kevin Torres
2111,2563,4306,optimizacion del sistema cambio de aceite y bujias para mejorar rendimiento.,Finalizado,2026-03-24 00:00:00,2026-03-28 00:00:00,4361,Cliente informado,Suzuki,Gixxer 250,Jose Ramirez,Samuel Cruz
2112,4165,3769,diagnostico y reparacion de sensores y fallo electrico debido a desgaste.,Finalizado,2026-03-14 00:00:00,2026-03-17 00:00:00,1720,Cliente informado,Kawasaki,Boxer 150,Carlos Mendoza,Eduardo Castro
2113,3636,3276,inspeccion avanzada de cambio de aceite y bujias por falla detectada.,Finalizado,2026-03-11 00:00:00,2026-03-13 00:00:00,1120,Entregado,Suzuki,Duke 390,Carlos Mendoza,Oscar Reyes
2114,299,1255,correccion especializada de evaluacion y problema con pruebas posteriores.,Finalizado,2026-03-23 00:00:00,2026-03-23 00:00:00,5110,Cliente informado,Yamaha,CB190R,Jose Ramirez,Miguel Garcia
2115,2970,4794,servicio integral para alineacion y bujias con pruebas posteriores.,En proceso,2026-03-24 00:00:00,2026-03-25 00:00:00,675,Entregado,Yamaha,FZ16,Jose Ramirez,Edwin Chavez
2116,4452,2306,optimizacion del sistema chip y gps segun solicitud del cliente.,Finalizado,2026-03-09 00:00:00,2026-03-13 00:00:00,3323,Cliente informado,Yamaha,Z650,Jose Ramirez,Miguel Garcia
2117,3806,2037,mantenimiento preventivo en lubricacion y revision y verificacion completa.,Entregado,2026-03-15 00:00:00,2026-03-19 00:00:00,2750,Cliente informado,Yamaha,XR150L,Jose Ramirez,Wilmer Soto
2118,4900,560,instalacion y calibracion de balanceo y niveles con pruebas posteriores.,Finalizado,2026-03-06 00:00:00,2026-03-07 00:00:00,1499,Cliente informado,AKT,FZ16,Carlos Mendoza,Luis Martinez
2119,1952,3674,inspeccion avanzada de fallo electrico y sensores segun solicitud del cliente.,Finalizado,2026-03-13 00:00:00,2026-03-14 00:00:00,2218,Cliente informado,Kawasaki,Duke 390,Jose Ramirez,Carlos Mendoza
2120,1368,708,optimizacion del sistema chip y audio con pruebas posteriores.,Finalizado,2026-03-19 00:00:00,2026-03-22 00:00:00,1336,Entregado,TVS,GN125,Jose Ramirez,Alexis Diaz
2121,52,2054,mantenimiento preventivo en inspeccion y problema y verificacion completa.,En proceso,2026-02-28 00:00:00,2026-03-03 00:00:00,1582,Entregado,AKT,Ninja 400,Carlos Mendoza,Steven Rocha
2122,4708,3694,correccion especializada de frenos y amortiguadores por falla detectada.,Finalizado,2026-03-13 00:00:00,2026-03-16 00:00:00,2031,Cliente informado,Honda,Apache RTR 200,Jose Ramirez,Daniel Castillo
2123,4545,405,inspeccion avanzada de embrague y embrague incluyendo ajuste final.,Finalizado,2026-02-28 00:00:00,2026-02-28 00:00:00,5045,Entregado,Honda,CBR 600RR,Jose Ramirez,Javier Morales
2124,3563,591,revision completa de motor de arranque y sensores debido a desgaste.,Finalizado,2026-03-24 00:00:00,2026-03-25 00:00:00,6312,Cliente informado,Honda,DM200,Jose Ramirez,Samuel Cruz
2125,4626,200,inspeccion avanzada de filtro de aceite y chequeo con pruebas posteriores.,Finalizado,2026-03-17 00:00:00,2026-03-07 00:00:00,4207,Entregado,KTM,DM200,Carlos Mendoza,Eduardo Castro
2126,4409,5122,diagnostico y reparacion de centralita y luces debido a desgaste.,Finalizado,2026-03-24 00:00:00,2026-03-25 00:00:00,4775,Entregado,Honda,DM200,Carlos Mendoza,Javier Morales
2127,3588,3089,optimizacion del sistema sonido y personalizacion debido a desgaste.,Entregado,2026-03-23 00:00:00,2026-03-26 00:00:00,2457,Entregado,Suzuki,R15,Carlos Mendoza,Alexis Diaz
2128,144,2369,ajuste tecnico de reprogramacion y luces led y verificacion completa.,Finalizado,2026-03-21 00:00:00,2026-03-25 00:00:00,1928,Cliente informado,Honda,GN125,Jose Ramirez,Oscar Reyes
2129,3513,2464,diagnostico y reparacion de suspension y ciguenal debido a desgaste.,Finalizado,2026-03-02 00:00:00,2026-03-05 00:00:00,4653,Cliente informado,Italika,Gixxer 250,Carlos Mendoza,Andres Ruiz
2130,2532,3999,ajuste tecnico de filtro de aire y bujias con pruebas posteriores.,Finalizado,2026-03-24 00:00:00,2026-03-25 00:00:00,4072,Entregado,AKT,NKD 125,Carlos Mendoza,Erick Gutierrez
2131,524,60,instalacion y calibracion de transmision y transmision debido a desgaste.,Finalizado,2026-03-06 00:00:00,2026-03-10 00:00:00,5974,Entregado,KTM,CB190R,Jose Ramirez,Miguel Garcia
2132,2769,2169,ajuste tecnico de suspension deportiva y pantalla por falla detectada.,Finalizado,2026-03-11 00:00:00,2026-03-15 00:00:00,6299,Entregado,Italika,Ninja 400,Carlos Mendoza,Mario Lopez
2133,299,1255,optimizacion del sistema alternador y encendido y verificacion completa.,Finalizado,2026-03-23 00:00:00,2026-03-23 00:00:00,2068,Cliente informado,Kawasaki,R15,Carlos Mendoza,Mario Lopez
2134,4409,4511,ajuste tecnico de eje y motor para mejorar rendimiento.,Finalizado,2026-03-01 00:00:00,2026-03-03 00:00:00,772,Entregado,TVS,Ninja 400,Jose Ramirez,Erick Gutierrez
2135,800,5194,instalacion y calibracion de revision y niveles debido a desgaste.,Finalizado,2026-03-01 00:00:00,2026-03-05 00:00:00,5188,Entregado,Kawasaki,RC 200,Carlos Mendoza,Kevin Torres
2136,2806,5149,instalacion y calibracion de alineacion y bujias y verificacion completa.,Finalizado,2026-03-29 00:00:00,2026-04-01 00:00:00,3972,Entregado,Bajaj,Pulsar NS200,Jose Ramirez,Andres Ruiz
2137,4192,1891,correccion especializada de custom y pintura y verificacion completa.,Finalizado,2026-03-19 00:00:00,2026-03-23 00:00:00,6099,Cliente informado,Suzuki,FT150,Carlos Mendoza,Fernando Herrera
2138,551,969,mantenimiento preventivo en cableado y encendido por falla detectada.,Finalizado,2026-03-18 00:00:00,2026-03-08 00:00:00,2214,Cliente informado,TVS,Gixxer 250,Jose Ramirez,Andres Ruiz
2139,1323,2386,optimizacion del sistema cableado y sistema electrico segun solicitud del cliente.,Entregado,2026-03-10 00:00:00,2026-03-12 00:00:00,5193,Cliente informado,Bajaj,GN125,Carlos Mendoza,Julio Navarro
2140,4317,5047,mantenimiento preventivo en ruido y problema incluyendo ajuste final.,Finalizado,2026-03-17 00:00:00,2026-03-18 00:00:00,5569,Cliente informado,Kawasaki,Z650,Jose Ramirez,Steven Rocha
2141,5,55,optimizacion del sistema direccion y bomba de agua y verificacion completa.,Finalizado,2026-03-11 00:00:00,2026-03-14 00:00:00,4136,Entregado,Suzuki,Boxer 150,Carlos Mendoza,Mario Lopez
2142,167,5295,inspeccion avanzada de motor y culata por falla detectada.,Finalizado,2026-02-28 00:00:00,2026-03-04 00:00:00,800,Cliente informado,Suzuki,GSX-R750,Carlos Mendoza,Brayan Silva
2143,741,5222,mantenimiento preventivo en ruido y falla incluyendo ajuste final.,Finalizado,2026-03-28 00:00:00,2026-03-29 00:00:00,6415,Entregado,Italika,CBR 600RR,Jose Ramirez,Miguel Garcia
2144,4955,2445,ajuste tecnico de revision general y evaluacion por falla detectada.,Entregado,2026-03-15 00:00:00,2026-03-15 00:00:00,1302,Cliente informado,Suzuki,Z650,Jose Ramirez,Victor Rivas
2145,2458,2190,revision completa de inspeccion y inspeccion para mejorar rendimiento.,Finalizado,2026-03-07 00:00:00,2026-03-08 00:00:00,4400,Cliente informado,TVS,CB190R,Carlos Mendoza,Miguel Garcia
2146,2659,4236,mantenimiento preventivo en bujias y balanceo para mejorar rendimiento.,Finalizado,2026-03-28 00:00:00,2026-04-01 00:00:00,6153,Cliente informado,Suzuki,FT150,Jose Ramirez,Eduardo Castro
2147,4393,2682,servicio integral para revision y revision segun solicitud del cliente.,Finalizado,2026-03-08 00:00:00,2026-03-09 00:00:00,3199,Cliente informado,Yamaha,Pulsar NS200,Carlos Mendoza,Julio Navarro
2148,201,1463,ajuste tecnico de cableado y fallo electrico para mejorar rendimiento.,Entregado,2026-03-17 00:00:00,2026-03-18 00:00:00,1750,Cliente informado,Kawasaki,XR150L,Carlos Mendoza,Samuel Cruz
2149,1916,3153,diagnostico y reparacion de sonido y personalizacion para mejorar rendimiento.,Finalizado,2026-02-28 00:00:00,2026-03-02 00:00:00,2968,Cliente informado,Yamaha,Duke 390,Carlos Mendoza,Wilmer Soto
2150,3813,2595,optimizacion del sistema encendido y centralita y verificacion completa.,Finalizado,2026-03-13 00:00:00,2026-03-15 00:00:00,4036,Entregado,AKT,CBR 600RR,Carlos Mendoza,Steven Rocha
2151,3492,5265,ajuste tecnico de alternador y luces incluyendo ajuste final.,Finalizado,2026-03-24 00:00:00,2026-03-28 00:00:00,3549,Cliente informado,Bajaj,Gixxer 250,Carlos Mendoza,Alexis Diaz
2152,2481,2099,correccion especializada de niveles y filtro de aire por falla detectada.,Finalizado,2026-03-07 00:00:00,2026-03-08 00:00:00,3953,Entregado,Yamaha,Z650,Carlos Mendoza,Juan Perez
2153,3424,2871,diagnostico y reparacion de bujias y filtro de aceite por falla detectada.,Finalizado,2026-03-15 00:00:00,2026-03-15 00:00:00,1290,Cliente informado,Yamaha,Boxer 150,Carlos Mendoza,Erick Gutierrez
2154,2780,4120,mantenimiento preventivo en revision y lubricacion debido a desgaste.,Finalizado,2026-03-11 00:00:00,2026-03-11 00:00:00,2131,Entregado,Suzuki,Duke 390,Jose Ramirez,Alexis Diaz
2155,3106,3926,mantenimiento preventivo en evaluacion y problema para mejorar rendimiento.,Finalizado,2026-03-19 00:00:00,2026-03-19 00:00:00,4156,Entregado,Yamaha,Duke 390,Jose Ramirez,Edwin Chavez
2156,2970,4794,diagnostico y reparacion de encendido y cableado incluyendo ajuste final.,En proceso,2026-03-24 00:00:00,2026-03-25 00:00:00,4460,Entregado,Italika,FT150,Jose Ramirez,Steven Rocha
2157,4715,2721,servicio integral para sistema electrico y motor de arranque incluyendo ajuste final.,Finalizado,2026-03-01 00:00:00,2026-03-01 00:00:00,3309,Cliente informado,Italika,GN125,Jose Ramirez,Luis Martinez
2158,466,331,correccion especializada de filtro de aceite y lubricacion por falla detectada.,Finalizado,2026-03-10 00:00:00,2026-03-10 00:00:00,5103,Cliente informado,Italika,CB190R,Jose Ramirez,Cristian Molina
2159,1504,2716,instalacion y calibracion de filtro de aire y chequeo y verificacion completa.,Finalizado,2026-03-07 00:00:00,2026-03-10 00:00:00,5405,Entregado,Italika,Apache RTR 200,Carlos Mendoza,Juan Perez
2160,3079,4340,diagnostico y reparacion de filtro de aceite y filtro de aire incluyendo ajuste final.,Finalizado,2026-03-26 00:00:00,2026-03-30 00:00:00,3442,Cliente informado,Suzuki,R15,Carlos Mendoza,Erick Gutierrez
2161,2521,3314,ajuste tecnico de fibra de carbono y frenos deportivos debido a desgaste.,Finalizado,2026-03-06 00:00:00,2026-03-08 00:00:00,4652,Entregado,Suzuki,Pulsar NS200,Carlos Mendoza,Julio Navarro
2162,4317,5047,optimizacion del sistema suspension y pistones con pruebas posteriores.,Finalizado,2026-03-17 00:00:00,2026-03-18 00:00:00,4730,Cliente informado,Kawasaki,GSX-R750,Jose Ramirez,Erick Gutierrez
2163,4880,2346,servicio integral para fallo electrico y sensores por falla detectada.,Finalizado,2026-03-22 00:00:00,2026-03-25 00:00:00,3775,Cliente informado,Suzuki,Ninja 400,Jose Ramirez,Carlos Mendoza
2164,4153,4138,servicio integral para biela y biela incluyendo ajuste final.,Finalizado,2026-03-14 00:00:00,2026-03-16 00:00:00,1750,Entregado,Suzuki,DM200,Jose Ramirez,Roberto Flores
2165,84,1427,inspeccion avanzada de suspension deportiva y pintar carroceria y verificacion completa.,Finalizado,2026-03-10 00:00:00,2026-03-12 00:00:00,5155,Entregado,Italika,Gixxer 250,Carlos Mendoza,Wilmer Soto
2166,4068,1264,optimizacion del sistema fibra de carbono y sonido debido a desgaste.,En proceso,2026-03-26 00:00:00,2026-03-26 00:00:00,6019,Cliente informado,Suzuki,GN125,Jose Ramirez,Wilmer Soto
2167,2774,3021,ajuste tecnico de test y evaluacion debido a desgaste.,En proceso,2026-03-24 00:00:00,2026-03-25 00:00:00,1546,Cliente informado,Honda,GSX-R750,Carlos Mendoza,Alexis Diaz
2168,1988,1627,optimizacion del sistema amortiguadores y frenos para mejorar rendimiento.,Finalizado,2026-03-29 00:00:00,2026-03-30 00:00:00,5446,Cliente informado,Honda,DM200,Jose Ramirez,Oscar Reyes
2169,2411,4957,optimizacion del sistema escape deportivo y performance debido a desgaste.,Finalizado,2026-03-20 00:00:00,2026-03-23 00:00:00,5710,Cliente informado,KTM,Z650,Jose Ramirez,Miguel Garcia
2170,282,1951,instalacion y calibracion de encendido y bateria incluyendo ajuste final.,Finalizado,2026-03-25 00:00:00,2026-03-15 00:00:00,2468,Entregado,Bajaj,R15,Jose Ramirez,Wilmer Soto
2171,3153,1612,inspeccion avanzada de chasis y eje por falla detectada.,Finalizado,2026-03-29 00:00:00,2026-04-01 00:00:00,3113,Cliente informado,Honda,GN125,Jose Ramirez,Roberto Flores
2172,814,325,optimizacion del sistema problema y problema y verificacion completa.,Finalizado,2026-03-17 00:00:00,2026-03-20 00:00:00,1453,Entregado,Italika,DM200,Carlos Mendoza,Erick Gutierrez
2173,1888,2719,instalacion y calibracion de sensores y sistema electrico y verificacion completa.,Finalizado,2026-03-21 00:00:00,2026-03-23 00:00:00,5155,Cliente informado,Yamaha,RC 200,Carlos Mendoza,Victor Rivas
2174,2353,2595,optimizacion del sistema amortiguadores y bomba de agua incluyendo ajuste final.,Finalizado,2026-03-10 00:00:00,2026-03-11 00:00:00,2747,Entregado,Yamaha,NKD 125,Carlos Mendoza,Samuel Cruz
2175,2143,2424,ajuste tecnico de sistema electrico y alternador y verificacion completa.,Finalizado,2026-03-02 00:00:00,2026-03-05 00:00:00,1348,Entregado,Kawasaki,XR150L,Jose Ramirez,Mario Lopez
2176,3535,3808,optimizacion del sistema revision general y evaluacion para mejorar rendimiento.,Finalizado,2026-03-10 00:00:00,2026-03-14 00:00:00,5971,Cliente informado,Honda,Apache RTR 200,Jose Ramirez,Fernando Herrera
2177,1752,4569,diagnostico y reparacion de actualizacion de software y frenos deportivos por falla detectada.,Finalizado,2026-03-17 00:00:00,2026-03-21 00:00:00,5754,Entregado,Yamaha,Z650,Jose Ramirez,Roberto Flores
2178,4160,110,inspeccion avanzada de tuning y tuning y verificacion completa.,Finalizado,2026-03-22 00:00:00,2026-03-22 00:00:00,3925,Cliente informado,Suzuki,MT-07,Carlos Mendoza,Victor Rivas
2179,3962,1533,servicio integral para chequeo y problema incluyendo ajuste final.,Finalizado,2026-03-29 00:00:00,2026-03-31 00:00:00,4014,Cliente informado,Suzuki,GN125,Carlos Mendoza,Alexis Diaz
2180,4204,3572,optimizacion del sistema potencia y turbo con pruebas posteriores.,Finalizado,2026-03-07 00:00:00,2026-03-09 00:00:00,6090,Cliente informado,Kawasaki,CBR 600RR,Jose Ramirez,Daniel Castillo
2181,1344,3238,correccion especializada de falla y chequeo para mejorar rendimiento.,Finalizado,2026-03-07 00:00:00,2026-03-08 00:00:00,5924,Entregado,Suzuki,GN125,Jose Ramirez,Steven Rocha
2182,892,4236,correccion especializada de alternador y centralita segun solicitud del cliente.,Finalizado,2026-03-04 00:00:00,2026-03-05 00:00:00,6470,Cliente informado,Bajaj,Duke 390,Jose Ramirez,Erick Gutierrez
2183,2396,3570,ajuste tecnico de inspeccion y diagnostico para mejorar rendimiento.,Finalizado,2026-03-10 00:00:00,2026-03-12 00:00:00,4989,Entregado,Bajaj,GN125,Jose Ramirez,Oscar Reyes
2184,3517,3276,inspeccion avanzada de frenos deportivos y tuning y verificacion completa.,Finalizado,2026-03-01 00:00:00,2026-03-02 00:00:00,3927,Cliente informado,Honda,Apache RTR 200,Carlos Mendoza,Cristian Molina
2185,4416,773,mantenimiento preventivo en sistema electrico y sensores y verificacion completa.,Finalizado,2026-03-07 00:00:00,2026-03-10 00:00:00,5107,Entregado,AKT,FZ16,Jose Ramirez,Julio Navarro
2186,2792,791,mantenimiento preventivo en sistema electrico y alternador con pruebas posteriores.,Finalizado,2026-03-27 00:00:00,2026-03-28 00:00:00,5839,Entregado,Yamaha,RC 200,Jose Ramirez,Mario Lopez
2187,3894,1817,inspeccion avanzada de pintura y vinilado debido a desgaste.,En proceso,2026-03-20 00:00:00,2026-03-22 00:00:00,3686,Cliente informado,Yamaha,XR150L,Carlos Mendoza,Francisco Blandon
2188,1527,4118,ajuste tecnico de revision y cambio de aceite por falla detectada.,Finalizado,2026-03-06 00:00:00,2026-03-07 00:00:00,1903,Entregado,Yamaha,RC 200,Carlos Mendoza,Cristian Molina
2189,4165,3769,optimizacion del sistema balanceo y niveles incluyendo ajuste final.,Finalizado,2026-03-14 00:00:00,2026-03-17 00:00:00,5777,Cliente informado,KTM,R15,Jose Ramirez,Manuel Vargas
2190,4301,1700,mantenimiento preventivo en embrague y ciguenal debido a desgaste.,Finalizado,2026-03-25 00:00:00,2026-03-27 00:00:00,1533,Entregado,Bajaj,FZ16,Jose Ramirez,Luis Martinez
2191,1508,3606,servicio integral para caja de cambios y amortiguadores por falla detectada.,Finalizado,2026-03-26 00:00:00,2026-03-27 00:00:00,4797,Entregado,Yamaha,MT-07,Carlos Mendoza,Steven Rocha
2192,68,5160,ajuste tecnico de motor y caja de cambios para mejorar rendimiento.,Finalizado,2026-03-25 00:00:00,2026-03-27 00:00:00,5256,Entregado,Bajaj,NKD 125,Carlos Mendoza,Daniel Castillo
2193,3885,3774,mantenimiento preventivo en pistones y embrague para mejorar rendimiento.,Finalizado,2026-03-15 00:00:00,2026-03-18 00:00:00,1995,Cliente informado,KTM,NKD 125,Carlos Mendoza,Mario Lopez
2194,4674,4810,inspeccion avanzada de diferencial y direccion segun solicitud del cliente.,Finalizado,2026-03-12 00:00:00,2026-03-02 00:00:00,1758,Entregado,Suzuki,GSX-R750,Carlos Mendoza,Julio Navarro
2195,1371,1253,diagnostico y reparacion de motor de arranque y encendido por falla detectada.,Finalizado,2026-03-24 00:00:00,2026-03-25 00:00:00,2466,Cliente informado,Yamaha,R15,Jose Ramirez,Erick Gutierrez
2196,3106,3926,instalacion y calibracion de evaluacion y diagnostico para mejorar rendimiento.,Finalizado,2026-03-19 00:00:00,2026-03-19 00:00:00,4323,Entregado,Honda,CBR 600RR,Carlos Mendoza,Edwin Chavez
2197,4471,257,inspeccion avanzada de fallo electrico y alternador con pruebas posteriores.,Finalizado,2026-03-15 00:00:00,2026-03-17 00:00:00,1411,Entregado,Yamaha,RC 200,Carlos Mendoza,Oscar Reyes
2198,552,1625,correccion especializada de falla y evaluacion incluyendo ajuste final.,Finalizado,2026-03-24 00:00:00,2026-03-26 00:00:00,5724,Cliente informado,KTM,Duke 390,Carlos Mendoza,Kevin Torres
2199,3688,429,ajuste tecnico de chequeo y bujias incluyendo ajuste final.,Finalizado,2026-03-01 00:00:00,2026-03-04 00:00:00,3020,Cliente informado,Honda,Z650,Carlos Mendoza,Cristian Molina
2200,4127,3408,mantenimiento preventivo en encendido y motor de arranque para mejorar rendimiento.,Finalizado,2026-03-02 00:00:00,2026-02-20 00:00:00,4449,Entregado,Kawasaki,Duke 390,Jose Ramirez,Edwin Chavez
2201,4894,2139,mantenimiento preventivo en alternador y alternador por falla detectada.,Entregado,2026-03-03 00:00:00,2026-03-07 00:00:00,1603,Cliente informado,Yamaha,FZ16,Jose Ramirez,Manuel Vargas
2202,338,940,ajuste tecnico de alineacion y revision para mejorar rendimiento.,Finalizado,2026-03-04 00:00:00,2026-03-06 00:00:00,5238,Entregado,Honda,GSX-R750,Jose Ramirez,Jose Ramirez
2203,814,325,servicio integral para bujias y filtro de aceite y verificacion completa.,Finalizado,2026-03-17 00:00:00,2026-03-20 00:00:00,1408,Entregado,Italika,Z650,Carlos Mendoza,Roberto Flores
2204,4140,4513,mantenimiento preventivo en test y revision general segun solicitud del cliente.,Finalizado,2026-03-08 00:00:00,2026-03-08 00:00:00,1517,Cliente informado,Honda,Boxer 150,Carlos Mendoza,Juan Perez
2205,3400,4385,servicio integral para transmision y transmision para mejorar rendimiento.,Entregado,2026-03-03 00:00:00,2026-03-06 00:00:00,2703,Cliente informado,Suzuki,FT150,Jose Ramirez,Edwin Chavez
2206,2888,5215,mantenimiento preventivo en inspeccion y ruido con pruebas posteriores.,Finalizado,2026-03-04 00:00:00,2026-03-05 00:00:00,4933,Entregado,KTM,Pulsar NS200,Carlos Mendoza,Edwin Chavez
2207,4271,4746,servicio integral para audio y pintar carroceria y verificacion completa.,Finalizado,2026-03-21 00:00:00,2026-03-25 00:00:00,5408,Entregado,Honda,CB190R,Carlos Mendoza,Victor Rivas
2208,338,940,diagnostico y reparacion de motor y chasis segun solicitud del cliente.,Finalizado,2026-03-04 00:00:00,2026-03-06 00:00:00,5812,Entregado,TVS,R15,Jose Ramirez,Carlos Mendoza
2209,2016,4735,servicio integral para distribucion y arbol de levas incluyendo ajuste final.,Finalizado,2026-03-04 00:00:00,2026-03-04 00:00:00,2891,Entregado,Suzuki,Duke 390,Carlos Mendoza,Henry Tellez
2210,4741,3736,servicio integral para bateria y alternador debido a desgaste.,Finalizado,2026-03-14 00:00:00,2026-03-17 00:00:00,1942,Entregado,Italika,Ninja 400,Carlos Mendoza,Miguel Garcia
2211,1082,2241,ajuste tecnico de cambio de aceite y lubricacion para mejorar rendimiento.,Finalizado,2026-03-28 00:00:00,2026-03-28 00:00:00,1136,Cliente informado,Honda,Apache RTR 200,Jose Ramirez,Henry Tellez
2212,3262,1103,ajuste tecnico de alternador y sensores con pruebas posteriores.,Finalizado,2026-03-20 00:00:00,2026-03-21 00:00:00,3296,Cliente informado,Suzuki,Ninja 400,Jose Ramirez,Roberto Flores
2213,2153,4349,ajuste tecnico de evaluacion y falla y verificacion completa.,Finalizado,2026-03-25 00:00:00,2026-03-28 00:00:00,5242,Cliente informado,Suzuki,Ninja 400,Jose Ramirez,Kevin Torres
2214,1285,565,revision completa de radiador y chasis por falla detectada.,Finalizado,2026-03-06 00:00:00,2026-02-24 00:00:00,6410,Entregado,Suzuki,NKD 125,Carlos Mendoza,Eduardo Castro
2215,4017,3408,diagnostico y reparacion de filtro de aire y lubricacion debido a desgaste.,Finalizado,2026-03-23 00:00:00,2026-03-23 00:00:00,6227,Cliente informado,Suzuki,R15,Jose Ramirez,Javier Morales
2216,2301,2406,inspeccion avanzada de revision general y test segun solicitud del cliente.,Finalizado,2026-03-13 00:00:00,2026-03-14 00:00:00,5477,Entregado,Suzuki,GSX-R750,Jose Ramirez,Henry Tellez
2217,741,5222,instalacion y calibracion de fallo electrico y bateria con pruebas posteriores.,Finalizado,2026-03-28 00:00:00,2026-03-29 00:00:00,1648,Entregado,Honda,RC 200,Jose Ramirez,Cristian Molina
2218,1856,3063,mantenimiento preventivo en motor de arranque y alternador segun solicitud del cliente.,Finalizado,2026-03-01 00:00:00,2026-03-03 00:00:00,1153,Cliente informado,Bajaj,Pulsar NS200,Carlos Mendoza,Francisco Blandon
2219,1649,773,ajuste tecnico de lubricacion y lubricacion y verificacion completa.,Finalizado,2026-03-16 00:00:00,2026-03-16 00:00:00,787,Entregado,Honda,Boxer 150,Carlos Mendoza,Erick Gutierrez
2220,4369,4843,mantenimiento preventivo en culata y embrague para mejorar rendimiento.,Finalizado,2026-03-07 00:00:00,2026-03-10 00:00:00,3921,Cliente informado,Italika,FZ16,Jose Ramirez,Oscar Reyes
2221,2200,479,servicio integral para cableado y fallo electrico incluyendo ajuste final.,Finalizado,2026-03-07 00:00:00,2026-02-25 00:00:00,1490,Cliente informado,Yamaha,GSX-R750,Carlos Mendoza,Francisco Blandon
2222,52,2054,instalacion y calibracion de revision y filtro de aire con pruebas posteriores.,En proceso,2026-02-28 00:00:00,2026-03-03 00:00:00,613,Entregado,Italika,Apache RTR 200,Jose Ramirez,Jose Ramirez
2223,2297,2569,correccion especializada de filtro de aceite y lubricacion segun solicitud del cliente.,Finalizado,2026-03-03 00:00:00,2026-03-03 00:00:00,4959,Cliente informado,Italika,MT-07,Jose Ramirez,Jose Ramirez
2224,1898,4483,servicio integral para chequeo y alineacion y verificacion completa.,Finalizado,2026-03-18 00:00:00,2026-03-22 00:00:00,1103,Entregado,Kawasaki,Boxer 150,Jose Ramirez,Erick Gutierrez
2225,2122,189,servicio integral para polarizado y chip para mejorar rendimiento.,Finalizado,2026-03-03 00:00:00,2026-03-04 00:00:00,2619,Cliente informado,KTM,DM200,Jose Ramirez,Erick Gutierrez
2226,1213,3594,mantenimiento preventivo en arbol de levas y transmision y verificacion completa.,Finalizado,2026-03-12 00:00:00,2026-03-02 00:00:00,1214,Cliente informado,AKT,R15,Jose Ramirez,Alexis Diaz
2227,480,3819,inspeccion avanzada de personalizacion y cromado incluyendo ajuste final.,Finalizado,2026-03-09 00:00:00,2026-03-09 00:00:00,5573,Entregado,Bajaj,FZ16,Jose Ramirez,Steven Rocha
2228,3786,493,ajuste tecnico de sistema electrico y luces para mejorar rendimiento.,Finalizado,2026-03-12 00:00:00,2026-03-13 00:00:00,5996,Cliente informado,Suzuki,CBR 600RR,Carlos Mendoza,Miguel Garcia
2229,397,4584,optimizacion del sistema encendido y centralita para mejorar rendimiento.,Entregado,2026-03-03 00:00:00,2026-03-03 00:00:00,5372,Cliente informado,Bajaj,DM200,Carlos Mendoza,Oscar Reyes
2230,2795,3364,revision completa de ruido y diagnostico por falla detectada.,Entregado,2026-03-09 00:00:00,2026-03-10 00:00:00,2406,Cliente informado,Honda,FT150,Carlos Mendoza,Miguel Garcia
2231,2486,93,diagnostico y reparacion de motor y ciguenal con pruebas posteriores.,Finalizado,2026-03-09 00:00:00,2026-03-11 00:00:00,3843,Cliente informado,Bajaj,DM200,Carlos Mendoza,Francisco Blandon
2232,4927,60,instalacion y calibracion de inspeccion y problema con pruebas posteriores.,Finalizado,2026-02-28 00:00:00,2026-02-28 00:00:00,5424,Cliente informado,Italika,Ninja 400,Carlos Mendoza,Francisco Blandon
2233,3642,3490,mantenimiento preventivo en inspeccion y evaluacion segun solicitud del cliente.,Finalizado,2026-03-20 00:00:00,2026-03-24 00:00:00,5951,Entregado,Honda,Z650,Jose Ramirez,Jose Ramirez
2234,3615,2346,diagnostico y reparacion de diagnostico y escaneo con pruebas posteriores.,Finalizado,2026-03-20 00:00:00,2026-03-21 00:00:00,6161,Entregado,AKT,CB190R,Jose Ramirez,Steven Rocha
2235,2021,167,mantenimiento preventivo en lubricacion y balanceo segun solicitud del cliente.,Finalizado,2026-03-21 00:00:00,2026-03-24 00:00:00,4903,Entregado,Bajaj,Gixxer 250,Jose Ramirez,Carlos Mendoza
2236,341,5027,servicio integral para ciguenal y motor y verificacion completa.,Finalizado,2026-03-10 00:00:00,2026-03-12 00:00:00,1800,Entregado,AKT,GN125,Jose Ramirez,Cristian Molina
2237,151,2399,optimizacion del sistema chequeo y revision por falla detectada.,Finalizado,2026-03-23 00:00:00,2026-03-26 00:00:00,5820,Cliente informado,Honda,NKD 125,Carlos Mendoza,Fernando Herrera
2238,4191,4269,optimizacion del sistema encendido y bateria con pruebas posteriores.,Finalizado,2026-03-07 00:00:00,2026-03-10 00:00:00,3382,Entregado,Yamaha,Apache RTR 200,Jose Ramirez,Jose Ramirez
2239,2303,2554,diagnostico y reparacion de falla y test debido a desgaste.,Finalizado,2026-03-07 00:00:00,2026-03-10 00:00:00,3609,Cliente informado,Kawasaki,MT-07,Carlos Mendoza,Eduardo Castro
2240,802,4732,ajuste tecnico de tuning y llantas deportivas incluyendo ajuste final.,Finalizado,2026-03-09 00:00:00,2026-03-13 00:00:00,667,Cliente informado,TVS,Duke 390,Carlos Mendoza,Alexis Diaz
2241,4261,4486,revision completa de alineacion y niveles segun solicitud del cliente.,Finalizado,2026-03-07 00:00:00,2026-03-11 00:00:00,1943,Cliente informado,Yamaha,XR150L,Jose Ramirez,Francisco Blandon
2242,2143,2424,revision completa de direccion y suspension y verificacion completa.,Finalizado,2026-03-02 00:00:00,2026-03-05 00:00:00,6312,Entregado,Honda,NKD 125,Jose Ramirez,Edwin Chavez
2243,3570,2827,correccion especializada de inspeccion y chequeo debido a desgaste.,Finalizado,2026-03-17 00:00:00,2026-03-21 00:00:00,665,Cliente informado,KTM,FZ16,Carlos Mendoza,Miguel Garcia
2244,4483,2879,diagnostico y reparacion de alternador y encendido debido a desgaste.,Finalizado,2026-03-24 00:00:00,2026-03-25 00:00:00,4099,Cliente informado,Bajaj,Pulsar NS200,Carlos Mendoza,Wilmer Soto
2245,1125,1078,instalacion y calibracion de sensores y encendido para mejorar rendimiento.,Finalizado,2026-03-11 00:00:00,2026-03-15 00:00:00,5577,Cliente informado,Kawasaki,CB190R,Jose Ramirez,Erick Gutierrez
2246,1988,1627,inspeccion avanzada de embrague y direccion segun solicitud del cliente.,Finalizado,2026-03-29 00:00:00,2026-03-30 00:00:00,1645,Cliente informado,Yamaha,GSX-R750,Carlos Mendoza,Wilmer Soto
2247,2651,1362,ajuste tecnico de centralita y encendido segun solicitud del cliente.,Finalizado,2026-03-14 00:00:00,2026-03-14 00:00:00,5417,Cliente informado,Honda,Gixxer 250,Carlos Mendoza,Edwin Chavez
2248,4538,1533,instalacion y calibracion de motor y bomba de agua para mejorar rendimiento.,Finalizado,2026-03-08 00:00:00,2026-03-08 00:00:00,2026,Cliente informado,Honda,CB190R,Carlos Mendoza,Julio Navarro
2249,3465,3096,optimizacion del sistema filtro de aire y chequeo por falla detectada.,Finalizado,2026-03-17 00:00:00,2026-03-18 00:00:00,3654,Entregado,TVS,Boxer 150,Carlos Mendoza,Brayan Silva
2250,2527,2575,optimizacion del sistema ciguenal y frenos por falla detectada.,Finalizado,2026-03-16 00:00:00,2026-03-18 00:00:00,5845,Entregado,Bajaj,Apache RTR 200,Jose Ramirez,Eduardo Castro
2251,391,2742,ajuste tecnico de problema y falla por falla detectada.,Finalizado,2026-03-29 00:00:00,2026-03-29 00:00:00,2636,Cliente informado,Yamaha,DM200,Jose Ramirez,Daniel Castillo
2252,2521,3314,instalacion y calibracion de camara y polarizado por falla detectada.,Finalizado,2026-03-06 00:00:00,2026-03-08 00:00:00,2075,Entregado,Kawasaki,RC 200,Carlos Mendoza,Cristian Molina
2253,227,4083,instalacion y calibracion de luces led y tuning por falla detectada.,Finalizado,2026-03-04 00:00:00,2026-02-22 00:00:00,2158,Entregado,Honda,XR150L,Jose Ramirez,Edwin Chavez
2254,3416,621,optimizacion del sistema sistema electrico y encendido y verificacion completa.,Finalizado,2026-03-26 00:00:00,2026-03-29 00:00:00,1891,Cliente informado,Honda,FZ16,Carlos Mendoza,Victor Rivas
2255,3314,2099,correccion especializada de direccion y arbol de levas incluyendo ajuste final.,Finalizado,2026-03-22 00:00:00,2026-03-25 00:00:00,4993,Entregado,Suzuki,CBR 600RR,Jose Ramirez,Manuel Vargas
2256,1268,5173,ajuste tecnico de direccion y arbol de levas con pruebas posteriores.,Entregado,2026-03-24 00:00:00,2026-03-27 00:00:00,2845,Cliente informado,Bajaj,FZ16,Carlos Mendoza,Alexis Diaz
2257,1038,925,diagnostico y reparacion de luces y luces con pruebas posteriores.,Finalizado,2026-03-07 00:00:00,2026-03-08 00:00:00,5382,Entregado,Italika,NKD 125,Carlos Mendoza,Andres Ruiz
2258,3349,3967,ajuste tecnico de cambio de aceite y cambio de aceite segun solicitud del cliente.,Finalizado,2026-03-15 00:00:00,2026-03-18 00:00:00,1796,Cliente informado,TVS,MT-07,Jose Ramirez,Andres Ruiz
2259,169,570,mantenimiento preventivo en sensores y motor de arranque segun solicitud del cliente.,Finalizado,2026-03-20 00:00:00,2026-03-23 00:00:00,550,Cliente informado,KTM,Apache RTR 200,Jose Ramirez,Miguel Garcia
2260,3826,1482,revision completa de problema y escaneo con pruebas posteriores.,Finalizado,2026-03-27 00:00:00,2026-03-30 00:00:00,2491,Cliente informado,Honda,NKD 125,Jose Ramirez,Oscar Reyes
2261,1992,4676,inspeccion avanzada de arbol de levas y frenos segun solicitud del cliente.,Finalizado,2026-03-09 00:00:00,2026-03-11 00:00:00,6458,Cliente informado,Italika,Apache RTR 200,Jose Ramirez,Juan Perez
2262,3633,4118,correccion especializada de pistones y embrague y verificacion completa.,Finalizado,2026-03-26 00:00:00,2026-03-27 00:00:00,4217,Cliente informado,Honda,GN125,Carlos Mendoza,Manuel Vargas
2263,3909,2476,ajuste tecnico de sonido y kit aerodinamico segun solicitud del cliente.,Finalizado,2026-02-28 00:00:00,2026-03-01 00:00:00,4024,Entregado,Yamaha,FT150,Carlos Mendoza,Cristian Molina
2264,2026,1735,inspeccion avanzada de motor y arbol de levas con pruebas posteriores.,Finalizado,2026-03-18 00:00:00,2026-03-19 00:00:00,784,Cliente informado,Bajaj,FZ16,Jose Ramirez,Cristian Molina
2265,1631,1774,ajuste tecnico de arbol de levas y chasis debido a desgaste.,Finalizado,2026-03-17 00:00:00,2026-03-20 00:00:00,3784,Entregado,TVS,Duke 390,Jose Ramirez,Mario Lopez
2266,4375,3153,instalacion y calibracion de caja de cambios y direccion por falla detectada.,Finalizado,2026-02-28 00:00:00,2026-02-28 00:00:00,3386,Cliente informado,Honda,GN125,Jose Ramirez,Miguel Garcia
2267,466,331,ajuste tecnico de culata y radiador debido a desgaste.,Finalizado,2026-03-10 00:00:00,2026-03-10 00:00:00,2689,Cliente informado,Honda,CB190R,Carlos Mendoza,Henry Tellez
2268,857,1411,ajuste tecnico de distribucion y suspension y verificacion completa.,Finalizado,2026-03-04 00:00:00,2026-03-04 00:00:00,4792,Entregado,Suzuki,RC 200,Carlos Mendoza,Cristian Molina
2269,282,1951,servicio integral para revision general y falla debido a desgaste.,Finalizado,2026-03-25 00:00:00,2026-03-15 00:00:00,2291,Entregado,Kawasaki,GSX-R750,Jose Ramirez,Brayan Silva
2270,4884,1811,servicio integral para encendido y motor de arranque segun solicitud del cliente.,Finalizado,2026-03-01 00:00:00,2026-03-05 00:00:00,5934,Entregado,TVS,XR150L,Jose Ramirez,Carlos Mendoza
2271,4444,4294,instalacion y calibracion de chequeo y revision y verificacion completa.,Finalizado,2026-03-06 00:00:00,2026-03-06 00:00:00,2171,Entregado,Italika,FZ16,Carlos Mendoza,Victor Rivas
2272,2183,2846,optimizacion del sistema eje y amortiguadores para mejorar rendimiento.,Finalizado,2026-03-07 00:00:00,2026-03-10 00:00:00,5709,Cliente informado,Honda,FT150,Jose Ramirez,Oscar Reyes
2273,1702,1801,inspeccion avanzada de pistones y diferencial y verificacion completa.,Finalizado,2026-03-05 00:00:00,2026-02-23 00:00:00,4859,Entregado,Italika,GN125,Carlos Mendoza,Javier Morales
2274,3419,3398,instalacion y calibracion de filtro de aceite y filtro de aire debido a desgaste.,Finalizado,2026-03-27 00:00:00,2026-03-27 00:00:00,1061,Entregado,Honda,R15,Carlos Mendoza,Brayan Silva
2275,1673,938,inspeccion avanzada de sensores y centralita con pruebas posteriores.,Finalizado,2026-03-15 00:00:00,2026-03-17 00:00:00,3178,Entregado,Kawasaki,RC 200,Jose Ramirez,Mario Lopez
2276,1721,4490,diagnostico y reparacion de chequeo y filtro de aire segun solicitud del cliente.,Finalizado,2026-02-28 00:00:00,2026-03-04 00:00:00,4902,Cliente informado,Kawasaki,GSX-R750,Carlos Mendoza,Daniel Castillo
2277,292,3440,mantenimiento preventivo en test y falla debido a desgaste.,Finalizado,2026-03-01 00:00:00,2026-03-02 00:00:00,1980,Entregado,TVS,RC 200,Jose Ramirez,Jose Ramirez
2278,3636,3276,diagnostico y reparacion de filtro de aceite y filtro de aire con pruebas posteriores.,Finalizado,2026-03-11 00:00:00,2026-03-13 00:00:00,5403,Entregado,AKT,XR150L,Jose Ramirez,Edwin Chavez
2279,58,3681,instalacion y calibracion de revision general y diagnostico incluyendo ajuste final.,Finalizado,2026-03-29 00:00:00,2026-04-02 00:00:00,3610,Cliente informado,Kawasaki,CBR 600RR,Jose Ramirez,Roberto Flores
2280,285,1039,servicio integral para frenos y embrague incluyendo ajuste final.,Finalizado,2026-03-25 00:00:00,2026-03-27 00:00:00,5844,Entregado,Honda,Boxer 150,Carlos Mendoza,Juan Perez
2281,2447,786,ajuste tecnico de centralita y cableado y verificacion completa.,Finalizado,2026-03-23 00:00:00,2026-03-26 00:00:00,4969,Entregado,Honda,Z650,Jose Ramirez,Mario Lopez
2282,2144,4165,correccion especializada de aleron y gps por falla detectada.,Finalizado,2026-03-08 00:00:00,2026-03-09 00:00:00,4198,Entregado,Suzuki,Z650,Jose Ramirez,Javier Morales
2283,1444,3734,optimizacion del sistema escaneo y test y verificacion completa.,Finalizado,2026-03-14 00:00:00,2026-03-18 00:00:00,5085,Entregado,Yamaha,Z650,Jose Ramirez,Javier Morales
2284,4381,2542,ajuste tecnico de bateria y encendido para mejorar rendimiento.,Finalizado,2026-03-03 00:00:00,2026-03-07 00:00:00,6409,Entregado,TVS,Gixxer 250,Jose Ramirez,Brayan Silva
2285,1992,4676,diagnostico y reparacion de problema y evaluacion debido a desgaste.,Finalizado,2026-03-09 00:00:00,2026-03-11 00:00:00,3654,Cliente informado,AKT,DM200,Carlos Mendoza,Eduardo Castro
2286,4780,5251,mantenimiento preventivo en lubricacion y balanceo con pruebas posteriores.,Finalizado,2026-03-17 00:00:00,2026-03-20 00:00:00,2871,Cliente informado,Bajaj,CBR 600RR,Carlos Mendoza,Erick Gutierrez
2287,4306,1278,instalacion y calibracion de problema y problema por falla detectada.,Finalizado,2026-03-03 00:00:00,2026-03-07 00:00:00,4075,Entregado,Suzuki,CBR 600RR,Carlos Mendoza,Edwin Chavez
2288,4017,3408,optimizacion del sistema aleron y kit aerodinamico por falla detectada.,Finalizado,2026-03-23 00:00:00,2026-03-23 00:00:00,2605,Cliente informado,Italika,Apache RTR 200,Carlos Mendoza,Edwin Chavez
2289,3140,621,correccion especializada de revision general y revision general para mejorar rendimiento.,Finalizado,2026-03-09 00:00:00,2026-03-11 00:00:00,2321,Cliente informado,Suzuki,XR150L,Carlos Mendoza,Samuel Cruz
2290,3212,3463,correccion especializada de revision general y ruido para mejorar rendimiento.,Finalizado,2026-03-22 00:00:00,2026-03-25 00:00:00,1640,Cliente informado,Bajaj,CBR 600RR,Jose Ramirez,Brayan Silva
2291,4061,5295,optimizacion del sistema cableado y alternador para mejorar rendimiento.,Finalizado,2026-02-28 00:00:00,2026-03-02 00:00:00,2193,Entregado,Honda,Z650,Carlos Mendoza,Andres Ruiz
2292,4949,2492,inspeccion avanzada de distribucion y radiador para mejorar rendimiento.,Entregado,2026-03-01 00:00:00,2026-03-02 00:00:00,6236,Entregado,Yamaha,R15,Jose Ramirez,Victor Rivas
2293,4369,4843,servicio integral para kit aerodinamico y camara segun solicitud del cliente.,Finalizado,2026-03-07 00:00:00,2026-03-10 00:00:00,5214,Cliente informado,AKT,GSX-R750,Jose Ramirez,Kevin Torres
2294,4766,3833,optimizacion del sistema falla y falla y verificacion completa.,Finalizado,2026-03-11 00:00:00,2026-03-14 00:00:00,3355,Cliente informado,Suzuki,RC 200,Carlos Mendoza,Henry Tellez
2295,862,811,diagnostico y reparacion de carroceria y bomba de agua por falla detectada.,Finalizado,2026-03-24 00:00:00,2026-03-28 00:00:00,4023,Cliente informado,Yamaha,CBR 600RR,Jose Ramirez,Mario Lopez
2296,1673,938,correccion especializada de ruido y revision general incluyendo ajuste final.,Finalizado,2026-03-15 00:00:00,2026-03-17 00:00:00,1865,Entregado,Yamaha,MT-07,Jose Ramirez,Javier Morales
2297,1444,3734,ajuste tecnico de caja de cambios y frenos debido a desgaste.,Finalizado,2026-03-14 00:00:00,2026-03-18 00:00:00,3704,Entregado,Kawasaki,GSX-R750,Carlos Mendoza,Roberto Flores
2298,383,4981,optimizacion del sistema sensores y alternador por falla detectada.,Entregado,2026-03-23 00:00:00,2026-03-27 00:00:00,1303,Cliente informado,TVS,FZ16,Carlos Mendoza,Alexis Diaz
2299,4068,1264,inspeccion avanzada de fallo electrico y encendido segun solicitud del cliente.,En proceso,2026-03-26 00:00:00,2026-03-26 00:00:00,5547,Cliente informado,AKT,Z650,Jose Ramirez,Steven Rocha
2300,4449,923,correccion especializada de test y evaluacion y verificacion completa.,Finalizado,2026-03-21 00:00:00,2026-03-21 00:00:00,1974,Entregado,TVS,CBR 600RR,Jose Ramirez,Samuel Cruz
2301,1930,5186,instalacion y calibracion de bomba de agua y ciguenal debido a desgaste.,Finalizado,2026-03-16 00:00:00,2026-03-16 00:00:00,2335,Entregado,KTM,GN125,Jose Ramirez,Julio Navarro
2302,2121,4930,inspeccion avanzada de centralita y sensores y verificacion completa.,Finalizado,2026-03-05 00:00:00,2026-03-06 00:00:00,6127,Entregado,Suzuki,GSX-R750,Carlos Mendoza,Daniel Castillo
2303,1046,2124,diagnostico y reparacion de modificacion y personalizacion y verificacion completa.,Finalizado,2026-03-23 00:00:00,2026-03-24 00:00:00,2064,Cliente informado,Honda,XR150L,Jose Ramirez,Victor Rivas
2304,2030,4933,inspeccion avanzada de revision general y diagnostico por falla detectada.,Finalizado,2026-03-09 00:00:00,2026-03-11 00:00:00,4925,Entregado,Suzuki,Boxer 150,Jose Ramirez,Erick Gutierrez
2305,2200,479,diagnostico y reparacion de revision y filtro de aire y verificacion completa.,Finalizado,2026-03-07 00:00:00,2026-02-25 00:00:00,4004,Cliente informado,AKT,NKD 125,Carlos Mendoza,Fernando Herrera
2306,1095,4956,instalacion y calibracion de modificacion y pintura segun solicitud del cliente.,Finalizado,2026-02-28 00:00:00,2026-03-04 00:00:00,3163,Entregado,Kawasaki,NKD 125,Carlos Mendoza,Carlos Mendoza
2307,3887,1284,instalacion y calibracion de alineacion y cambio de aceite debido a desgaste.,Finalizado,2026-02-28 00:00:00,2026-03-02 00:00:00,3529,Entregado,Suzuki,CB190R,Jose Ramirez,Carlos Mendoza
2308,4234,4130,instalacion y calibracion de carroceria y eje incluyendo ajuste final.,Finalizado,2026-03-06 00:00:00,2026-03-07 00:00:00,5052,Entregado,Suzuki,CBR 600RR,Carlos Mendoza,Roberto Flores
2309,2851,2915,correccion especializada de luces led y calipers por falla detectada.,Finalizado,2026-03-20 00:00:00,2026-03-23 00:00:00,504,Entregado,Yamaha,Z650,Carlos Mendoza,Carlos Mendoza
2310,4137,1039,correccion especializada de luces y bateria debido a desgaste.,Finalizado,2026-03-23 00:00:00,2026-03-25 00:00:00,3326,Cliente informado,Kawasaki,GSX-R750,Jose Ramirez,Manuel Vargas
2311,243,949,diagnostico y reparacion de pantalla y velocidad segun solicitud del cliente.,En proceso,2026-03-01 00:00:00,2026-03-01 00:00:00,2880,Cliente informado,KTM,Ninja 400,Jose Ramirez,Juan Perez
2312,4165,3769,optimizacion del sistema inspeccion y ruido debido a desgaste.,Finalizado,2026-03-14 00:00:00,2026-03-17 00:00:00,4028,Cliente informado,Bajaj,Boxer 150,Carlos Mendoza,Eduardo Castro
2313,3417,4432,correccion especializada de fallo electrico y sistema electrico debido a desgaste.,Finalizado,2026-03-29 00:00:00,2026-03-31 00:00:00,4340,Entregado,KTM,GN125,Carlos Mendoza,Daniel Castillo
2314,2146,3659,instalacion y calibracion de radiador y bomba de agua incluyendo ajuste final.,Finalizado,2026-03-05 00:00:00,2026-03-06 00:00:00,3262,Entregado,AKT,XR150L,Jose Ramirez,Jose Ramirez
2315,4409,5122,diagnostico y reparacion de eje y biela por falla detectada.,Finalizado,2026-03-24 00:00:00,2026-03-25 00:00:00,3569,Entregado,Yamaha,FT150,Carlos Mendoza,Edwin Chavez
2316,3167,656,optimizacion del sistema luces y sensores segun solicitud del cliente.,Finalizado,2026-03-29 00:00:00,2026-03-29 00:00:00,3298,Entregado,KTM,DM200,Jose Ramirez,Steven Rocha
2317,2746,2342,optimizacion del sistema biela y motor para mejorar rendimiento.,Finalizado,2026-03-10 00:00:00,2026-03-12 00:00:00,4376,Entregado,Yamaha,Apache RTR 200,Jose Ramirez,Eduardo Castro
2318,4874,311,ajuste tecnico de centralita y encendido y verificacion completa.,Finalizado,2026-03-11 00:00:00,2026-03-14 00:00:00,1018,Entregado,Bajaj,GSX-R750,Carlos Mendoza,Manuel Vargas
2319,3188,4791,inspeccion avanzada de kit aerodinamico y calipers incluyendo ajuste final.,Finalizado,2026-03-21 00:00:00,2026-03-25 00:00:00,1607,Cliente informado,Kawasaki,GN125,Carlos Mendoza,Erick Gutierrez
2320,353,761,optimizacion del sistema distribucion y suspension segun solicitud del cliente.,Finalizado,2026-03-28 00:00:00,2026-04-01 00:00:00,6362,Cliente informado,Bajaj,FZ16,Jose Ramirez,Julio Navarro
2321,4808,2204,correccion especializada de chequeo y balanceo segun solicitud del cliente.,Finalizado,2026-03-04 00:00:00,2026-03-07 00:00:00,2891,Entregado,Suzuki,Ninja 400,Jose Ramirez,Daniel Castillo
2322,4780,5251,servicio integral para motor y embrague debido a desgaste.,Finalizado,2026-03-17 00:00:00,2026-03-20 00:00:00,2098,Cliente informado,Suzuki,GN125,Carlos Mendoza,Edwin Chavez
2323,4545,405,correccion especializada de revision y revision segun solicitud del cliente.,Finalizado,2026-02-28 00:00:00,2026-02-28 00:00:00,1645,Entregado,KTM,RC 200,Jose Ramirez,Steven Rocha
2324,2004,936,diagnostico y reparacion de bateria y sensores con pruebas posteriores.,Finalizado,2026-03-14 00:00:00,2026-03-14 00:00:00,3111,Entregado,KTM,Duke 390,Jose Ramirez,Edwin Chavez
2325,4443,2716,instalacion y calibracion de alternador y encendido por falla detectada.,Finalizado,2026-03-11 00:00:00,2026-03-13 00:00:00,1350,Cliente informado,TVS,Pulsar NS200,Carlos Mendoza,Oscar Reyes
2326,4551,37,instalacion y calibracion de bateria y centralita incluyendo ajuste final.,Finalizado,2026-03-22 00:00:00,2026-03-25 00:00:00,3729,Cliente informado,Honda,MT-07,Carlos Mendoza,Juan Perez
2327,1187,3819,revision completa de radiador y amortiguadores incluyendo ajuste final.,Finalizado,2026-03-10 00:00:00,2026-03-14 00:00:00,1130,Cliente informado,KTM,R15,Jose Ramirez,Javier Morales
2328,4755,5309,revision completa de filtro de aire y niveles y verificacion completa.,Finalizado,2026-02-28 00:00:00,2026-02-18 00:00:00,4240,Cliente informado,Honda,DM200,Carlos Mendoza,Carlos Mendoza
2329,1484,5173,optimizacion del sistema motor de arranque y motor de arranque y verificacion completa.,Finalizado,2026-03-12 00:00:00,2026-03-02 00:00:00,3346,Entregado,Suzuki,R15,Carlos Mendoza,Francisco Blandon
2330,3724,2393,optimizacion del sistema actualizacion de software y audio para mejorar rendimiento.,Finalizado,2026-03-23 00:00:00,2026-03-23 00:00:00,4420,Cliente informado,Kawasaki,FT150,Jose Ramirez,Steven Rocha
2331,4222,1635,optimizacion del sistema chequeo y escaneo para mejorar rendimiento.,En proceso,2026-03-10 00:00:00,2026-03-10 00:00:00,3661,Entregado,Yamaha,CBR 600RR,Jose Ramirez,Mario Lopez
2332,4709,4253,optimizacion del sistema falla y revision general por falla detectada.,Finalizado,2026-03-03 00:00:00,2026-03-05 00:00:00,2017,Entregado,Honda,FT150,Jose Ramirez,Eduardo Castro
2333,3651,15,servicio integral para lubricacion y bujias incluyendo ajuste final.,Finalizado,2026-03-07 00:00:00,2026-03-08 00:00:00,1186,Cliente informado,Italika,DM200,Carlos Mendoza,Victor Rivas
2334,1962,3695,mantenimiento preventivo en escaneo y escaneo por falla detectada.,Finalizado,2026-03-07 00:00:00,2026-03-09 00:00:00,1405,Cliente informado,Bajaj,GN125,Jose Ramirez,Samuel Cruz
2335,1430,5059,instalacion y calibracion de gps y pintura y verificacion completa.,Finalizado,2026-03-08 00:00:00,2026-03-12 00:00:00,602,Cliente informado,KTM,FZ16,Carlos Mendoza,Roberto Flores
2336,1430,5059,inspeccion avanzada de niveles y niveles segun solicitud del cliente.,Finalizado,2026-03-08 00:00:00,2026-03-12 00:00:00,6253,Cliente informado,Honda,FZ16,Jose Ramirez,Manuel Vargas
2337,2563,2610,instalacion y calibracion de sistema electrico y fallo electrico por falla detectada.,Finalizado,2026-03-28 00:00:00,2026-03-28 00:00:00,2780,Entregado,Suzuki,Z650,Jose Ramirez,Brayan Silva
2338,2279,3464,mantenimiento preventivo en motor de arranque y encendido incluyendo ajuste final.,Finalizado,2026-03-06 00:00:00,2026-03-08 00:00:00,3843,Cliente informado,Italika,GSX-R750,Jose Ramirez,Cristian Molina
2339,1685,5131,servicio integral para personalizacion y vinilado incluyendo ajuste final.,Finalizado,2026-03-16 00:00:00,2026-03-19 00:00:00,3344,Cliente informado,Bajaj,GN125,Jose Ramirez,Erick Gutierrez
2340,2266,4726,servicio integral para chequeo y test para mejorar rendimiento.,Finalizado,2026-03-29 00:00:00,2026-03-19 00:00:00,2840,Cliente informado,Suzuki,XR150L,Jose Ramirez,Fernando Herrera
2341,2852,4691,revision completa de fallo electrico y cableado para mejorar rendimiento.,Finalizado,2026-03-03 00:00:00,2026-03-05 00:00:00,5386,Cliente informado,AKT,RC 200,Jose Ramirez,Andres Ruiz
2342,3885,3774,instalacion y calibracion de escaneo y problema incluyendo ajuste final.,Finalizado,2026-03-15 00:00:00,2026-03-18 00:00:00,5264,Cliente informado,Suzuki,GSX-R750,Carlos Mendoza,Miguel Garcia
2343,2257,3895,diagnostico y reparacion de chequeo y filtro de aire y verificacion completa.,Finalizado,2026-03-15 00:00:00,2026-03-19 00:00:00,989,Entregado,Italika,GN125,Carlos Mendoza,Samuel Cruz
2344,2043,1768,correccion especializada de arbol de levas y frenos incluyendo ajuste final.,Finalizado,2026-03-26 00:00:00,2026-03-26 00:00:00,1685,Entregado,Suzuki,CB190R,Jose Ramirez,Julio Navarro
2345,1266,5050,instalacion y calibracion de bomba de agua y transmision segun solicitud del cliente.,Finalizado,2026-03-02 00:00:00,2026-03-05 00:00:00,3411,Entregado,Honda,CB190R,Jose Ramirez,Brayan Silva
2346,1693,1184,diagnostico y reparacion de modificacion y estetico debido a desgaste.,Finalizado,2026-03-16 00:00:00,2026-03-20 00:00:00,5121,Entregado,Yamaha,Z650,Carlos Mendoza,Cristian Molina
2347,3319,3817,servicio integral para embrague y eje debido a desgaste.,Finalizado,2026-02-28 00:00:00,2026-03-02 00:00:00,3982,Cliente informado,KTM,CB190R,Carlos Mendoza,Roberto Flores
2348,2922,599,mantenimiento preventivo en ciguenal y suspension con pruebas posteriores.,Finalizado,2026-03-14 00:00:00,2026-03-04 00:00:00,6188,Cliente informado,Suzuki,Pulsar NS200,Carlos Mendoza,Cristian Molina
2349,2200,479,ajuste tecnico de cambio de aceite y filtro de aceite incluyendo ajuste final.,Finalizado,2026-03-07 00:00:00,2026-02-25 00:00:00,3806,Cliente informado,Suzuki,Pulsar NS200,Carlos Mendoza,Luis Martinez
2350,1524,940,mantenimiento preventivo en inspeccion y chequeo segun solicitud del cliente.,Finalizado,2026-03-02 00:00:00,2026-03-03 00:00:00,2875,Cliente informado,KTM,R15,Jose Ramirez,Erick Gutierrez
2351,1803,3061,mantenimiento preventivo en ruido y evaluacion y verificacion completa.,En proceso,2026-03-28 00:00:00,2026-03-30 00:00:00,5817,Entregado,Suzuki,NKD 125,Jose Ramirez,Edwin Chavez
2352,97,3693,diagnostico y reparacion de diagnostico y inspeccion por falla detectada.,En proceso,2026-03-09 00:00:00,2026-03-13 00:00:00,2050,Cliente informado,Bajaj,Apache RTR 200,Jose Ramirez,Javier Morales
2353,2737,4701,diagnostico y reparacion de custom y actualizacion de software y verificacion completa.,Finalizado,2026-03-21 00:00:00,2026-03-21 00:00:00,5115,Entregado,Honda,GSX-R750,Jose Ramirez,Andres Ruiz
2354,275,3545,optimizacion del sistema llantas deportivas y aleron debido a desgaste.,En proceso,2026-03-08 00:00:00,2026-03-10 00:00:00,2349,Cliente informado,TVS,Pulsar NS200,Carlos Mendoza,Eduardo Castro
2355,2948,3908,optimizacion del sistema cambio de aceite y bujias por falla detectada.,Finalizado,2026-03-22 00:00:00,2026-03-12 00:00:00,2242,Cliente informado,KTM,GN125,Jose Ramirez,Mario Lopez
2356,985,2061,revision completa de frenos y arbol de levas para mejorar rendimiento.,Finalizado,2026-03-02 00:00:00,2026-03-04 00:00:00,4561,Cliente informado,Suzuki,Duke 390,Jose Ramirez,Carlos Mendoza
2357,632,3003,revision completa de balanceo y cambio de aceite incluyendo ajuste final.,Finalizado,2026-03-13 00:00:00,2026-03-14 00:00:00,6417,Cliente informado,Honda,Gixxer 250,Carlos Mendoza,Carlos Mendoza
2358,3102,4494,correccion especializada de diagnostico y test incluyendo ajuste final.,Finalizado,2026-03-27 00:00:00,2026-03-30 00:00:00,4348,Cliente informado,Yamaha,GN125,Carlos Mendoza,Edwin Chavez
2359,1809,1018,mantenimiento preventivo en inspeccion y chequeo y verificacion completa.,Finalizado,2026-03-03 00:00:00,2026-03-03 00:00:00,5551,Entregado,Suzuki,CB190R,Jose Ramirez,Wilmer Soto
2360,1271,3663,optimizacion del sistema encendido y luces y verificacion completa.,Finalizado,2026-03-08 00:00:00,2026-03-08 00:00:00,3805,Entregado,KTM,FT150,Carlos Mendoza,Miguel Garcia
2361,4894,429,servicio integral para cambio de aceite y revision y verificacion completa.,Finalizado,2026-03-14 00:00:00,2026-03-17 00:00:00,5997,Cliente informado,Honda,Pulsar NS200,Carlos Mendoza,Fernando Herrera
2362,4261,977,correccion especializada de lubricacion y niveles para mejorar rendimiento.,Finalizado,2026-03-08 00:00:00,2026-03-10 00:00:00,930,Entregado,Bajaj,CBR 600RR,Carlos Mendoza,Alexis Diaz
2363,3819,2832,inspeccion avanzada de inspeccion y escaneo y verificacion completa.,Finalizado,2026-03-10 00:00:00,2026-03-11 00:00:00,5299,Entregado,Yamaha,Duke 390,Carlos Mendoza,Alexis Diaz
2364,4980,2673,mantenimiento preventivo en pistones y bomba de agua y verificacion completa.,Finalizado,2026-02-28 00:00:00,2026-03-04 00:00:00,3530,Entregado,Honda,Boxer 150,Jose Ramirez,Eduardo Castro
2365,4483,2879,inspeccion avanzada de revision y balanceo segun solicitud del cliente.,Finalizado,2026-03-24 00:00:00,2026-03-25 00:00:00,4859,Cliente informado,Bajaj,Boxer 150,Jose Ramirez,Andres Ruiz
2366,2396,3570,servicio integral para centralita y sistema electrico con pruebas posteriores.,Finalizado,2026-03-10 00:00:00,2026-03-12 00:00:00,3907,Entregado,Bajaj,GN125,Carlos Mendoza,Luis Martinez
2367,3894,1817,inspeccion avanzada de fallo electrico y bateria debido a desgaste.,En proceso,2026-03-20 00:00:00,2026-03-22 00:00:00,1129,Cliente informado,Suzuki,FT150,Carlos Mendoza,Wilmer Soto
2368,2739,78,servicio integral para cromado y tuning con pruebas posteriores.,Finalizado,2026-03-19 00:00:00,2026-03-09 00:00:00,4173,Entregado,TVS,Gixxer 250,Carlos Mendoza,Juan Perez
2369,886,12,servicio integral para bateria y sistema electrico y verificacion completa.,Finalizado,2026-03-03 00:00:00,2026-03-03 00:00:00,1169,Entregado,TVS,Boxer 150,Carlos Mendoza,Manuel Vargas
2370,893,2689,inspeccion avanzada de reprogramacion y personalizacion debido a desgaste.,Finalizado,2026-03-02 00:00:00,2026-02-20 00:00:00,1644,Entregado,Bajaj,CB190R,Jose Ramirez,Luis Martinez
2371,4938,1938,correccion especializada de amortiguadores y carroceria con pruebas posteriores.,Finalizado,2026-03-13 00:00:00,2026-03-16 00:00:00,4863,Cliente informado,Yamaha,MT-07,Carlos Mendoza,Roberto Flores
2372,584,62,correccion especializada de motor de arranque y sistema electrico y verificacion completa.,Finalizado,2026-03-18 00:00:00,2026-03-21 00:00:00,615,Entregado,KTM,FT150,Carlos Mendoza,Wilmer Soto
2373,967,4338,diagnostico y reparacion de luces y luces con pruebas posteriores.,Finalizado,2026-03-04 00:00:00,2026-03-06 00:00:00,5815,Cliente informado,Honda,CBR 600RR,Jose Ramirez,Carlos Mendoza
2374,243,186,revision completa de escaneo y test con pruebas posteriores.,En proceso,2026-03-02 00:00:00,2026-03-06 00:00:00,6451,Entregado,KTM,FT150,Carlos Mendoza,Edwin Chavez
2375,1681,1471,inspeccion avanzada de escaneo y problema con pruebas posteriores.,Finalizado,2026-03-26 00:00:00,2026-03-26 00:00:00,1126,Entregado,KTM,NKD 125,Carlos Mendoza,Roberto Flores
2376,4181,4531,mantenimiento preventivo en bateria y bateria para mejorar rendimiento.,Finalizado,2026-03-09 00:00:00,2026-03-12 00:00:00,3987,Entregado,KTM,XR150L,Jose Ramirez,Edwin Chavez
2377,2887,4433,instalacion y calibracion de evaluacion y revision general para mejorar rendimiento.,Finalizado,2026-03-07 00:00:00,2026-03-09 00:00:00,2772,Entregado,Bajaj,Pulsar NS200,Carlos Mendoza,Kevin Torres
2378,1962,3695,mantenimiento preventivo en falla y problema con pruebas posteriores.,Finalizado,2026-03-07 00:00:00,2026-03-09 00:00:00,3917,Cliente informado,Yamaha,Ninja 400,Jose Ramirez,Juan Perez
2379,3036,3051,diagnostico y reparacion de arbol de levas y amortiguadores y verificacion completa.,Finalizado,2026-03-23 00:00:00,2026-03-24 00:00:00,6147,Cliente informado,Bajaj,Apache RTR 200,Carlos Mendoza,Daniel Castillo
2380,2303,2554,mantenimiento preventivo en direccion y pistones incluyendo ajuste final.,Finalizado,2026-03-07 00:00:00,2026-03-10 00:00:00,5591,Cliente informado,AKT,CBR 600RR,Carlos Mendoza,Victor Rivas
2381,1508,3606,instalacion y calibracion de transmision y ciguenal segun solicitud del cliente.,Finalizado,2026-03-26 00:00:00,2026-03-27 00:00:00,3526,Entregado,AKT,MT-07,Carlos Mendoza,Manuel Vargas
2382,1632,2973,servicio integral para fallo electrico y luces por falla detectada.,Finalizado,2026-03-15 00:00:00,2026-03-17 00:00:00,3416,Cliente informado,Italika,GN125,Jose Ramirez,Brayan Silva
2383,4959,637,ajuste tecnico de motor de arranque y fallo electrico con pruebas posteriores.,Finalizado,2026-03-09 00:00:00,2026-03-10 00:00:00,2218,Entregado,AKT,FZ16,Jose Ramirez,Mario Lopez
2384,4808,2204,ajuste tecnico de distribucion y chasis por falla detectada.,Finalizado,2026-03-04 00:00:00,2026-03-07 00:00:00,713,Entregado,Kawasaki,CBR 600RR,Jose Ramirez,Kevin Torres
2385,3657,4196,diagnostico y reparacion de bomba de agua y direccion con pruebas posteriores.,Finalizado,2026-03-14 00:00:00,2026-03-17 00:00:00,4971,Cliente informado,Italika,MT-07,Jose Ramirez,Kevin Torres
2386,4068,1264,optimizacion del sistema pistones y bomba de agua por falla detectada.,En proceso,2026-03-26 00:00:00,2026-03-26 00:00:00,3017,Cliente informado,Yamaha,CB190R,Carlos Mendoza,Victor Rivas
2387,386,419,ajuste tecnico de test y escaneo para mejorar rendimiento.,Finalizado,2026-03-19 00:00:00,2026-03-19 00:00:00,5728,Entregado,Suzuki,GSX-R750,Carlos Mendoza,Andres Ruiz
2388,1681,1471,servicio integral para direccion y bomba de agua por falla detectada.,Finalizado,2026-03-26 00:00:00,2026-03-26 00:00:00,1556,Entregado,Italika,GSX-R750,Jose Ramirez,Cristian Molina
2389,4516,1341,servicio integral para filtro de aire y filtro de aceite con pruebas posteriores.,Finalizado,2026-03-27 00:00:00,2026-03-31 00:00:00,6257,Entregado,Kawasaki,Gixxer 250,Jose Ramirez,Eduardo Castro
2390,3557,4343,inspeccion avanzada de fallo electrico y luces segun solicitud del cliente.,Finalizado,2026-03-12 00:00:00,2026-03-15 00:00:00,6441,Entregado,Yamaha,FT150,Carlos Mendoza,Victor Rivas
2391,2589,5160,instalacion y calibracion de caja de cambios y ciguenal y verificacion completa.,Finalizado,2026-03-03 00:00:00,2026-03-06 00:00:00,3593,Entregado,Kawasaki,DM200,Jose Ramirez,Miguel Garcia
2392,4443,2716,ajuste tecnico de chequeo y filtro de aire incluyendo ajuste final.,Finalizado,2026-03-11 00:00:00,2026-03-13 00:00:00,6436,Cliente informado,Bajaj,GSX-R750,Jose Ramirez,Steven Rocha
2393,1919,1331,optimizacion del sistema estetico y potencia segun solicitud del cliente.,Finalizado,2026-03-26 00:00:00,2026-03-30 00:00:00,4769,Entregado,Bajaj,Boxer 150,Carlos Mendoza,Mario Lopez
2394,4406,4924,mantenimiento preventivo en audio y pantalla por falla detectada.,En proceso,2026-03-11 00:00:00,2026-03-15 00:00:00,5514,Entregado,KTM,DM200,Jose Ramirez,Oscar Reyes
2395,4650,251,revision completa de luces y motor de arranque para mejorar rendimiento.,Finalizado,2026-03-23 00:00:00,2026-03-27 00:00:00,5684,Cliente informado,Suzuki,R15,Jose Ramirez,Mario Lopez
2396,1400,656,mantenimiento preventivo en alineacion y filtro de aire debido a desgaste.,En proceso,2026-03-08 00:00:00,2026-03-08 00:00:00,3364,Cliente informado,Bajaj,FT150,Jose Ramirez,Victor Rivas
2397,3806,2037,instalacion y calibracion de biela y culata segun solicitud del cliente.,Entregado,2026-03-15 00:00:00,2026-03-19 00:00:00,5570,Cliente informado,TVS,CB190R,Jose Ramirez,Oscar Reyes
2398,2860,5193,inspeccion avanzada de sistema electrico y motor de arranque y verificacion completa.,Finalizado,2026-03-15 00:00:00,2026-03-15 00:00:00,2475,Cliente informado,Suzuki,FT150,Jose Ramirez,Edwin Chavez
2399,1542,3918,correccion especializada de test y diagnostico debido a desgaste.,En proceso,2026-03-18 00:00:00,2026-03-20 00:00:00,5421,Cliente informado,Suzuki,Ninja 400,Jose Ramirez,Victor Rivas
2400,3262,1103,servicio integral para alineacion y cambio de aceite por falla detectada.,Finalizado,2026-03-20 00:00:00,2026-03-21 00:00:00,4270,Cliente informado,Honda,Apache RTR 200,Carlos Mendoza,Miguel Garcia
2401,4582,310,instalacion y calibracion de sensores y luces con pruebas posteriores.,Finalizado,2026-03-20 00:00:00,2026-03-24 00:00:00,5770,Cliente informado,Suzuki,RC 200,Carlos Mendoza,Edwin Chavez
2402,2866,1158,inspeccion avanzada de suspension y direccion y verificacion completa.,Finalizado,2026-03-20 00:00:00,2026-03-10 00:00:00,1576,Cliente informado,Italika,Apache RTR 200,Jose Ramirez,Edwin Chavez
2403,74,1383,correccion especializada de ruido y diagnostico segun solicitud del cliente.,Finalizado,2026-03-09 00:00:00,2026-03-11 00:00:00,5492,Cliente informado,Kawasaki,NKD 125,Jose Ramirez,Carlos Mendoza
2404,35,2512,instalacion y calibracion de radiador y chasis incluyendo ajuste final.,Finalizado,2026-02-28 00:00:00,2026-03-04 00:00:00,2300,Entregado,Honda,GSX-R750,Jose Ramirez,Samuel Cruz
2405,4090,4645,servicio integral para sensores de estacionamiento y actualizacion de software y verificacion completa.,Finalizado,2026-03-07 00:00:00,2026-03-11 00:00:00,5127,Cliente informado,Italika,CBR 600RR,Carlos Mendoza,Eduardo Castro
2406,3742,2443,revision completa de reprogramacion y pintura con pruebas posteriores.,Finalizado,2026-03-27 00:00:00,2026-03-27 00:00:00,2716,Cliente informado,Suzuki,Z650,Jose Ramirez,Juan Perez
2407,1752,4569,ajuste tecnico de sistema electrico y bateria para mejorar rendimiento.,Finalizado,2026-03-17 00:00:00,2026-03-21 00:00:00,6354,Entregado,Bajaj,Boxer 150,Jose Ramirez,Wilmer Soto
2408,2589,5160,inspeccion avanzada de chasis y amortiguadores incluyendo ajuste final.,Finalizado,2026-03-03 00:00:00,2026-03-06 00:00:00,4147,Entregado,Honda,GN125,Carlos Mendoza,Brayan Silva
2409,2928,2742,inspeccion avanzada de problema y inspeccion y verificacion completa.,Finalizado,2026-03-22 00:00:00,2026-03-26 00:00:00,845,Cliente informado,AKT,Z650,Jose Ramirez,Samuel Cruz
2410,43,251,correccion especializada de luces y bateria y verificacion completa.,Finalizado,2026-03-14 00:00:00,2026-03-16 00:00:00,4339,Cliente informado,KTM,GSX-R750,Carlos Mendoza,Eduardo Castro
2411,1095,4956,servicio integral para caja de cambios y amortiguadores debido a desgaste.,Finalizado,2026-02-28 00:00:00,2026-03-04 00:00:00,1810,Entregado,Suzuki,Apache RTR 200,Jose Ramirez,Alexis Diaz
2412,584,62,instalacion y calibracion de actualizacion de software y cambio color debido a desgaste.,Finalizado,2026-03-18 00:00:00,2026-03-21 00:00:00,3440,Entregado,Suzuki,XR150L,Carlos Mendoza,Carlos Mendoza
2413,1564,1811,revision completa de caja de cambios y ciguenal por falla detectada.,Finalizado,2026-03-27 00:00:00,2026-03-29 00:00:00,5198,Entregado,Bajaj,Duke 390,Jose Ramirez,Victor Rivas
2414,25,826,mantenimiento preventivo en vinilado y audio por falla detectada.,Finalizado,2026-03-22 00:00:00,2026-03-22 00:00:00,1815,Entregado,Kawasaki,FT150,Carlos Mendoza,Manuel Vargas
2415,28,3267,mantenimiento preventivo en chequeo y cambio de aceite incluyendo ajuste final.,Finalizado,2026-03-15 00:00:00,2026-03-18 00:00:00,1297,Cliente informado,Yamaha,CBR 600RR,Carlos Mendoza,Steven Rocha
2416,4808,2204,mantenimiento preventivo en chequeo y falla para mejorar rendimiento.,Finalizado,2026-03-04 00:00:00,2026-03-07 00:00:00,1489,Entregado,AKT,GSX-R750,Carlos Mendoza,Fernando Herrera
2417,3806,2037,optimizacion del sistema alternador y centralita con pruebas posteriores.,Entregado,2026-03-15 00:00:00,2026-03-19 00:00:00,1772,Cliente informado,Yamaha,NKD 125,Carlos Mendoza,Andres Ruiz
2418,195,2633,mantenimiento preventivo en radiador y embrague por falla detectada.,Finalizado,2026-03-28 00:00:00,2026-04-01 00:00:00,4948,Cliente informado,TVS,MT-07,Jose Ramirez,Daniel Castillo
2419,4780,5251,inspeccion avanzada de transmision y eje incluyendo ajuste final.,Finalizado,2026-03-17 00:00:00,2026-03-20 00:00:00,3335,Cliente informado,Yamaha,CBR 600RR,Jose Ramirez,Javier Morales
2420,4223,2008,correccion especializada de evaluacion y revision general con pruebas posteriores.,Finalizado,2026-03-19 00:00:00,2026-03-09 00:00:00,2110,Entregado,Yamaha,GN125,Carlos Mendoza,Fernando Herrera
2421,4884,1811,ajuste tecnico de ciguenal y radiador por falla detectada.,Finalizado,2026-03-01 00:00:00,2026-03-05 00:00:00,4342,Entregado,Kawasaki,GN125,Jose Ramirez,Alexis Diaz
2422,2282,5037,revision completa de falla y problema por falla detectada.,Finalizado,2026-03-24 00:00:00,2026-03-28 00:00:00,1098,Cliente informado,Suzuki,GSX-R750,Jose Ramirez,Edwin Chavez
2423,3211,2692,mantenimiento preventivo en sensores y sistema electrico por falla detectada.,Finalizado,2026-03-05 00:00:00,2026-03-05 00:00:00,773,Entregado,Yamaha,GN125,Jose Ramirez,Luis Martinez
2424,4165,3769,ajuste tecnico de falla y diagnostico y verificacion completa.,Finalizado,2026-03-14 00:00:00,2026-03-17 00:00:00,3749,Cliente informado,Suzuki,CB190R,Carlos Mendoza,Kevin Torres
2425,4360,925,servicio integral para escaneo y test y verificacion completa.,Finalizado,2026-03-26 00:00:00,2026-03-29 00:00:00,1183,Cliente informado,Bajaj,CB190R,Carlos Mendoza,Erick Gutierrez
2426,4980,2673,ajuste tecnico de radiador y motor y verificacion completa.,Finalizado,2026-02-28 00:00:00,2026-03-04 00:00:00,4233,Entregado,AKT,RC 200,Carlos Mendoza,Victor Rivas
2427,2532,3999,inspeccion avanzada de caja de cambios y culata debido a desgaste.,Finalizado,2026-03-24 00:00:00,2026-03-25 00:00:00,5094,Entregado,Honda,FZ16,Jose Ramirez,Carlos Mendoza
2428,1007,3991,mantenimiento preventivo en luces y sistema electrico para mejorar rendimiento.,Finalizado,2026-03-11 00:00:00,2026-03-14 00:00:00,761,Entregado,AKT,CBR 600RR,Carlos Mendoza,Eduardo Castro
2429,1809,1018,correccion especializada de distribucion y motor por falla detectada.,Finalizado,2026-03-03 00:00:00,2026-03-03 00:00:00,5533,Entregado,Yamaha,R15,Carlos Mendoza,Julio Navarro
2430,4313,2663,ajuste tecnico de alineacion y cambio de aceite por falla detectada.,Finalizado,2026-03-17 00:00:00,2026-03-17 00:00:00,4056,Entregado,KTM,Duke 390,Jose Ramirez,Steven Rocha
2431,2661,786,instalacion y calibracion de radiador y suspension por falla detectada.,En proceso,2026-03-07 00:00:00,2026-03-09 00:00:00,2713,Cliente informado,Bajaj,FZ16,Carlos Mendoza,Cristian Molina
2432,3188,4791,servicio integral para lubricacion y filtro de aire y verificacion completa.,Finalizado,2026-03-21 00:00:00,2026-03-25 00:00:00,1173,Cliente informado,Suzuki,FT150,Carlos Mendoza,Roberto Flores
2433,3531,4342,diagnostico y reparacion de filtro de aire y cambio de aceite con pruebas posteriores.,Finalizado,2026-02-28 00:00:00,2026-02-28 00:00:00,4120,Entregado,Yamaha,Apache RTR 200,Carlos Mendoza,Juan Perez
2434,2929,648,correccion especializada de sonido y chip con pruebas posteriores.,Finalizado,2026-03-03 00:00:00,2026-03-05 00:00:00,3307,Cliente informado,Italika,FT150,Carlos Mendoza,Cristian Molina
2435,2651,1362,revision completa de falla y revision general para mejorar rendimiento.,Finalizado,2026-03-14 00:00:00,2026-03-14 00:00:00,3202,Cliente informado,Italika,RC 200,Carlos Mendoza,Steven Rocha
2436,4271,4746,diagnostico y reparacion de sensores de estacionamiento y pantalla con pruebas posteriores.,Finalizado,2026-03-21 00:00:00,2026-03-25 00:00:00,1917,Entregado,Yamaha,GN125,Jose Ramirez,Fernando Herrera
2437,3195,248,ajuste tecnico de chequeo y problema por falla detectada.,Entregado,2026-03-05 00:00:00,2026-03-09 00:00:00,5739,Cliente informado,Yamaha,Gixxer 250,Jose Ramirez,Andres Ruiz
2438,4538,1533,mantenimiento preventivo en evaluacion y evaluacion y verificacion completa.,Finalizado,2026-03-08 00:00:00,2026-03-08 00:00:00,4540,Cliente informado,KTM,Ninja 400,Carlos Mendoza,Samuel Cruz
2439,4938,1938,optimizacion del sistema escaneo y chequeo segun solicitud del cliente.,Finalizado,2026-03-13 00:00:00,2026-03-16 00:00:00,1344,Cliente informado,Honda,XR150L,Jose Ramirez,Juan Perez
2440,1169,708,revision completa de motor de arranque y alternador y verificacion completa.,Finalizado,2026-03-14 00:00:00,2026-03-18 00:00:00,3562,Entregado,Suzuki,FT150,Carlos Mendoza,Edwin Chavez
2441,4146,1331,instalacion y calibracion de lubricacion y balanceo por falla detectada.,Finalizado,2026-03-04 00:00:00,2026-03-06 00:00:00,2611,Entregado,Yamaha,FZ16,Carlos Mendoza,Miguel Garcia
2442,3979,4752,optimizacion del sistema escape deportivo y gps segun solicitud del cliente.,Finalizado,2026-03-18 00:00:00,2026-03-21 00:00:00,3342,Entregado,Suzuki,Ninja 400,Carlos Mendoza,Manuel Vargas
2443,4645,1560,mantenimiento preventivo en frenos y transmision debido a desgaste.,Finalizado,2026-03-15 00:00:00,2026-03-16 00:00:00,4783,Cliente informado,Yamaha,CBR 600RR,Carlos Mendoza,Edwin Chavez
2444,3768,3163,instalacion y calibracion de falla y inspeccion incluyendo ajuste final.,Finalizado,2026-03-18 00:00:00,2026-03-21 00:00:00,5380,Entregado,Italika,GN125,Jose Ramirez,Kevin Torres
2445,2384,4613,revision completa de luces y alternador con pruebas posteriores.,Finalizado,2026-03-11 00:00:00,2026-03-13 00:00:00,2578,Entregado,Kawasaki,MT-07,Jose Ramirez,Juan Perez
2446,1650,3127,ajuste tecnico de chip y escape deportivo y verificacion completa.,Finalizado,2026-03-19 00:00:00,2026-03-22 00:00:00,4423,Entregado,Yamaha,R15,Jose Ramirez,Daniel Castillo
2447,2200,479,ajuste tecnico de motor y arbol de levas y verificacion completa.,Finalizado,2026-03-07 00:00:00,2026-02-25 00:00:00,1349,Cliente informado,Suzuki,CB190R,Jose Ramirez,Manuel Vargas
2448,4073,3261,diagnostico y reparacion de embrague y pistones debido a desgaste.,Finalizado,2026-03-26 00:00:00,2026-03-28 00:00:00,4011,Entregado,Bajaj,CBR 600RR,Jose Ramirez,Luis Martinez
2449,3465,3096,diagnostico y reparacion de diagnostico y problema segun solicitud del cliente.,Finalizado,2026-03-17 00:00:00,2026-03-18 00:00:00,5852,Entregado,Yamaha,FZ16,Carlos Mendoza,Victor Rivas
2450,1664,2688,diagnostico y reparacion de pantalla y cambio color con pruebas posteriores.,Finalizado,2026-03-21 00:00:00,2026-03-24 00:00:00,535,Cliente informado,Honda,Ninja 400,Carlos Mendoza,Luis Martinez
2451,695,4490,revision completa de chequeo y inspeccion debido a desgaste.,Finalizado,2026-03-17 00:00:00,2026-03-07 00:00:00,1220,Cliente informado,Honda,Z650,Carlos Mendoza,Luis Martinez
2452,2553,1018,revision completa de motor de arranque y motor de arranque con pruebas posteriores.,Finalizado,2026-03-04 00:00:00,2026-03-08 00:00:00,5984,Cliente informado,Bajaj,GN125,Carlos Mendoza,Victor Rivas
2453,1632,2973,servicio integral para cableado y luces debido a desgaste.,Finalizado,2026-03-15 00:00:00,2026-03-17 00:00:00,5151,Cliente informado,Bajaj,FZ16,Carlos Mendoza,Wilmer Soto
2454,4261,4486,inspeccion avanzada de radiador y amortiguadores segun solicitud del cliente.,Finalizado,2026-03-07 00:00:00,2026-03-11 00:00:00,3803,Cliente informado,KTM,Ninja 400,Carlos Mendoza,Luis Martinez
2455,4419,2732,inspeccion avanzada de chequeo y chequeo y verificacion completa.,Finalizado,2026-03-20 00:00:00,2026-03-24 00:00:00,2556,Cliente informado,Suzuki,GN125,Jose Ramirez,Fernando Herrera
2456,1767,5194,servicio integral para actualizacion de software y estetico por falla detectada.,Finalizado,2026-03-18 00:00:00,2026-03-20 00:00:00,2760,Cliente informado,Suzuki,DM200,Jose Ramirez,Wilmer Soto
2457,1160,3259,servicio integral para vinilado y modificacion con pruebas posteriores.,Finalizado,2026-03-21 00:00:00,2026-03-21 00:00:00,5192,Cliente informado,Yamaha,Pulsar NS200,Jose Ramirez,Edwin Chavez
2458,3979,4752,optimizacion del sistema polarizado y gps por falla detectada.,Finalizado,2026-03-18 00:00:00,2026-03-21 00:00:00,533,Entregado,Yamaha,Duke 390,Carlos Mendoza,Victor Rivas
2459,2546,4930,diagnostico y reparacion de test y diagnostico incluyendo ajuste final.,Finalizado,2026-03-15 00:00:00,2026-03-18 00:00:00,4138,Entregado,Yamaha,GSX-R750,Carlos Mendoza,Oscar Reyes
2460,1436,2188,optimizacion del sistema niveles y alineacion para mejorar rendimiento.,Finalizado,2026-03-01 00:00:00,2026-03-04 00:00:00,2816,Cliente informado,Suzuki,MT-07,Jose Ramirez,Javier Morales
2461,1211,113,correccion especializada de sensores y motor de arranque debido a desgaste.,Finalizado,2026-03-19 00:00:00,2026-03-21 00:00:00,1741,Cliente informado,Kawasaki,MT-07,Carlos Mendoza,Oscar Reyes
2462,4019,1202,diagnostico y reparacion de motor de arranque y alternador segun solicitud del cliente.,Finalizado,2026-03-21 00:00:00,2026-03-21 00:00:00,2175,Entregado,Honda,Pulsar NS200,Jose Ramirez,Javier Morales
2463,1929,1875,ajuste tecnico de falla y ruido incluyendo ajuste final.,Finalizado,2026-03-10 00:00:00,2026-03-12 00:00:00,1023,Entregado,Honda,Pulsar NS200,Jose Ramirez,Edwin Chavez
2464,3036,4554,mantenimiento preventivo en actualizacion de software y turbo debido a desgaste.,Finalizado,2026-03-28 00:00:00,2026-03-31 00:00:00,4081,Entregado,Suzuki,CB190R,Jose Ramirez,Oscar Reyes
2465,4738,4912,correccion especializada de inspeccion y diagnostico debido a desgaste.,Finalizado,2026-03-01 00:00:00,2026-03-03 00:00:00,4869,Cliente informado,Yamaha,FZ16,Jose Ramirez,Steven Rocha
2466,4381,2542,servicio integral para arbol de levas y bomba de agua y verificacion completa.,Finalizado,2026-03-03 00:00:00,2026-03-07 00:00:00,6453,Entregado,Yamaha,Apache RTR 200,Carlos Mendoza,Steven Rocha
2467,1751,513,correccion especializada de balanceo y chequeo y verificacion completa.,Finalizado,2026-03-06 00:00:00,2026-03-10 00:00:00,5622,Cliente informado,Italika,XR150L,Jose Ramirez,Cristian Molina
2468,3401,257,correccion especializada de test y ruido y verificacion completa.,Finalizado,2026-03-14 00:00:00,2026-03-18 00:00:00,5716,Entregado,Honda,Pulsar NS200,Jose Ramirez,Daniel Castillo
2469,2535,3464,correccion especializada de velocidad y tuning para mejorar rendimiento.,Finalizado,2026-03-11 00:00:00,2026-03-11 00:00:00,3520,Cliente informado,Italika,Pulsar NS200,Jose Ramirez,Javier Morales
2470,3176,2108,servicio integral para motor de arranque y alternador con pruebas posteriores.,Finalizado,2026-03-04 00:00:00,2026-03-04 00:00:00,1170,Cliente informado,Suzuki,Boxer 150,Jose Ramirez,Wilmer Soto
2471,2737,4701,inspeccion avanzada de encendido y cableado segun solicitud del cliente.,Finalizado,2026-03-21 00:00:00,2026-03-21 00:00:00,3517,Entregado,Bajaj,Boxer 150,Jose Ramirez,Javier Morales
2472,1519,4024,instalacion y calibracion de chequeo y falla segun solicitud del cliente.,Finalizado,2026-03-03 00:00:00,2026-03-03 00:00:00,4750,Cliente informado,KTM,FT150,Carlos Mendoza,Cristian Molina
2473,3977,4270,correccion especializada de falla y escaneo y verificacion completa.,Finalizado,2026-03-19 00:00:00,2026-03-20 00:00:00,5941,Entregado,Suzuki,CBR 600RR,Jose Ramirez,Oscar Reyes
2474,4959,637,diagnostico y reparacion de luces y alternador para mejorar rendimiento.,Finalizado,2026-03-09 00:00:00,2026-03-10 00:00:00,2505,Entregado,KTM,Apache RTR 200,Jose Ramirez,Jose Ramirez
2475,3368,376,ajuste tecnico de falla y inspeccion por falla detectada.,Finalizado,2026-03-06 00:00:00,2026-03-07 00:00:00,4137,Entregado,Suzuki,MT-07,Carlos Mendoza,Mario Lopez
2476,741,5222,servicio integral para embrague y radiador para mejorar rendimiento.,Finalizado,2026-03-28 00:00:00,2026-03-29 00:00:00,6291,Entregado,Honda,R15,Jose Ramirez,Daniel Castillo
2477,1728,4048,revision completa de suspension y biela debido a desgaste.,Finalizado,2026-03-24 00:00:00,2026-03-25 00:00:00,3465,Cliente informado,KTM,Gixxer 250,Carlos Mendoza,Cristian Molina
2478,802,4972,correccion especializada de bujias y balanceo debido a desgaste.,Finalizado,2026-03-16 00:00:00,2026-03-17 00:00:00,4274,Cliente informado,AKT,Z650,Carlos Mendoza,Luis Martinez
2479,57,5056,mantenimiento preventivo en test y escaneo con pruebas posteriores.,Finalizado,2026-03-02 00:00:00,2026-03-05 00:00:00,2647,Cliente informado,Suzuki,CB190R,Carlos Mendoza,Mario Lopez
2480,4041,2501,mantenimiento preventivo en ruido y falla debido a desgaste.,Finalizado,2026-03-01 00:00:00,2026-03-01 00:00:00,1884,Cliente informado,AKT,DM200,Jose Ramirez,Eduardo Castro
2481,3895,1935,ajuste tecnico de filtro de aceite y alineacion incluyendo ajuste final.,Finalizado,2026-03-05 00:00:00,2026-03-05 00:00:00,4542,Cliente informado,TVS,RC 200,Jose Ramirez,Kevin Torres
2482,3570,2549,mantenimiento preventivo en sistema electrico y centralita por falla detectada.,Finalizado,2026-03-24 00:00:00,2026-03-25 00:00:00,3027,Cliente informado,Suzuki,FZ16,Carlos Mendoza,Juan Perez
2483,4880,2346,servicio integral para falla y ruido debido a desgaste.,Finalizado,2026-03-22 00:00:00,2026-03-25 00:00:00,3929,Cliente informado,Yamaha,CB190R,Carlos Mendoza,Andres Ruiz
2484,4388,595,instalacion y calibracion de cambio color y custom por falla detectada.,En proceso,2026-03-02 00:00:00,2026-03-05 00:00:00,3223,Cliente informado,AKT,GSX-R750,Carlos Mendoza,Jose Ramirez
2485,3200,4867,inspeccion avanzada de niveles y cambio de aceite incluyendo ajuste final.,Finalizado,2026-03-11 00:00:00,2026-03-15 00:00:00,1833,Cliente informado,Suzuki,Duke 390,Jose Ramirez,Eduardo Castro
2486,2563,4306,correccion especializada de alineacion y alineacion segun solicitud del cliente.,Finalizado,2026-03-24 00:00:00,2026-03-28 00:00:00,3671,Cliente informado,Honda,GSX-R750,Carlos Mendoza,Samuel Cruz
2487,3819,2832,inspeccion avanzada de sensores y encendido por falla detectada.,Finalizado,2026-03-10 00:00:00,2026-03-11 00:00:00,2206,Entregado,Italika,Boxer 150,Jose Ramirez,Steven Rocha
2488,2931,1494,inspeccion avanzada de motor y frenos con pruebas posteriores.,Finalizado,2026-03-11 00:00:00,2026-03-15 00:00:00,6369,Entregado,Honda,Gixxer 250,Jose Ramirez,Oscar Reyes
2489,4471,257,optimizacion del sistema eje y bomba de agua segun solicitud del cliente.,Finalizado,2026-03-15 00:00:00,2026-03-17 00:00:00,5062,Entregado,Suzuki,Z650,Jose Ramirez,Cristian Molina
2490,1323,2386,diagnostico y reparacion de transmision y pistones y verificacion completa.,Entregado,2026-03-10 00:00:00,2026-03-12 00:00:00,3733,Cliente informado,Suzuki,NKD 125,Carlos Mendoza,Kevin Torres
2491,394,2439,correccion especializada de aleron y calipers y verificacion completa.,Finalizado,2026-03-27 00:00:00,2026-03-31 00:00:00,6301,Entregado,Italika,Boxer 150,Jose Ramirez,Carlos Mendoza
2492,4633,2016,optimizacion del sistema motor de arranque y fallo electrico debido a desgaste.,Finalizado,2026-03-18 00:00:00,2026-03-18 00:00:00,3346,Cliente informado,Honda,Boxer 150,Jose Ramirez,Henry Tellez
2493,1064,4365,mantenimiento preventivo en revision general y falla debido a desgaste.,Finalizado,2026-02-28 00:00:00,2026-03-04 00:00:00,1987,Entregado,Kawasaki,Z650,Carlos Mendoza,Alexis Diaz
2494,3562,5193,revision completa de actualizacion de software y turbo incluyendo ajuste final.,Finalizado,2026-03-24 00:00:00,2026-03-24 00:00:00,1202,Entregado,Italika,CBR 600RR,Carlos Mendoza,Carlos Mendoza
2495,1187,3819,correccion especializada de bateria y bateria incluyendo ajuste final.,Finalizado,2026-03-10 00:00:00,2026-03-14 00:00:00,4997,Cliente informado,Yamaha,R15,Jose Ramirez,Kevin Torres
2496,2122,189,instalacion y calibracion de frenos y distribucion y verificacion completa.,Finalizado,2026-03-03 00:00:00,2026-03-04 00:00:00,2008,Cliente informado,Bajaj,Boxer 150,Jose Ramirez,Cristian Molina
2497,1399,2837,diagnostico y reparacion de ciguenal y suspension por falla detectada.,Finalizado,2026-03-04 00:00:00,2026-03-04 00:00:00,3194,Cliente informado,Suzuki,FT150,Carlos Mendoza,Alexis Diaz
2498,1229,2933,servicio integral para fallo electrico y encendido con pruebas posteriores.,Finalizado,2026-03-16 00:00:00,2026-03-18 00:00:00,3927,Entregado,KTM,Ninja 400,Jose Ramirez,Alexis Diaz
2499,145,1400,revision completa de motor de arranque y bateria por falla detectada.,Finalizado,2026-03-07 00:00:00,2026-03-09 00:00:00,5270,Cliente informado,Bajaj,XR150L,Jose Ramirez,Mario Lopez
2500,1285,565,mantenimiento preventivo en sistema electrico y motor de arranque incluyendo ajuste final.,Finalizado,2026-03-06 00:00:00,2026-02-24 00:00:00,4140,Entregado,Suzuki,Z650,Carlos Mendoza,Julio Navarro
2501,4999,5160,diagnostico y reparacion de custom y llantas deportivas por falla detectada.,Finalizado,2026-03-13 00:00:00,2026-03-03 00:00:00,1202,Entregado,Italika,Apache RTR 200,Jose Ramirez,Julio Navarro
2502,3319,3817,correccion especializada de fallo electrico y luces incluyendo ajuste final.,Finalizado,2026-02-28 00:00:00,2026-03-02 00:00:00,4804,Cliente informado,Kawasaki,Z650,Jose Ramirez,Andres Ruiz
2503,4900,560,instalacion y calibracion de eje y transmision por falla detectada.,Finalizado,2026-03-06 00:00:00,2026-03-07 00:00:00,3332,Cliente informado,Kawasaki,CBR 600RR,Carlos Mendoza,Samuel Cruz
2504,1751,513,revision completa de escaneo y ruido incluyendo ajuste final.,Finalizado,2026-03-06 00:00:00,2026-03-10 00:00:00,2404,Cliente informado,Suzuki,Gixxer 250,Carlos Mendoza,Juan Perez
2505,4819,1018,optimizacion del sistema encendido y cableado debido a desgaste.,Finalizado,2026-03-26 00:00:00,2026-03-27 00:00:00,4204,Entregado,Kawasaki,FT150,Jose Ramirez,Francisco Blandon
2506,2497,130,correccion especializada de alineacion y lubricacion incluyendo ajuste final.,Finalizado,2026-02-28 00:00:00,2026-03-01 00:00:00,2191,Cliente informado,Bajaj,CB190R,Jose Ramirez,Manuel Vargas
2507,977,3741,servicio integral para diferencial y ciguenal para mejorar rendimiento.,Finalizado,2026-03-14 00:00:00,2026-03-16 00:00:00,866,Entregado,Honda,XR150L,Carlos Mendoza,Javier Morales
2508,2508,5186,correccion especializada de alternador y encendido debido a desgaste.,Finalizado,2026-03-11 00:00:00,2026-03-13 00:00:00,4924,Entregado,Suzuki,Ninja 400,Carlos Mendoza,Fernando Herrera
2509,2535,3464,correccion especializada de amortiguadores y motor debido a desgaste.,Finalizado,2026-03-11 00:00:00,2026-03-11 00:00:00,2778,Cliente informado,Honda,R15,Carlos Mendoza,Oscar Reyes
2510,3295,3651,correccion especializada de evaluacion y escaneo con pruebas posteriores.,Finalizado,2026-03-19 00:00:00,2026-03-21 00:00:00,4487,Entregado,KTM,CB190R,Carlos Mendoza,Jose Ramirez
2511,3166,4505,revision completa de sensores y centralita y verificacion completa.,Finalizado,2026-03-26 00:00:00,2026-03-30 00:00:00,1447,Cliente informado,Honda,Gixxer 250,Carlos Mendoza,Cristian Molina
2512,1974,4930,optimizacion del sistema sistema electrico y fallo electrico debido a desgaste.,Finalizado,2026-03-08 00:00:00,2026-03-10 00:00:00,1105,Entregado,Suzuki,Z650,Carlos Mendoza,Carlos Mendoza
2513,2774,3021,optimizacion del sistema suspension y amortiguadores y verificacion completa.,En proceso,2026-03-24 00:00:00,2026-03-25 00:00:00,2223,Cliente informado,Suzuki,GN125,Jose Ramirez,Julio Navarro
2514,4939,503,instalacion y calibracion de escaneo y chequeo segun solicitud del cliente.,Finalizado,2026-03-28 00:00:00,2026-03-30 00:00:00,1428,Entregado,Italika,Pulsar NS200,Jose Ramirez,Andres Ruiz
2515,963,1924,ajuste tecnico de lubricacion y cambio de aceite con pruebas posteriores.,Finalizado,2026-02-28 00:00:00,2026-03-04 00:00:00,936,Cliente informado,KTM,Pulsar NS200,Carlos Mendoza,Mario Lopez
2516,1134,5242,ajuste tecnico de cableado y sistema electrico incluyendo ajuste final.,Entregado,2026-03-01 00:00:00,2026-03-04 00:00:00,1599,Entregado,Honda,R15,Jose Ramirez,Cristian Molina
2517,1962,3695,revision completa de calipers y reprogramacion debido a desgaste.,Finalizado,2026-03-07 00:00:00,2026-03-09 00:00:00,1182,Cliente informado,Bajaj,MT-07,Jose Ramirez,Henry Tellez
2518,3035,4531,revision completa de filtro de aire y alineacion debido a desgaste.,Entregado,2026-03-18 00:00:00,2026-03-18 00:00:00,5852,Cliente informado,Honda,CB190R,Carlos Mendoza,Eduardo Castro
2519,3720,3889,ajuste tecnico de sensores y motor de arranque debido a desgaste.,Finalizado,2026-03-26 00:00:00,2026-03-30 00:00:00,4322,Entregado,Suzuki,Apache RTR 200,Jose Ramirez,Erick Gutierrez
2520,567,904,ajuste tecnico de filtro de aire y revision debido a desgaste.,Finalizado,2026-03-11 00:00:00,2026-03-15 00:00:00,2352,Cliente informado,Italika,Pulsar NS200,Carlos Mendoza,Javier Morales
2521,57,5056,diagnostico y reparacion de turbo y velocidad para mejorar rendimiento.,Finalizado,2026-03-02 00:00:00,2026-03-05 00:00:00,584,Cliente informado,Italika,Z650,Jose Ramirez,Samuel Cruz
2522,1298,1103,servicio integral para modificacion y potencia debido a desgaste.,Finalizado,2026-03-23 00:00:00,2026-03-27 00:00:00,3466,Entregado,Italika,DM200,Jose Ramirez,Edwin Chavez
2523,3435,2139,ajuste tecnico de fallo electrico y alternador debido a desgaste.,Finalizado,2026-03-03 00:00:00,2026-03-06 00:00:00,2023,Cliente informado,KTM,Boxer 150,Carlos Mendoza,Cristian Molina
2524,2769,2169,instalacion y calibracion de arbol de levas y suspension para mejorar rendimiento.,Finalizado,2026-03-11 00:00:00,2026-03-15 00:00:00,5574,Entregado,Honda,DM200,Jose Ramirez,Julio Navarro
2525,2018,3369,instalacion y calibracion de chequeo y evaluacion incluyendo ajuste final.,Finalizado,2026-03-23 00:00:00,2026-03-23 00:00:00,3785,Entregado,Suzuki,GSX-R750,Carlos Mendoza,Javier Morales
2526,1095,4956,ajuste tecnico de cableado y luces incluyendo ajuste final.,Finalizado,2026-02-28 00:00:00,2026-03-04 00:00:00,2971,Entregado,Suzuki,CB190R,Carlos Mendoza,Kevin Torres
2527,935,3572,correccion especializada de escaneo y evaluacion debido a desgaste.,Finalizado,2026-03-15 00:00:00,2026-03-17 00:00:00,1539,Entregado,Yamaha,R15,Jose Ramirez,Daniel Castillo
2528,2402,1284,correccion especializada de motor de arranque y fallo electrico con pruebas posteriores.,Finalizado,2026-03-06 00:00:00,2026-03-09 00:00:00,5263,Entregado,Suzuki,GN125,Jose Ramirez,Roberto Flores
2529,4768,3741,revision completa de alternador y fallo electrico y verificacion completa.,Finalizado,2026-03-05 00:00:00,2026-03-07 00:00:00,3195,Cliente informado,TVS,CBR 600RR,Carlos Mendoza,Victor Rivas
2530,1688,396,ajuste tecnico de caja de cambios y amortiguadores por falla detectada.,Finalizado,2026-03-23 00:00:00,2026-03-27 00:00:00,1306,Cliente informado,Honda,NKD 125,Jose Ramirez,Jose Ramirez
2531,935,3572,ajuste tecnico de chasis y pistones con pruebas posteriores.,Finalizado,2026-03-15 00:00:00,2026-03-17 00:00:00,5354,Entregado,Honda,Z650,Carlos Mendoza,Henry Tellez
2532,1376,1996,inspeccion avanzada de diferencial y amortiguadores debido a desgaste.,Finalizado,2026-03-17 00:00:00,2026-03-18 00:00:00,6107,Entregado,KTM,FZ16,Carlos Mendoza,Henry Tellez
2533,1323,2386,correccion especializada de luces y alternador incluyendo ajuste final.,Entregado,2026-03-10 00:00:00,2026-03-12 00:00:00,4225,Cliente informado,Yamaha,FZ16,Carlos Mendoza,Juan Perez
2534,1098,459,diagnostico y reparacion de sonido y escape deportivo y verificacion completa.,Finalizado,2026-03-03 00:00:00,2026-03-06 00:00:00,4827,Cliente informado,KTM,CBR 600RR,Jose Ramirez,Jose Ramirez
2535,2458,2190,revision completa de fallo electrico y luces y verificacion completa.,Finalizado,2026-03-07 00:00:00,2026-03-08 00:00:00,1325,Cliente informado,Suzuki,Gixxer 250,Carlos Mendoza,Oscar Reyes
2536,1588,606,ajuste tecnico de alternador y motor de arranque debido a desgaste.,Finalizado,2026-03-20 00:00:00,2026-03-24 00:00:00,3910,Entregado,Italika,Z650,Carlos Mendoza,Luis Martinez
2537,4221,692,servicio integral para bomba de agua y embrague con pruebas posteriores.,Entregado,2026-03-18 00:00:00,2026-03-20 00:00:00,5009,Entregado,AKT,Pulsar NS200,Carlos Mendoza,Andres Ruiz
2538,862,811,revision completa de chequeo y bujias con pruebas posteriores.,Finalizado,2026-03-24 00:00:00,2026-03-28 00:00:00,4861,Cliente informado,Suzuki,Boxer 150,Jose Ramirez,Oscar Reyes
2539,1785,3695,ajuste tecnico de fallo electrico y cableado para mejorar rendimiento.,Finalizado,2026-03-08 00:00:00,2026-03-11 00:00:00,2319,Cliente informado,Honda,Duke 390,Jose Ramirez,Steven Rocha
2540,2125,3015,servicio integral para sensores y alternador por falla detectada.,Finalizado,2026-03-26 00:00:00,2026-03-27 00:00:00,2970,Entregado,Suzuki,NKD 125,Jose Ramirez,Miguel Garcia
2541,1822,4197,ajuste tecnico de potencia y estetico y verificacion completa.,Finalizado,2026-03-26 00:00:00,2026-03-28 00:00:00,6119,Cliente informado,Yamaha,CBR 600RR,Carlos Mendoza,Roberto Flores
2542,2483,3889,inspeccion avanzada de evaluacion y falla segun solicitud del cliente.,Finalizado,2026-03-28 00:00:00,2026-03-30 00:00:00,4153,Entregado,Italika,Z650,Carlos Mendoza,Henry Tellez
2543,243,186,optimizacion del sistema inspeccion y inspeccion con pruebas posteriores.,En proceso,2026-03-02 00:00:00,2026-03-06 00:00:00,3971,Entregado,Honda,Pulsar NS200,Carlos Mendoza,Steven Rocha
2544,2563,4306,servicio integral para turbo y turbo y verificacion completa.,Finalizado,2026-03-24 00:00:00,2026-03-28 00:00:00,4772,Cliente informado,Honda,RC 200,Jose Ramirez,Brayan Silva
2545,4913,5187,correccion especializada de suspension y radiador por falla detectada.,Finalizado,2026-03-04 00:00:00,2026-03-05 00:00:00,1159,Entregado,Suzuki,XR150L,Jose Ramirez,Francisco Blandon
2546,4366,4693,ajuste tecnico de audio y turbo por falla detectada.,Finalizado,2026-03-18 00:00:00,2026-03-19 00:00:00,5720,Entregado,Italika,Gixxer 250,Carlos Mendoza,Manuel Vargas
2547,3191,376,instalacion y calibracion de luces y fallo electrico para mejorar rendimiento.,Finalizado,2026-03-23 00:00:00,2026-03-25 00:00:00,4094,Entregado,Kawasaki,Apache RTR 200,Jose Ramirez,Alexis Diaz
2548,902,5131,servicio integral para distribucion y embrague con pruebas posteriores.,Finalizado,2026-03-25 00:00:00,2026-03-26 00:00:00,582,Cliente informado,Honda,Duke 390,Carlos Mendoza,Edwin Chavez
2549,1323,2386,optimizacion del sistema chequeo y balanceo y verificacion completa.,Entregado,2026-03-10 00:00:00,2026-03-12 00:00:00,617,Cliente informado,Suzuki,DM200,Carlos Mendoza,Francisco Blandon
2550,893,2689,servicio integral para turbo y performance segun solicitud del cliente.,Finalizado,2026-03-02 00:00:00,2026-02-20 00:00:00,4449,Entregado,Bajaj,GSX-R750,Carlos Mendoza,Manuel Vargas
2551,291,4745,mantenimiento preventivo en calipers y pintar carroceria con pruebas posteriores.,Finalizado,2026-03-09 00:00:00,2026-03-11 00:00:00,6381,Entregado,Yamaha,XR150L,Carlos Mendoza,Roberto Flores
2552,1632,2973,instalacion y calibracion de amortiguadores y embrague por falla detectada.,Finalizado,2026-03-15 00:00:00,2026-03-17 00:00:00,5511,Cliente informado,Yamaha,Z650,Jose Ramirez,Cristian Molina
2553,2102,3884,instalacion y calibracion de sensores y centralita para mejorar rendimiento.,Finalizado,2026-03-22 00:00:00,2026-03-22 00:00:00,4596,Cliente informado,KTM,Duke 390,Jose Ramirez,Javier Morales
2554,4406,3491,diagnostico y reparacion de sistema electrico y sistema electrico por falla detectada.,Finalizado,2026-03-04 00:00:00,2026-02-22 00:00:00,3985,Entregado,KTM,R15,Jose Ramirez,Edwin Chavez
2555,3806,2037,mantenimiento preventivo en bomba de agua y suspension por falla detectada.,Entregado,2026-03-15 00:00:00,2026-03-19 00:00:00,4087,Cliente informado,Honda,Duke 390,Carlos Mendoza,Brayan Silva
2556,4540,1036,ajuste tecnico de personalizacion y camara y verificacion completa.,Finalizado,2026-03-12 00:00:00,2026-03-12 00:00:00,6151,Entregado,Bajaj,Gixxer 250,Carlos Mendoza,Francisco Blandon
2557,3849,4433,inspeccion avanzada de cambio de aceite y filtro de aire incluyendo ajuste final.,Finalizado,2026-03-05 00:00:00,2026-03-05 00:00:00,553,Entregado,Yamaha,GN125,Carlos Mendoza,Kevin Torres
2558,1076,1896,correccion especializada de polarizado y pintura por falla detectada.,Finalizado,2026-03-19 00:00:00,2026-03-23 00:00:00,1291,Entregado,Bajaj,Pulsar NS200,Jose Ramirez,Steven Rocha
2559,52,2054,instalacion y calibracion de sensores de estacionamiento y turbo por falla detectada.,En proceso,2026-02-28 00:00:00,2026-03-03 00:00:00,4844,Entregado,Bajaj,FZ16,Carlos Mendoza,Roberto Flores
2560,4409,4511,optimizacion del sistema caja de cambios y amortiguadores incluyendo ajuste final.,Finalizado,2026-03-01 00:00:00,2026-03-03 00:00:00,5854,Entregado,AKT,Pulsar NS200,Jose Ramirez,Julio Navarro
2561,2848,4660,correccion especializada de ciguenal y carroceria con pruebas posteriores.,Finalizado,2026-03-22 00:00:00,2026-03-25 00:00:00,4194,Cliente informado,Honda,GSX-R750,Jose Ramirez,Steven Rocha
2562,695,4490,instalacion y calibracion de lubricacion y filtro de aceite con pruebas posteriores.,Finalizado,2026-03-17 00:00:00,2026-03-07 00:00:00,1131,Cliente informado,Italika,Duke 390,Jose Ramirez,Edwin Chavez
2563,783,192,ajuste tecnico de fibra de carbono y pantalla segun solicitud del cliente.,Finalizado,2026-03-01 00:00:00,2026-03-04 00:00:00,536,Cliente informado,Honda,RC 200,Carlos Mendoza,Luis Martinez
2564,597,2954,ajuste tecnico de luces y alternador segun solicitud del cliente.,Finalizado,2026-03-25 00:00:00,2026-03-27 00:00:00,4851,Cliente informado,Kawasaki,DM200,Carlos Mendoza,Jose Ramirez
2565,4573,132,mantenimiento preventivo en carroceria y arbol de levas por falla detectada.,Finalizado,2026-03-09 00:00:00,2026-03-12 00:00:00,2512,Cliente informado,Italika,Apache RTR 200,Carlos Mendoza,Roberto Flores
2566,2546,4930,correccion especializada de arbol de levas y bomba de agua y verificacion completa.,Finalizado,2026-03-15 00:00:00,2026-03-18 00:00:00,3797,Entregado,AKT,CBR 600RR,Jose Ramirez,Carlos Mendoza
2567,315,3035,servicio integral para centralita y cableado para mejorar rendimiento.,Finalizado,2026-03-07 00:00:00,2026-03-10 00:00:00,2754,Entregado,Honda,DM200,Carlos Mendoza,Mario Lopez
2568,3001,746,ajuste tecnico de cableado y sistema electrico por falla detectada.,En proceso,2026-03-02 00:00:00,2026-03-03 00:00:00,5525,Cliente informado,AKT,GSX-R750,Carlos Mendoza,Steven Rocha
2569,160,5177,optimizacion del sistema alineacion y filtro de aceite segun solicitud del cliente.,En proceso,2026-03-18 00:00:00,2026-03-18 00:00:00,3081,Entregado,Yamaha,MT-07,Carlos Mendoza,Henry Tellez
2570,4655,4571,servicio integral para centralita y centralita con pruebas posteriores.,Finalizado,2026-03-27 00:00:00,2026-03-27 00:00:00,5097,Cliente informado,Bajaj,Apache RTR 200,Jose Ramirez,Andres Ruiz
2571,3124,1096,revision completa de bateria y centralita por falla detectada.,Finalizado,2026-03-11 00:00:00,2026-03-12 00:00:00,3581,Entregado,Bajaj,Z650,Jose Ramirez,Eduardo Castro
2572,1187,3819,servicio integral para balanceo y bujias para mejorar rendimiento.,Finalizado,2026-03-10 00:00:00,2026-03-14 00:00:00,1438,Cliente informado,TVS,Duke 390,Carlos Mendoza,Victor Rivas
2573,4165,3769,instalacion y calibracion de balanceo y balanceo incluyendo ajuste final.,Finalizado,2026-03-14 00:00:00,2026-03-17 00:00:00,5272,Cliente informado,Honda,Ninja 400,Jose Ramirez,Javier Morales
2574,4381,3015,revision completa de fibra de carbono y tuning y verificacion completa.,Finalizado,2026-03-23 00:00:00,2026-03-25 00:00:00,1779,Cliente informado,Italika,Boxer 150,Carlos Mendoza,Francisco Blandon
2575,1400,656,revision completa de bateria y fallo electrico para mejorar rendimiento.,En proceso,2026-03-08 00:00:00,2026-03-08 00:00:00,5341,Cliente informado,KTM,Ninja 400,Jose Ramirez,Andres Ruiz
2576,1268,5173,ajuste tecnico de falla y test por falla detectada.,Entregado,2026-03-24 00:00:00,2026-03-27 00:00:00,561,Cliente informado,Yamaha,Z650,Carlos Mendoza,Manuel Vargas
2577,96,914,diagnostico y reparacion de gps y pantalla debido a desgaste.,Finalizado,2026-03-04 00:00:00,2026-03-08 00:00:00,6478,Entregado,AKT,Boxer 150,Carlos Mendoza,Mario Lopez
2578,1681,1471,instalacion y calibracion de sensores y alternador debido a desgaste.,Finalizado,2026-03-26 00:00:00,2026-03-26 00:00:00,5538,Entregado,Bajaj,RC 200,Carlos Mendoza,Roberto Flores
2579,3035,4531,revision completa de sistema electrico y cableado incluyendo ajuste final.,Entregado,2026-03-18 00:00:00,2026-03-18 00:00:00,1091,Cliente informado,Yamaha,CBR 600RR,Jose Ramirez,Cristian Molina
2580,28,3267,diagnostico y reparacion de bomba de agua y carroceria y verificacion completa.,Finalizado,2026-03-15 00:00:00,2026-03-18 00:00:00,6345,Cliente informado,Bajaj,NKD 125,Carlos Mendoza,Luis Martinez
2581,144,2369,inspeccion avanzada de sonido y pantalla por falla detectada.,Finalizado,2026-03-21 00:00:00,2026-03-25 00:00:00,2819,Cliente informado,Kawasaki,Gixxer 250,Jose Ramirez,Francisco Blandon
2582,357,301,servicio integral para ruido y evaluacion con pruebas posteriores.,Finalizado,2026-03-24 00:00:00,2026-03-24 00:00:00,2275,Cliente informado,Bajaj,Ninja 400,Carlos Mendoza,Wilmer Soto
2583,3513,2464,servicio integral para motor de arranque y luces para mejorar rendimiento.,Finalizado,2026-03-02 00:00:00,2026-03-05 00:00:00,5374,Cliente informado,Honda,DM200,Jose Ramirez,Oscar Reyes
2584,2314,1378,ajuste tecnico de camara y cromado incluyendo ajuste final.,Finalizado,2026-03-08 00:00:00,2026-03-09 00:00:00,3326,Cliente informado,Suzuki,RC 200,Carlos Mendoza,Juan Perez
2585,4900,560,instalacion y calibracion de lubricacion y filtro de aceite debido a desgaste.,Finalizado,2026-03-06 00:00:00,2026-03-07 00:00:00,2527,Cliente informado,Yamaha,Apache RTR 200,Carlos Mendoza,Erick Gutierrez
2586,4655,4571,mantenimiento preventivo en eje y radiador debido a desgaste.,Finalizado,2026-03-27 00:00:00,2026-03-27 00:00:00,2377,Cliente informado,Suzuki,XR150L,Carlos Mendoza,Jose Ramirez
2587,3720,3889,revision completa de test y chequeo con pruebas posteriores.,Finalizado,2026-03-26 00:00:00,2026-03-30 00:00:00,2419,Entregado,Bajaj,Ninja 400,Carlos Mendoza,Samuel Cruz
2588,4271,3014,optimizacion del sistema chip y sensores de estacionamiento por falla detectada.,Finalizado,2026-03-26 00:00:00,2026-03-28 00:00:00,1784,Cliente informado,AKT,Z650,Carlos Mendoza,Victor Rivas
2589,2411,4957,mantenimiento preventivo en test y diagnostico para mejorar rendimiento.,Finalizado,2026-03-20 00:00:00,2026-03-23 00:00:00,3493,Cliente informado,AKT,NKD 125,Jose Ramirez,Fernando Herrera
2590,4844,1735,revision completa de fallo electrico y alternador debido a desgaste.,Finalizado,2026-03-24 00:00:00,2026-03-27 00:00:00,3432,Entregado,Yamaha,RC 200,Carlos Mendoza,Javier Morales
2591,4155,3460,ajuste tecnico de camara y chip incluyendo ajuste final.,Finalizado,2026-03-11 00:00:00,2026-03-11 00:00:00,1186,Cliente informado,Italika,GSX-R750,Carlos Mendoza,Victor Rivas
2592,1920,4634,ajuste tecnico de niveles y lubricacion con pruebas posteriores.,Finalizado,2026-03-10 00:00:00,2026-03-14 00:00:00,4722,Entregado,Kawasaki,RC 200,Jose Ramirez,Wilmer Soto
2593,844,4307,ajuste tecnico de transmision y motor por falla detectada.,Finalizado,2026-03-02 00:00:00,2026-03-06 00:00:00,5542,Cliente informado,Suzuki,MT-07,Carlos Mendoza,Cristian Molina
2594,1919,1331,revision completa de sensores y centralita y verificacion completa.,Finalizado,2026-03-26 00:00:00,2026-03-30 00:00:00,5530,Entregado,Honda,NKD 125,Jose Ramirez,Miguel Garcia
2595,3615,2346,inspeccion avanzada de escape deportivo y frenos deportivos con pruebas posteriores.,Finalizado,2026-03-20 00:00:00,2026-03-21 00:00:00,4473,Entregado,Suzuki,Duke 390,Jose Ramirez,Steven Rocha
2596,3813,4236,instalacion y calibracion de chequeo y falla para mejorar rendimiento.,Finalizado,2026-03-02 00:00:00,2026-02-20 00:00:00,1404,Entregado,Suzuki,RC 200,Jose Ramirez,Javier Morales
2597,3642,3490,mantenimiento preventivo en chequeo y revision debido a desgaste.,Finalizado,2026-03-20 00:00:00,2026-03-24 00:00:00,5497,Entregado,Suzuki,GSX-R750,Jose Ramirez,Steven Rocha
2598,863,2202,instalacion y calibracion de centralita y cableado por falla detectada.,En proceso,2026-03-22 00:00:00,2026-03-24 00:00:00,4058,Cliente informado,Suzuki,Pulsar NS200,Jose Ramirez,Carlos Mendoza
2599,3813,4236,servicio integral para embrague y bomba de agua por falla detectada.,Finalizado,2026-03-02 00:00:00,2026-02-20 00:00:00,1835,Entregado,Yamaha,XR150L,Carlos Mendoza,Victor Rivas
2600,4483,2879,inspeccion avanzada de reprogramacion y camara debido a desgaste.,Finalizado,2026-03-24 00:00:00,2026-03-25 00:00:00,1054,Cliente informado,AKT,Z650,Jose Ramirez,Daniel Castillo
2601,3908,4747,instalacion y calibracion de fallo electrico y centralita incluyendo ajuste final.,Finalizado,2026-03-26 00:00:00,2026-03-27 00:00:00,4576,Entregado,Yamaha,FT150,Jose Ramirez,Cristian Molina
2602,1009,3494,optimizacion del sistema embrague y direccion por falla detectada.,Finalizado,2026-03-14 00:00:00,2026-03-17 00:00:00,4658,Entregado,Suzuki,FT150,Carlos Mendoza,Samuel Cruz
2603,664,2543,servicio integral para bujias y alineacion y verificacion completa.,Finalizado,2026-02-28 00:00:00,2026-02-28 00:00:00,2945,Cliente informado,Bajaj,Ninja 400,Carlos Mendoza,Miguel Garcia
2604,3319,3817,ajuste tecnico de frenos y diferencial por falla detectada.,Finalizado,2026-02-28 00:00:00,2026-03-02 00:00:00,1423,Cliente informado,Yamaha,XR150L,Jose Ramirez,Victor Rivas
2605,2388,5026,revision completa de cambio de aceite y filtro de aceite debido a desgaste.,Finalizado,2026-03-11 00:00:00,2026-03-11 00:00:00,6352,Cliente informado,Italika,XR150L,Jose Ramirez,Julio Navarro
2606,566,4348,mantenimiento preventivo en centralita y fallo electrico debido a desgaste.,Finalizado,2026-03-10 00:00:00,2026-03-13 00:00:00,1800,Entregado,Honda,CB190R,Jose Ramirez,Edwin Chavez
2607,1806,4494,mantenimiento preventivo en camara y sensores de estacionamiento y verificacion completa.,Finalizado,2026-03-01 00:00:00,2026-02-19 00:00:00,1724,Entregado,AKT,CB190R,Jose Ramirez,Eduardo Castro
2608,1341,1408,revision completa de sensores y motor de arranque debido a desgaste.,Finalizado,2026-03-18 00:00:00,2026-03-08 00:00:00,5718,Cliente informado,Suzuki,DM200,Jose Ramirez,Steven Rocha
2609,597,2954,instalacion y calibracion de distribucion y caja de cambios y verificacion completa.,Finalizado,2026-03-25 00:00:00,2026-03-27 00:00:00,2848,Cliente informado,TVS,Gixxer 250,Jose Ramirez,Henry Tellez
2610,2903,1202,mantenimiento preventivo en luces led y frenos deportivos incluyendo ajuste final.,Finalizado,2026-03-17 00:00:00,2026-03-21 00:00:00,3538,Entregado,KTM,CB190R,Carlos Mendoza,Fernando Herrera
2611,800,5194,servicio integral para actualizacion de software y luces led incluyendo ajuste final.,Finalizado,2026-03-01 00:00:00,2026-03-05 00:00:00,5248,Entregado,Suzuki,Duke 390,Jose Ramirez,Erick Gutierrez
2612,4973,621,instalacion y calibracion de chequeo y revision general debido a desgaste.,Entregado,2026-03-19 00:00:00,2026-03-23 00:00:00,1975,Cliente informado,Bajaj,Ninja 400,Carlos Mendoza,Luis Martinez
2613,3035,4531,instalacion y calibracion de encendido y encendido para mejorar rendimiento.,Entregado,2026-03-18 00:00:00,2026-03-18 00:00:00,2322,Cliente informado,Kawasaki,CBR 600RR,Jose Ramirez,Alexis Diaz
2614,2016,4735,optimizacion del sistema sensores y alternador debido a desgaste.,Finalizado,2026-03-04 00:00:00,2026-03-04 00:00:00,2502,Entregado,Honda,Ninja 400,Jose Ramirez,Luis Martinez
2615,925,4821,optimizacion del sistema bujias y alineacion por falla detectada.,Finalizado,2026-03-05 00:00:00,2026-03-08 00:00:00,3314,Cliente informado,Kawasaki,NKD 125,Jose Ramirez,Mario Lopez
2616,3839,3244,correccion especializada de ruido y escaneo con pruebas posteriores.,Finalizado,2026-03-21 00:00:00,2026-03-25 00:00:00,3036,Cliente informado,Honda,Ninja 400,Jose Ramirez,Kevin Torres
2617,1344,3238,mantenimiento preventivo en cambio color y polarizado por falla detectada.,Finalizado,2026-03-07 00:00:00,2026-03-08 00:00:00,708,Entregado,Suzuki,DM200,Jose Ramirez,Edwin Chavez
2618,552,1625,instalacion y calibracion de filtro de aire y cambio de aceite incluyendo ajuste final.,Finalizado,2026-03-24 00:00:00,2026-03-26 00:00:00,1219,Cliente informado,Suzuki,NKD 125,Carlos Mendoza,Luis Martinez
2619,4351,3126,instalacion y calibracion de bateria y bateria por falla detectada.,Finalizado,2026-03-19 00:00:00,2026-03-20 00:00:00,6085,Cliente informado,Kawasaki,XR150L,Carlos Mendoza,Brayan Silva
2620,2934,5128,revision completa de caja de cambios y suspension para mejorar rendimiento.,Finalizado,2026-03-04 00:00:00,2026-02-22 00:00:00,4512,Entregado,Italika,XR150L,Carlos Mendoza,Roberto Flores
2621,1336,3821,diagnostico y reparacion de amortiguadores y eje segun solicitud del cliente.,Finalizado,2026-03-20 00:00:00,2026-03-24 00:00:00,1941,Entregado,Kawasaki,Boxer 150,Carlos Mendoza,Mario Lopez
2622,1007,3991,instalacion y calibracion de niveles y revision por falla detectada.,Finalizado,2026-03-11 00:00:00,2026-03-14 00:00:00,1990,Entregado,Honda,Z650,Carlos Mendoza,Daniel Castillo
2623,4477,1264,servicio integral para sensores y bateria para mejorar rendimiento.,Entregado,2026-03-14 00:00:00,2026-03-18 00:00:00,3427,Cliente informado,Bajaj,CB190R,Carlos Mendoza,Jose Ramirez
2624,3887,2663,mantenimiento preventivo en sistema electrico y alternador con pruebas posteriores.,En proceso,2026-03-13 00:00:00,2026-03-13 00:00:00,1954,Cliente informado,Honda,CBR 600RR,Jose Ramirez,Brayan Silva
2625,353,761,ajuste tecnico de escaneo y inspeccion para mejorar rendimiento.,Finalizado,2026-03-28 00:00:00,2026-04-01 00:00:00,5645,Cliente informado,KTM,Apache RTR 200,Jose Ramirez,Andres Ruiz
2626,1217,2603,optimizacion del sistema sensores de estacionamiento y aleron segun solicitud del cliente.,Finalizado,2026-03-20 00:00:00,2026-03-22 00:00:00,709,Cliente informado,Italika,Duke 390,Jose Ramirez,Oscar Reyes
2627,1809,1018,diagnostico y reparacion de arbol de levas y radiador con pruebas posteriores.,Finalizado,2026-03-03 00:00:00,2026-03-03 00:00:00,3354,Entregado,Suzuki,Ninja 400,Jose Ramirez,Juan Perez
2628,3819,2832,optimizacion del sistema aleron y cambio color para mejorar rendimiento.,Finalizado,2026-03-10 00:00:00,2026-03-11 00:00:00,5528,Entregado,Yamaha,FT150,Carlos Mendoza,Javier Morales
2629,3090,3391,correccion especializada de kit aerodinamico y velocidad y verificacion completa.,Finalizado,2026-03-02 00:00:00,2026-03-02 00:00:00,661,Entregado,Kawasaki,Ninja 400,Carlos Mendoza,Andres Ruiz
2630,4471,257,instalacion y calibracion de sistema electrico y sistema electrico y verificacion completa.,Finalizado,2026-03-15 00:00:00,2026-03-17 00:00:00,546,Entregado,Bajaj,CB190R,Carlos Mendoza,Steven Rocha
2631,4395,2737,mantenimiento preventivo en sensores y motor de arranque debido a desgaste.,Finalizado,2026-03-15 00:00:00,2026-03-17 00:00:00,649,Entregado,Bajaj,Gixxer 250,Carlos Mendoza,Miguel Garcia
2632,3895,1935,instalacion y calibracion de sensores de estacionamiento y tuning incluyendo ajuste final.,Finalizado,2026-03-05 00:00:00,2026-03-05 00:00:00,3040,Cliente informado,Kawasaki,Z650,Jose Ramirez,Alexis Diaz
2633,2806,5149,instalacion y calibracion de problema y escaneo por falla detectada.,Finalizado,2026-03-29 00:00:00,2026-04-01 00:00:00,4452,Entregado,Suzuki,Ninja 400,Carlos Mendoza,Henry Tellez
2634,3424,2871,instalacion y calibracion de personalizacion y pantalla y verificacion completa.,Finalizado,2026-03-15 00:00:00,2026-03-15 00:00:00,6435,Cliente informado,Suzuki,Boxer 150,Carlos Mendoza,Jose Ramirez
2635,1874,3368,instalacion y calibracion de escaneo y problema con pruebas posteriores.,En proceso,2026-03-05 00:00:00,2026-03-05 00:00:00,3634,Cliente informado,Italika,XR150L,Carlos Mendoza,Jose Ramirez
2636,1134,5242,diagnostico y reparacion de suspension deportiva y audio por falla detectada.,Entregado,2026-03-01 00:00:00,2026-03-04 00:00:00,3641,Entregado,Kawasaki,NKD 125,Jose Ramirez,Javier Morales
2637,638,748,correccion especializada de bujias y bujias segun solicitud del cliente.,Finalizado,2026-03-08 00:00:00,2026-03-09 00:00:00,1374,Cliente informado,KTM,Gixxer 250,Jose Ramirez,Fernando Herrera
2638,4286,502,servicio integral para camara y personalizacion segun solicitud del cliente.,Finalizado,2026-03-23 00:00:00,2026-03-27 00:00:00,2896,Entregado,Suzuki,FZ16,Carlos Mendoza,Edwin Chavez
2639,1519,5237,optimizacion del sistema motor de arranque y encendido con pruebas posteriores.,Finalizado,2026-03-18 00:00:00,2026-03-22 00:00:00,4502,Cliente informado,Suzuki,Gixxer 250,Carlos Mendoza,Victor Rivas
2640,4674,4810,correccion especializada de kit aerodinamico y chip con pruebas posteriores.,Finalizado,2026-03-12 00:00:00,2026-03-02 00:00:00,2709,Entregado,KTM,Gixxer 250,Carlos Mendoza,Juan Perez
2641,4573,132,revision completa de biela y pistones y verificacion completa.,Finalizado,2026-03-09 00:00:00,2026-03-12 00:00:00,1710,Cliente informado,Kawasaki,Duke 390,Carlos Mendoza,Francisco Blandon
2642,4944,2595,mantenimiento preventivo en chequeo y test y verificacion completa.,Finalizado,2026-03-03 00:00:00,2026-03-07 00:00:00,6334,Cliente informado,Suzuki,R15,Jose Ramirez,Daniel Castillo
2643,2403,769,revision completa de fallo electrico y luces para mejorar rendimiento.,Finalizado,2026-03-07 00:00:00,2026-03-08 00:00:00,2985,Entregado,Yamaha,CBR 600RR,Carlos Mendoza,Juan Perez
2644,3267,1097,diagnostico y reparacion de reprogramacion y escape deportivo por falla detectada.,Finalizado,2026-03-24 00:00:00,2026-03-24 00:00:00,4943,Cliente informado,AKT,FZ16,Jose Ramirez,Henry Tellez
2645,1845,232,mantenimiento preventivo en sensores y bateria con pruebas posteriores.,Finalizado,2026-03-22 00:00:00,2026-03-24 00:00:00,2810,Cliente informado,Honda,Boxer 150,Carlos Mendoza,Manuel Vargas
2646,1304,1900,revision completa de niveles y bujias y verificacion completa.,Finalizado,2026-03-01 00:00:00,2026-03-04 00:00:00,4356,Entregado,Bajaj,Ninja 400,Jose Ramirez,Luis Martinez
2647,3814,826,instalacion y calibracion de eje y ciguenal y verificacion completa.,Finalizado,2026-03-13 00:00:00,2026-03-14 00:00:00,2381,Cliente informado,Yamaha,FZ16,Carlos Mendoza,Oscar Reyes
2648,2957,3774,servicio integral para suspension y embrague para mejorar rendimiento.,Finalizado,2026-03-25 00:00:00,2026-03-28 00:00:00,5210,Entregado,KTM,GSX-R750,Jose Ramirez,Henry Tellez
2649,2503,2151,optimizacion del sistema motor de arranque y sistema electrico y verificacion completa.,Finalizado,2026-03-21 00:00:00,2026-03-21 00:00:00,3565,Cliente informado,Suzuki,R15,Jose Ramirez,Julio Navarro
2650,2046,596,optimizacion del sistema bomba de agua y arbol de levas segun solicitud del cliente.,Finalizado,2026-03-23 00:00:00,2026-03-27 00:00:00,985,Entregado,Suzuki,Z650,Jose Ramirez,Steven Rocha
2651,4874,311,inspeccion avanzada de centralita y encendido con pruebas posteriores.,Finalizado,2026-03-11 00:00:00,2026-03-14 00:00:00,1218,Entregado,KTM,DM200,Carlos Mendoza,Oscar Reyes
2652,3894,1817,revision completa de centralita y luces debido a desgaste.,En proceso,2026-03-20 00:00:00,2026-03-22 00:00:00,6258,Cliente informado,Bajaj,RC 200,Carlos Mendoza,Wilmer Soto
2653,3636,3276,servicio integral para test y evaluacion segun solicitud del cliente.,Finalizado,2026-03-11 00:00:00,2026-03-13 00:00:00,5857,Entregado,Italika,Ninja 400,Carlos Mendoza,Miguel Garcia
2654,3697,3606,diagnostico y reparacion de filtro de aire y filtro de aire con pruebas posteriores.,Finalizado,2026-03-12 00:00:00,2026-03-14 00:00:00,1077,Entregado,Suzuki,Z650,Jose Ramirez,Alexis Diaz
2655,1785,3695,optimizacion del sistema caja de cambios y carroceria debido a desgaste.,Finalizado,2026-03-08 00:00:00,2026-03-11 00:00:00,1196,Cliente informado,Bajaj,Ninja 400,Carlos Mendoza,Jose Ramirez
2656,4894,2139,servicio integral para escaneo y evaluacion para mejorar rendimiento.,Entregado,2026-03-03 00:00:00,2026-03-07 00:00:00,2024,Cliente informado,Kawasaki,Z650,Jose Ramirez,Erick Gutierrez
2657,2474,5253,diagnostico y reparacion de chasis y diferencial segun solicitud del cliente.,Finalizado,2026-03-18 00:00:00,2026-03-21 00:00:00,4304,Cliente informado,Honda,R15,Jose Ramirez,Kevin Torres
2658,3141,4954,mantenimiento preventivo en bomba de agua y chasis y verificacion completa.,Finalizado,2026-03-29 00:00:00,2026-03-31 00:00:00,6264,Entregado,Suzuki,Boxer 150,Jose Ramirez,Manuel Vargas
2659,1274,4766,instalacion y calibracion de fibra de carbono y camara incluyendo ajuste final.,Finalizado,2026-03-09 00:00:00,2026-03-09 00:00:00,6008,Entregado,Italika,CBR 600RR,Jose Ramirez,Manuel Vargas
2660,4406,4924,inspeccion avanzada de gps y potencia y verificacion completa.,En proceso,2026-03-11 00:00:00,2026-03-15 00:00:00,6452,Entregado,Italika,NKD 125,Carlos Mendoza,Mario Lopez
2661,2125,3015,servicio integral para turbo y suspension deportiva debido a desgaste.,Finalizado,2026-03-26 00:00:00,2026-03-27 00:00:00,3504,Entregado,KTM,GSX-R750,Carlos Mendoza,Oscar Reyes
2662,4452,2306,diagnostico y reparacion de bomba de agua y biela debido a desgaste.,Finalizado,2026-03-09 00:00:00,2026-03-13 00:00:00,2463,Cliente informado,TVS,XR150L,Jose Ramirez,Daniel Castillo
2663,3454,766,correccion especializada de direccion y biela incluyendo ajuste final.,Finalizado,2026-03-11 00:00:00,2026-03-14 00:00:00,4289,Cliente informado,Yamaha,R15,Carlos Mendoza,Mario Lopez
2664,169,570,instalacion y calibracion de lubricacion y revision debido a desgaste.,Finalizado,2026-03-20 00:00:00,2026-03-23 00:00:00,2165,Cliente informado,Suzuki,MT-07,Carlos Mendoza,Oscar Reyes
2665,3163,2619,correccion especializada de revision y bujias y verificacion completa.,Finalizado,2026-03-28 00:00:00,2026-03-30 00:00:00,2127,Cliente informado,Italika,CBR 600RR,Carlos Mendoza,Roberto Flores
2666,2098,2476,servicio integral para problema y escaneo incluyendo ajuste final.,Finalizado,2026-03-17 00:00:00,2026-03-21 00:00:00,797,Entregado,TVS,DM200,Carlos Mendoza,Fernando Herrera
2667,2806,5149,correccion especializada de frenos deportivos y audio para mejorar rendimiento.,Finalizado,2026-03-29 00:00:00,2026-04-01 00:00:00,1103,Entregado,Kawasaki,Z650,Jose Ramirez,Andres Ruiz
2668,3239,273,servicio integral para inspeccion y diagnostico para mejorar rendimiento.,Finalizado,2026-03-07 00:00:00,2026-03-11 00:00:00,5844,Cliente informado,Italika,Apache RTR 200,Jose Ramirez,Javier Morales
2669,4409,4511,revision completa de sonido y escape deportivo para mejorar rendimiento.,Finalizado,2026-03-01 00:00:00,2026-03-03 00:00:00,2397,Entregado,AKT,CB190R,Jose Ramirez,Erick Gutierrez
2670,805,2413,mantenimiento preventivo en evaluacion y escaneo incluyendo ajuste final.,Finalizado,2026-03-26 00:00:00,2026-03-28 00:00:00,5477,Entregado,Italika,Gixxer 250,Jose Ramirez,Wilmer Soto
2671,4257,465,revision completa de centralita y sensores por falla detectada.,Finalizado,2026-03-22 00:00:00,2026-03-23 00:00:00,770,Entregado,Honda,XR150L,Jose Ramirez,Andres Ruiz
2672,4894,2139,ajuste tecnico de centralita y fallo electrico debido a desgaste.,Entregado,2026-03-03 00:00:00,2026-03-07 00:00:00,3292,Cliente informado,Kawasaki,Duke 390,Jose Ramirez,Carlos Mendoza
2673,4137,1039,mantenimiento preventivo en ruido y ruido para mejorar rendimiento.,Finalizado,2026-03-23 00:00:00,2026-03-25 00:00:00,2432,Cliente informado,Kawasaki,Gixxer 250,Jose Ramirez,Mario Lopez
2674,1767,5194,correccion especializada de custom y llantas deportivas por falla detectada.,Finalizado,2026-03-18 00:00:00,2026-03-20 00:00:00,4482,Cliente informado,Suzuki,Pulsar NS200,Jose Ramirez,Jose Ramirez
2675,4894,2139,servicio integral para personalizacion y modificacion segun solicitud del cliente.,Entregado,2026-03-03 00:00:00,2026-03-07 00:00:00,6268,Cliente informado,Yamaha,Gixxer 250,Jose Ramirez,Roberto Flores
2676,3102,4494,diagnostico y reparacion de niveles y balanceo segun solicitud del cliente.,Finalizado,2026-03-27 00:00:00,2026-03-30 00:00:00,1769,Cliente informado,Yamaha,Z650,Jose Ramirez,Mario Lopez
2677,2297,2569,inspeccion avanzada de niveles y filtro de aceite y verificacion completa.,Finalizado,2026-03-03 00:00:00,2026-03-03 00:00:00,1070,Cliente informado,Suzuki,NKD 125,Carlos Mendoza,Andres Ruiz
2678,4829,1653,ajuste tecnico de radiador y ciguenal incluyendo ajuste final.,Finalizado,2026-03-29 00:00:00,2026-03-30 00:00:00,2846,Entregado,TVS,Boxer 150,Jose Ramirez,Luis Martinez
2679,3847,4307,servicio integral para filtro de aire y niveles por falla detectada.,Finalizado,2026-03-27 00:00:00,2026-03-31 00:00:00,3888,Entregado,AKT,GN125,Carlos Mendoza,Julio Navarro
2680,3850,1068,optimizacion del sistema bomba de agua y culata debido a desgaste.,Finalizado,2026-03-08 00:00:00,2026-03-12 00:00:00,1869,Entregado,Honda,Ninja 400,Carlos Mendoza,Steven Rocha
2681,3750,595,instalacion y calibracion de bateria y luces por falla detectada.,Finalizado,2026-03-02 00:00:00,2026-03-04 00:00:00,2631,Cliente informado,Italika,GSX-R750,Jose Ramirez,Mario Lopez
2682,3435,2139,servicio integral para ruido y revision general por falla detectada.,Finalizado,2026-03-03 00:00:00,2026-03-06 00:00:00,5716,Cliente informado,Suzuki,Duke 390,Jose Ramirez,Oscar Reyes
2683,696,537,ajuste tecnico de fibra de carbono y actualizacion de software incluyendo ajuste final.,Finalizado,2026-03-27 00:00:00,2026-03-28 00:00:00,3223,Cliente informado,Kawasaki,NKD 125,Carlos Mendoza,Daniel Castillo
2684,3826,1482,ajuste tecnico de custom y chip con pruebas posteriores.,Finalizado,2026-03-27 00:00:00,2026-03-30 00:00:00,3031,Cliente informado,Bajaj,GSX-R750,Jose Ramirez,Kevin Torres
2685,1368,708,revision completa de lubricacion y revision incluyendo ajuste final.,Finalizado,2026-03-19 00:00:00,2026-03-22 00:00:00,1764,Entregado,Kawasaki,CBR 600RR,Jose Ramirez,Roberto Flores
2686,1401,3587,servicio integral para gps y llantas deportivas segun solicitud del cliente.,Finalizado,2026-03-24 00:00:00,2026-03-25 00:00:00,5606,Cliente informado,Bajaj,FT150,Carlos Mendoza,Francisco Blandon
2687,3531,4342,instalacion y calibracion de chequeo y diagnostico segun solicitud del cliente.,Finalizado,2026-02-28 00:00:00,2026-02-28 00:00:00,3125,Entregado,Yamaha,Duke 390,Carlos Mendoza,Javier Morales
2688,4406,4924,correccion especializada de sonido y estetico con pruebas posteriores.,En proceso,2026-03-11 00:00:00,2026-03-15 00:00:00,1405,Entregado,Kawasaki,Boxer 150,Carlos Mendoza,Andres Ruiz
2689,3401,257,ajuste tecnico de alternador y luces debido a desgaste.,Finalizado,2026-03-14 00:00:00,2026-03-18 00:00:00,6368,Entregado,Italika,Z650,Jose Ramirez,Steven Rocha
2690,2855,1324,mantenimiento preventivo en cableado y bateria y verificacion completa.,Finalizado,2026-03-20 00:00:00,2026-03-24 00:00:00,5674,Cliente informado,Suzuki,Duke 390,Carlos Mendoza,Andres Ruiz
2691,574,2405,correccion especializada de cableado y encendido y verificacion completa.,Finalizado,2026-03-12 00:00:00,2026-03-13 00:00:00,5602,Cliente informado,Yamaha,DM200,Carlos Mendoza,Mario Lopez
2692,3200,4867,revision completa de cableado y fallo electrico y verificacion completa.,Finalizado,2026-03-11 00:00:00,2026-03-15 00:00:00,5545,Cliente informado,KTM,FT150,Jose Ramirez,Manuel Vargas
2693,747,2868,diagnostico y reparacion de suspension y distribucion debido a desgaste.,Entregado,2026-03-21 00:00:00,2026-03-25 00:00:00,3792,Cliente informado,AKT,Apache RTR 200,Carlos Mendoza,Eduardo Castro
2694,1076,1896,instalacion y calibracion de transmision y bomba de agua incluyendo ajuste final.,Finalizado,2026-03-19 00:00:00,2026-03-23 00:00:00,3641,Entregado,Suzuki,Pulsar NS200,Jose Ramirez,Samuel Cruz
2695,2508,5186,mantenimiento preventivo en distribucion y culata incluyendo ajuste final.,Finalizado,2026-03-11 00:00:00,2026-03-13 00:00:00,2686,Entregado,Suzuki,Apache RTR 200,Jose Ramirez,Daniel Castillo
2696,3826,1482,ajuste tecnico de bomba de agua y carroceria para mejorar rendimiento.,Finalizado,2026-03-27 00:00:00,2026-03-30 00:00:00,3731,Cliente informado,KTM,FT150,Jose Ramirez,Wilmer Soto
2697,3090,3391,ajuste tecnico de chequeo y lubricacion y verificacion completa.,Finalizado,2026-03-02 00:00:00,2026-03-02 00:00:00,6402,Entregado,Suzuki,XR150L,Jose Ramirez,Luis Martinez
2698,1213,178,diagnostico y reparacion de polarizado y pintura con pruebas posteriores.,Finalizado,2026-03-18 00:00:00,2026-03-18 00:00:00,1890,Entregado,Yamaha,Duke 390,Jose Ramirez,Henry Tellez
2699,2792,791,optimizacion del sistema chequeo y bujias debido a desgaste.,Finalizado,2026-03-27 00:00:00,2026-03-28 00:00:00,5336,Entregado,TVS,NKD 125,Carlos Mendoza,Manuel Vargas
2700,4650,3408,instalacion y calibracion de alineacion y filtro de aceite con pruebas posteriores.,Finalizado,2026-03-08 00:00:00,2026-03-09 00:00:00,2034,Entregado,Bajaj,MT-07,Jose Ramirez,Wilmer Soto
2701,1805,3628,instalacion y calibracion de radiador y suspension debido a desgaste.,Finalizado,2026-03-22 00:00:00,2026-03-23 00:00:00,4073,Cliente informado,Italika,Z650,Jose Ramirez,Cristian Molina
2702,2486,93,servicio integral para revision y bujias con pruebas posteriores.,Finalizado,2026-03-09 00:00:00,2026-03-11 00:00:00,5371,Cliente informado,Bajaj,FT150,Carlos Mendoza,Luis Martinez
2703,4360,925,revision completa de sensores y fallo electrico y verificacion completa.,Finalizado,2026-03-26 00:00:00,2026-03-29 00:00:00,5122,Cliente informado,Suzuki,NKD 125,Jose Ramirez,Wilmer Soto
2704,779,4081,servicio integral para embrague y suspension para mejorar rendimiento.,Finalizado,2026-03-10 00:00:00,2026-03-12 00:00:00,507,Cliente informado,Bajaj,Apache RTR 200,Carlos Mendoza,Carlos Mendoza
2705,4927,60,instalacion y calibracion de diagnostico y revision general debido a desgaste.,Finalizado,2026-02-28 00:00:00,2026-02-28 00:00:00,912,Cliente informado,Honda,GSX-R750,Jose Ramirez,Edwin Chavez
2706,2492,2461,inspeccion avanzada de luces y motor de arranque y verificacion completa.,Finalizado,2026-03-01 00:00:00,2026-03-04 00:00:00,830,Entregado,Honda,Gixxer 250,Carlos Mendoza,Julio Navarro
2707,3413,2716,instalacion y calibracion de frenos y embrague y verificacion completa.,Finalizado,2026-03-25 00:00:00,2026-03-26 00:00:00,1078,Cliente informado,Honda,RC 200,Carlos Mendoza,Henry Tellez
2708,836,1612,optimizacion del sistema revision general y falla debido a desgaste.,Finalizado,2026-03-13 00:00:00,2026-03-17 00:00:00,2878,Cliente informado,KTM,Apache RTR 200,Jose Ramirez,Steven Rocha
2709,2411,4957,optimizacion del sistema escaneo y test segun solicitud del cliente.,Finalizado,2026-03-20 00:00:00,2026-03-23 00:00:00,742,Cliente informado,Suzuki,Ninja 400,Jose Ramirez,Jose Ramirez
2710,2119,2226,diagnostico y reparacion de luces y encendido con pruebas posteriores.,Finalizado,2026-03-14 00:00:00,2026-03-17 00:00:00,1769,Cliente informado,Honda,GSX-R750,Jose Ramirez,Henry Tellez
2711,2234,5148,optimizacion del sistema polarizado y camara con pruebas posteriores.,Finalizado,2026-03-10 00:00:00,2026-03-13 00:00:00,2276,Entregado,Italika,XR150L,Carlos Mendoza,Oscar Reyes
2712,892,4236,servicio integral para arbol de levas y bomba de agua para mejorar rendimiento.,Finalizado,2026-03-04 00:00:00,2026-03-05 00:00:00,4631,Cliente informado,Honda,RC 200,Carlos Mendoza,Javier Morales
2713,4369,4843,diagnostico y reparacion de centralita y fallo electrico incluyendo ajuste final.,Finalizado,2026-03-07 00:00:00,2026-03-10 00:00:00,2996,Cliente informado,KTM,Z650,Jose Ramirez,Edwin Chavez
2714,4016,3247,correccion especializada de falla y revision general con pruebas posteriores.,Finalizado,2026-03-26 00:00:00,2026-03-27 00:00:00,761,Entregado,Yamaha,CBR 600RR,Jose Ramirez,Juan Perez
2715,387,2342,diagnostico y reparacion de escaneo y escaneo incluyendo ajuste final.,Finalizado,2026-03-14 00:00:00,2026-03-15 00:00:00,3506,Entregado,Italika,DM200,Carlos Mendoza,Brayan Silva
2716,3282,925,optimizacion del sistema cambio de aceite y filtro de aire incluyendo ajuste final.,Finalizado,2026-03-19 00:00:00,2026-03-19 00:00:00,5362,Cliente informado,Bajaj,Z650,Carlos Mendoza,Luis Martinez
2717,838,3395,correccion especializada de evaluacion y problema y verificacion completa.,Finalizado,2026-03-16 00:00:00,2026-03-17 00:00:00,1077,Cliente informado,Kawasaki,Duke 390,Carlos Mendoza,Roberto Flores
2718,3325,2594,revision completa de encendido y centralita y verificacion completa.,Finalizado,2026-03-11 00:00:00,2026-03-11 00:00:00,3991,Cliente informado,Bajaj,Boxer 150,Carlos Mendoza,Jose Ramirez
2719,1098,459,servicio integral para cambio de aceite y revision con pruebas posteriores.,Finalizado,2026-03-03 00:00:00,2026-03-06 00:00:00,1277,Cliente informado,Suzuki,CB190R,Jose Ramirez,Wilmer Soto
2720,1673,938,revision completa de revision y alineacion por falla detectada.,Finalizado,2026-03-15 00:00:00,2026-03-17 00:00:00,1891,Entregado,AKT,MT-07,Jose Ramirez,Kevin Torres
2721,2458,2190,ajuste tecnico de bateria y alternador debido a desgaste.,Finalizado,2026-03-07 00:00:00,2026-03-08 00:00:00,5836,Cliente informado,Bajaj,Apache RTR 200,Jose Ramirez,Wilmer Soto
2722,4271,4746,diagnostico y reparacion de motor y pistones debido a desgaste.,Finalizado,2026-03-21 00:00:00,2026-03-25 00:00:00,1726,Entregado,KTM,GSX-R750,Carlos Mendoza,Eduardo Castro
2723,3510,3426,correccion especializada de luces y centralita segun solicitud del cliente.,Finalizado,2026-03-18 00:00:00,2026-03-19 00:00:00,2864,Cliente informado,Yamaha,GSX-R750,Jose Ramirez,Eduardo Castro
2724,3823,3326,revision completa de carroceria y carroceria debido a desgaste.,Finalizado,2026-03-24 00:00:00,2026-03-25 00:00:00,655,Cliente informado,Yamaha,Boxer 150,Jose Ramirez,Carlos Mendoza
2725,2016,1369,servicio integral para arbol de levas y culata debido a desgaste.,Finalizado,2026-03-02 00:00:00,2026-03-04 00:00:00,801,Entregado,Kawasaki,XR150L,Carlos Mendoza,Julio Navarro
2726,892,4236,diagnostico y reparacion de cableado y luces por falla detectada.,Finalizado,2026-03-04 00:00:00,2026-03-05 00:00:00,1854,Cliente informado,Kawasaki,R15,Carlos Mendoza,Juan Perez
2727,587,446,diagnostico y reparacion de cromado y escape deportivo por falla detectada.,Finalizado,2026-03-28 00:00:00,2026-03-28 00:00:00,527,Entregado,Bajaj,RC 200,Jose Ramirez,Jose Ramirez
2728,963,1924,ajuste tecnico de inspeccion y problema por falla detectada.,Finalizado,2026-02-28 00:00:00,2026-03-04 00:00:00,2900,Cliente informado,Suzuki,DM200,Jose Ramirez,Steven Rocha
2729,4726,1559,correccion especializada de bujias y niveles con pruebas posteriores.,Finalizado,2026-03-23 00:00:00,2026-03-24 00:00:00,4662,Entregado,KTM,Pulsar NS200,Carlos Mendoza,Mario Lopez
2730,2977,2733,revision completa de cromado y personalizacion segun solicitud del cliente.,Finalizado,2026-03-17 00:00:00,2026-03-21 00:00:00,977,Entregado,Kawasaki,GN125,Jose Ramirez,Juan Perez
2731,1006,4633,ajuste tecnico de evaluacion y diagnostico con pruebas posteriores.,Finalizado,2026-03-12 00:00:00,2026-03-15 00:00:00,713,Entregado,Suzuki,NKD 125,Jose Ramirez,Jose Ramirez
2732,4766,3833,servicio integral para embrague y caja de cambios con pruebas posteriores.,Finalizado,2026-03-11 00:00:00,2026-03-14 00:00:00,3163,Cliente informado,Bajaj,CBR 600RR,Jose Ramirez,Fernando Herrera
2733,3510,3426,instalacion y calibracion de test y escaneo con pruebas posteriores.,Finalizado,2026-03-18 00:00:00,2026-03-19 00:00:00,6101,Cliente informado,Suzuki,MT-07,Jose Ramirez,Victor Rivas
2734,4801,4467,revision completa de alineacion y balanceo incluyendo ajuste final.,Finalizado,2026-03-17 00:00:00,2026-03-07 00:00:00,4873,Cliente informado,Italika,DM200,Jose Ramirez,Mario Lopez
2735,3828,3976,instalacion y calibracion de chequeo y diagnostico segun solicitud del cliente.,Finalizado,2026-03-08 00:00:00,2026-03-12 00:00:00,1034,Cliente informado,Honda,CBR 600RR,Jose Ramirez,Erick Gutierrez
2736,4808,2204,diagnostico y reparacion de actualizacion de software y reprogramacion por falla detectada.,Finalizado,2026-03-04 00:00:00,2026-03-07 00:00:00,2464,Entregado,Kawasaki,Ninja 400,Carlos Mendoza,Eduardo Castro
2737,4072,4080,revision completa de inspeccion y chequeo incluyendo ajuste final.,Finalizado,2026-03-29 00:00:00,2026-04-02 00:00:00,2870,Cliente informado,Yamaha,Z650,Carlos Mendoza,Erick Gutierrez
2738,3381,5,diagnostico y reparacion de cambio de aceite y filtro de aire para mejorar rendimiento.,Finalizado,2026-03-07 00:00:00,2026-03-09 00:00:00,1609,Entregado,Suzuki,Duke 390,Carlos Mendoza,Juan Perez
2739,3384,1446,correccion especializada de sonido y performance por falla detectada.,Finalizado,2026-03-18 00:00:00,2026-03-18 00:00:00,5034,Cliente informado,Yamaha,Boxer 150,Jose Ramirez,Victor Rivas
2740,3635,4633,ajuste tecnico de luces y alternador con pruebas posteriores.,Finalizado,2026-03-01 00:00:00,2026-03-04 00:00:00,5369,Cliente informado,Honda,FT150,Carlos Mendoza,Luis Martinez
2741,68,5160,instalacion y calibracion de amortiguadores y amortiguadores por falla detectada.,Finalizado,2026-03-25 00:00:00,2026-03-27 00:00:00,5554,Entregado,Bajaj,CBR 600RR,Carlos Mendoza,Alexis Diaz
2742,4709,4253,revision completa de llantas deportivas y vinilado segun solicitud del cliente.,Finalizado,2026-03-03 00:00:00,2026-03-05 00:00:00,1793,Entregado,Suzuki,MT-07,Jose Ramirez,Eduardo Castro
2743,5,55,servicio integral para chequeo y filtro de aire y verificacion completa.,Finalizado,2026-03-11 00:00:00,2026-03-14 00:00:00,4911,Entregado,Bajaj,NKD 125,Carlos Mendoza,Wilmer Soto
2744,2045,5081,revision completa de revision y alineacion segun solicitud del cliente.,Finalizado,2026-03-05 00:00:00,2026-03-06 00:00:00,2020,Cliente informado,Italika,MT-07,Jose Ramirez,Jose Ramirez
2745,1812,2830,inspeccion avanzada de luces y luces y verificacion completa.,Finalizado,2026-03-03 00:00:00,2026-03-03 00:00:00,5060,Cliente informado,Italika,RC 200,Jose Ramirez,Andres Ruiz
2746,1006,4570,ajuste tecnico de ciguenal y amortiguadores y verificacion completa.,Finalizado,2026-03-03 00:00:00,2026-03-07 00:00:00,2562,Cliente informado,AKT,Ninja 400,Jose Ramirez,Andres Ruiz
2747,1273,3166,correccion especializada de escaneo y escaneo debido a desgaste.,Finalizado,2026-03-01 00:00:00,2026-03-02 00:00:00,3714,Entregado,Bajaj,Ninja 400,Jose Ramirez,Fernando Herrera
2748,4234,4130,revision completa de pintura y performance incluyendo ajuste final.,Finalizado,2026-03-06 00:00:00,2026-03-07 00:00:00,2141,Entregado,Italika,MT-07,Jose Ramirez,Javier Morales
2749,4121,3388,correccion especializada de encendido y sistema electrico por falla detectada.,Finalizado,2026-03-18 00:00:00,2026-03-18 00:00:00,1975,Cliente informado,Suzuki,R15,Jose Ramirez,Erick Gutierrez
2750,3744,672,optimizacion del sistema test y chequeo por falla detectada.,Finalizado,2026-03-17 00:00:00,2026-03-20 00:00:00,4161,Entregado,Bajaj,GSX-R750,Carlos Mendoza,Carlos Mendoza
2751,4726,1559,optimizacion del sistema llantas deportivas y performance debido a desgaste.,Finalizado,2026-03-23 00:00:00,2026-03-24 00:00:00,5749,Entregado,Suzuki,Boxer 150,Jose Ramirez,Jose Ramirez
2752,3635,4633,servicio integral para niveles y filtro de aire y verificacion completa.,Finalizado,2026-03-01 00:00:00,2026-03-04 00:00:00,3762,Cliente informado,Bajaj,MT-07,Jose Ramirez,Mario Lopez
2753,2860,5193,inspeccion avanzada de test y problema incluyendo ajuste final.,Finalizado,2026-03-15 00:00:00,2026-03-15 00:00:00,6050,Cliente informado,Honda,FZ16,Carlos Mendoza,Luis Martinez
2754,292,3440,servicio integral para problema y problema debido a desgaste.,Finalizado,2026-03-01 00:00:00,2026-03-02 00:00:00,4249,Entregado,Suzuki,NKD 125,Jose Ramirez,Steven Rocha
2755,948,186,correccion especializada de actualizacion de software y reprogramacion con pruebas posteriores.,Finalizado,2026-03-07 00:00:00,2026-03-10 00:00:00,1707,Entregado,Suzuki,CBR 600RR,Carlos Mendoza,Alexis Diaz
2756,1527,4118,inspeccion avanzada de carroceria y diferencial y verificacion completa.,Finalizado,2026-03-06 00:00:00,2026-03-07 00:00:00,1081,Entregado,KTM,GSX-R750,Carlos Mendoza,Juan Perez
2757,2449,1778,mantenimiento preventivo en motor de arranque y bateria para mejorar rendimiento.,Finalizado,2026-03-04 00:00:00,2026-02-22 00:00:00,951,Cliente informado,Yamaha,Pulsar NS200,Carlos Mendoza,Brayan Silva
2758,222,408,correccion especializada de direccion y embrague incluyendo ajuste final.,Finalizado,2026-03-01 00:00:00,2026-03-05 00:00:00,2813,Cliente informado,Honda,Duke 390,Carlos Mendoza,Oscar Reyes
2759,4715,2721,servicio integral para polarizado y pantalla incluyendo ajuste final.,Finalizado,2026-03-01 00:00:00,2026-03-01 00:00:00,4867,Cliente informado,Italika,RC 200,Jose Ramirez,Javier Morales
2760,4311,246,revision completa de sonido y pantalla incluyendo ajuste final.,Finalizado,2026-03-09 00:00:00,2026-03-09 00:00:00,5105,Entregado,Suzuki,CBR 600RR,Carlos Mendoza,Carlos Mendoza
2761,2997,3553,servicio integral para lubricacion y niveles segun solicitud del cliente.,Finalizado,2026-03-18 00:00:00,2026-03-18 00:00:00,4122,Cliente informado,Suzuki,Duke 390,Jose Ramirez,Erick Gutierrez
2762,291,4745,mantenimiento preventivo en fallo electrico y fallo electrico para mejorar rendimiento.,Finalizado,2026-03-09 00:00:00,2026-03-11 00:00:00,867,Entregado,Yamaha,CB190R,Jose Ramirez,Eduardo Castro
2763,136,3821,mantenimiento preventivo en revision y alineacion por falla detectada.,Finalizado,2026-03-15 00:00:00,2026-03-16 00:00:00,6304,Cliente informado,Bajaj,MT-07,Carlos Mendoza,Henry Tellez
2764,4874,311,instalacion y calibracion de chequeo y bujias para mejorar rendimiento.,Finalizado,2026-03-11 00:00:00,2026-03-14 00:00:00,1454,Entregado,Yamaha,Ninja 400,Jose Ramirez,Erick Gutierrez
2765,2881,1593,servicio integral para evaluacion y evaluacion para mejorar rendimiento.,Finalizado,2026-03-05 00:00:00,2026-03-06 00:00:00,2047,Entregado,Kawasaki,MT-07,Jose Ramirez,Javier Morales
2766,696,537,mantenimiento preventivo en bujias y filtro de aire y verificacion completa.,Finalizado,2026-03-27 00:00:00,2026-03-28 00:00:00,2391,Cliente informado,Italika,MT-07,Jose Ramirez,Alexis Diaz
2767,243,3276,optimizacion del sistema sonido y polarizado segun solicitud del cliente.,Finalizado,2026-03-06 00:00:00,2026-03-10 00:00:00,3200,Cliente informado,Suzuki,FT150,Jose Ramirez,Miguel Garcia
2768,4416,773,correccion especializada de frenos y distribucion incluyendo ajuste final.,Finalizado,2026-03-07 00:00:00,2026-03-10 00:00:00,1421,Entregado,KTM,Duke 390,Jose Ramirez,Henry Tellez
2769,1570,1604,correccion especializada de pistones y eje debido a desgaste.,Finalizado,2026-03-05 00:00:00,2026-03-09 00:00:00,546,Entregado,KTM,NKD 125,Carlos Mendoza,Roberto Flores
2770,4897,2116,revision completa de revision general y falla con pruebas posteriores.,Entregado,2026-03-21 00:00:00,2026-03-23 00:00:00,1433,Entregado,Italika,GN125,Carlos Mendoza,Daniel Castillo
2771,1808,4786,correccion especializada de problema y falla y verificacion completa.,Finalizado,2026-03-17 00:00:00,2026-03-20 00:00:00,2993,Cliente informado,Yamaha,DM200,Jose Ramirez,Samuel Cruz
2772,1344,3238,instalacion y calibracion de evaluacion y inspeccion debido a desgaste.,Finalizado,2026-03-07 00:00:00,2026-03-08 00:00:00,6154,Entregado,Honda,RC 200,Jose Ramirez,Fernando Herrera
2773,1718,1692,inspeccion avanzada de tuning y cambio color con pruebas posteriores.,Finalizado,2026-03-02 00:00:00,2026-02-20 00:00:00,4930,Cliente informado,Italika,NKD 125,Carlos Mendoza,Luis Martinez
2774,4489,3051,correccion especializada de frenos y eje incluyendo ajuste final.,Finalizado,2026-03-15 00:00:00,2026-03-17 00:00:00,4478,Entregado,AKT,DM200,Jose Ramirez,Francisco Blandon
2775,4902,4493,revision completa de radiador y pistones con pruebas posteriores.,Finalizado,2026-03-06 00:00:00,2026-03-10 00:00:00,5858,Entregado,Suzuki,DM200,Carlos Mendoza,Javier Morales
2776,4898,257,diagnostico y reparacion de radiador y eje con pruebas posteriores.,Finalizado,2026-03-13 00:00:00,2026-03-14 00:00:00,2133,Cliente informado,Yamaha,GSX-R750,Carlos Mendoza,Miguel Garcia
2777,4804,3937,inspeccion avanzada de chequeo y test incluyendo ajuste final.,Finalizado,2026-03-08 00:00:00,2026-03-09 00:00:00,3016,Cliente informado,Kawasaki,Boxer 150,Carlos Mendoza,Victor Rivas
2778,2200,479,ajuste tecnico de distribucion y frenos incluyendo ajuste final.,Finalizado,2026-03-07 00:00:00,2026-02-25 00:00:00,4345,Cliente informado,Honda,DM200,Jose Ramirez,Manuel Vargas
2779,299,1255,inspeccion avanzada de encendido y encendido debido a desgaste.,Finalizado,2026-03-23 00:00:00,2026-03-23 00:00:00,6292,Cliente informado,Bajaj,R15,Carlos Mendoza,Eduardo Castro
2780,814,325,revision completa de cambio de aceite y niveles por falla detectada.,Finalizado,2026-03-17 00:00:00,2026-03-20 00:00:00,6413,Entregado,KTM,CBR 600RR,Jose Ramirez,Oscar Reyes
2781,2402,1284,correccion especializada de revision y cambio de aceite y verificacion completa.,Finalizado,2026-03-06 00:00:00,2026-03-09 00:00:00,4683,Entregado,Kawasaki,Duke 390,Jose Ramirez,Carlos Mendoza
2782,1751,513,diagnostico y reparacion de chequeo y falla debido a desgaste.,Finalizado,2026-03-06 00:00:00,2026-03-10 00:00:00,2248,Cliente informado,Suzuki,GN125,Carlos Mendoza,Roberto Flores
2783,3795,4808,correccion especializada de bateria y luces por falla detectada.,Finalizado,2026-03-05 00:00:00,2026-03-05 00:00:00,4697,Cliente informado,Bajaj,R15,Carlos Mendoza,Erick Gutierrez
2784,222,408,mantenimiento preventivo en personalizacion y turbo con pruebas posteriores.,Finalizado,2026-03-01 00:00:00,2026-03-05 00:00:00,3257,Cliente informado,Yamaha,Z650,Carlos Mendoza,Fernando Herrera
2785,278,3918,revision completa de fibra de carbono y audio incluyendo ajuste final.,Finalizado,2026-03-28 00:00:00,2026-03-30 00:00:00,5318,Entregado,Kawasaki,GN125,Jose Ramirez,Cristian Molina
2786,4663,2877,instalacion y calibracion de personalizacion y pantalla para mejorar rendimiento.,Finalizado,2026-03-11 00:00:00,2026-03-01 00:00:00,2342,Entregado,Yamaha,FZ16,Jose Ramirez,Julio Navarro
2787,717,4250,servicio integral para bujias y chequeo con pruebas posteriores.,Finalizado,2026-03-04 00:00:00,2026-03-05 00:00:00,5922,Cliente informado,Suzuki,Ninja 400,Jose Ramirez,Javier Morales
2788,135,3855,ajuste tecnico de sensores y encendido y verificacion completa.,Finalizado,2026-03-19 00:00:00,2026-03-09 00:00:00,5137,Entregado,KTM,RC 200,Carlos Mendoza,Wilmer Soto
2789,2670,60,inspeccion avanzada de suspension y biela con pruebas posteriores.,Finalizado,2026-03-20 00:00:00,2026-03-20 00:00:00,4752,Cliente informado,Honda,Boxer 150,Carlos Mendoza,Alexis Diaz
2790,2122,189,diagnostico y reparacion de cambio de aceite y filtro de aceite incluyendo ajuste final.,Finalizado,2026-03-03 00:00:00,2026-03-04 00:00:00,1634,Cliente informado,Yamaha,NKD 125,Jose Ramirez,Luis Martinez
2791,3744,672,diagnostico y reparacion de llantas deportivas y personalizacion por falla detectada.,Finalizado,2026-03-17 00:00:00,2026-03-20 00:00:00,5446,Entregado,Suzuki,Z650,Jose Ramirez,Alexis Diaz
2792,2792,791,ajuste tecnico de balanceo y niveles para mejorar rendimiento.,Finalizado,2026-03-27 00:00:00,2026-03-28 00:00:00,2655,Entregado,Italika,FT150,Jose Ramirez,Luis Martinez
2793,2030,4933,mantenimiento preventivo en fibra de carbono y escape deportivo para mejorar rendimiento.,Finalizado,2026-03-09 00:00:00,2026-03-11 00:00:00,6000,Entregado,Suzuki,R15,Carlos Mendoza,Andres Ruiz
2794,4944,2595,revision completa de distribucion y ciguenal para mejorar rendimiento.,Finalizado,2026-03-03 00:00:00,2026-03-07 00:00:00,4345,Cliente informado,KTM,CB190R,Jose Ramirez,Cristian Molina
2795,1650,3127,correccion especializada de cambio de aceite y bujias segun solicitud del cliente.,Finalizado,2026-03-19 00:00:00,2026-03-22 00:00:00,6055,Entregado,KTM,CB190R,Jose Ramirez,Eduardo Castro
2796,2775,1770,mantenimiento preventivo en radiador y culata para mejorar rendimiento.,En proceso,2026-03-24 00:00:00,2026-03-27 00:00:00,1572,Cliente informado,Honda,Boxer 150,Jose Ramirez,Miguel Garcia
2797,4938,1938,instalacion y calibracion de cableado y fallo electrico debido a desgaste.,Finalizado,2026-03-13 00:00:00,2026-03-16 00:00:00,3996,Cliente informado,Suzuki,R15,Jose Ramirez,Luis Martinez
2798,1685,5131,inspeccion avanzada de gps y vinilado por falla detectada.,Finalizado,2026-03-16 00:00:00,2026-03-19 00:00:00,5116,Cliente informado,Yamaha,Duke 390,Jose Ramirez,Mario Lopez
2799,4824,2599,optimizacion del sistema suspension y distribucion segun solicitud del cliente.,Finalizado,2026-03-20 00:00:00,2026-03-23 00:00:00,2253,Cliente informado,AKT,Gixxer 250,Carlos Mendoza,Manuel Vargas
2800,2929,648,instalacion y calibracion de balanceo y filtro de aire para mejorar rendimiento.,Finalizado,2026-03-03 00:00:00,2026-03-05 00:00:00,2185,Cliente informado,Yamaha,Ninja 400,Jose Ramirez,Samuel Cruz
2801,1703,3160,inspeccion avanzada de evaluacion y diagnostico con pruebas posteriores.,Finalizado,2026-03-17 00:00:00,2026-03-21 00:00:00,2927,Entregado,Yamaha,CB190R,Jose Ramirez,Javier Morales
2802,4047,3884,optimizacion del sistema motor y carroceria para mejorar rendimiento.,Finalizado,2026-03-15 00:00:00,2026-03-17 00:00:00,4100,Entregado,Kawasaki,RC 200,Carlos Mendoza,Daniel Castillo
2803,52,2054,inspeccion avanzada de motor de arranque y alternador y verificacion completa.,En proceso,2026-02-28 00:00:00,2026-03-03 00:00:00,3481,Entregado,Italika,FT150,Jose Ramirez,Roberto Flores
2804,231,1844,instalacion y calibracion de niveles y chequeo para mejorar rendimiento.,Finalizado,2026-03-18 00:00:00,2026-03-21 00:00:00,1309,Cliente informado,TVS,RC 200,Carlos Mendoza,Eduardo Castro
2805,2466,4155,inspeccion avanzada de sensores y sistema electrico segun solicitud del cliente.,Finalizado,2026-03-21 00:00:00,2026-03-24 00:00:00,2963,Entregado,KTM,Gixxer 250,Carlos Mendoza,Edwin Chavez
2806,4177,1370,correccion especializada de motor de arranque y motor de arranque con pruebas posteriores.,Finalizado,2026-03-04 00:00:00,2026-03-04 00:00:00,6125,Entregado,AKT,R15,Carlos Mendoza,Kevin Torres
2807,1916,3153,instalacion y calibracion de bateria y alternador para mejorar rendimiento.,Finalizado,2026-02-28 00:00:00,2026-03-02 00:00:00,5454,Cliente informado,Yamaha,RC 200,Carlos Mendoza,Oscar Reyes
2808,2806,5149,servicio integral para niveles y alineacion y verificacion completa.,Finalizado,2026-03-29 00:00:00,2026-04-01 00:00:00,1380,Entregado,Honda,Apache RTR 200,Carlos Mendoza,Carlos Mendoza
2809,2902,4468,diagnostico y reparacion de actualizacion de software y potencia debido a desgaste.,Finalizado,2026-03-01 00:00:00,2026-03-01 00:00:00,5770,Cliente informado,Kawasaki,RC 200,Carlos Mendoza,Wilmer Soto
2810,1273,3166,mantenimiento preventivo en motor y embrague segun solicitud del cliente.,Finalizado,2026-03-01 00:00:00,2026-03-02 00:00:00,5966,Entregado,Italika,CB190R,Carlos Mendoza,Jose Ramirez
2811,3562,5193,mantenimiento preventivo en escape deportivo y suspension deportiva con pruebas posteriores.,Finalizado,2026-03-24 00:00:00,2026-03-24 00:00:00,3311,Entregado,Kawasaki,R15,Carlos Mendoza,Kevin Torres
2812,2153,4349,mantenimiento preventivo en distribucion y embrague para mejorar rendimiento.,Finalizado,2026-03-25 00:00:00,2026-03-28 00:00:00,3578,Cliente informado,KTM,GSX-R750,Jose Ramirez,Alexis Diaz
2813,4623,3398,correccion especializada de cromado y actualizacion de software incluyendo ajuste final.,Finalizado,2026-03-14 00:00:00,2026-03-04 00:00:00,5437,Cliente informado,Honda,XR150L,Jose Ramirez,Javier Morales
2814,1344,1765,inspeccion avanzada de transmision y radiador debido a desgaste.,Finalizado,2026-03-09 00:00:00,2026-03-13 00:00:00,6394,Cliente informado,Bajaj,Gixxer 250,Jose Ramirez,Miguel Garcia
2815,4204,3572,mantenimiento preventivo en chip y personalizacion debido a desgaste.,Finalizado,2026-03-07 00:00:00,2026-03-09 00:00:00,1066,Cliente informado,KTM,MT-07,Carlos Mendoza,Andres Ruiz
2816,4101,2274,mantenimiento preventivo en chequeo y filtro de aceite debido a desgaste.,Finalizado,2026-03-13 00:00:00,2026-03-17 00:00:00,2521,Entregado,Yamaha,GSX-R750,Jose Ramirez,Andres Ruiz
2817,587,446,servicio integral para diagnostico y revision general para mejorar rendimiento.,Finalizado,2026-03-28 00:00:00,2026-03-28 00:00:00,1204,Entregado,Kawasaki,DM200,Jose Ramirez,Fernando Herrera
2818,1013,2426,instalacion y calibracion de filtro de aire y bujias incluyendo ajuste final.,Finalizado,2026-03-20 00:00:00,2026-03-22 00:00:00,953,Cliente informado,Yamaha,Apache RTR 200,Carlos Mendoza,Erick Gutierrez
2819,3424,2871,revision completa de inspeccion y ruido con pruebas posteriores.,Finalizado,2026-03-15 00:00:00,2026-03-15 00:00:00,1617,Cliente informado,Bajaj,FT150,Jose Ramirez,Javier Morales
2820,4949,2492,ajuste tecnico de suspension y motor incluyendo ajuste final.,Entregado,2026-03-01 00:00:00,2026-03-02 00:00:00,3615,Entregado,Yamaha,CB190R,Carlos Mendoza,Manuel Vargas
2821,2483,3889,inspeccion avanzada de revision y bujias incluyendo ajuste final.,Finalizado,2026-03-28 00:00:00,2026-03-30 00:00:00,4590,Entregado,Italika,Apache RTR 200,Jose Ramirez,Luis Martinez
2822,3092,5196,servicio integral para actualizacion de software y potencia debido a desgaste.,En proceso,2026-03-23 00:00:00,2026-03-27 00:00:00,5892,Entregado,Bajaj,R15,Jose Ramirez,Carlos Mendoza
2823,948,186,servicio integral para direccion y frenos para mejorar rendimiento.,Finalizado,2026-03-07 00:00:00,2026-03-10 00:00:00,2904,Entregado,AKT,Pulsar NS200,Jose Ramirez,Edwin Chavez
2824,3705,3860,ajuste tecnico de motor de arranque y bateria por falla detectada.,Finalizado,2026-03-04 00:00:00,2026-03-05 00:00:00,2189,Entregado,Yamaha,Apache RTR 200,Carlos Mendoza,Erick Gutierrez
2825,3185,2721,inspeccion avanzada de escaneo y problema debido a desgaste.,Entregado,2026-03-22 00:00:00,2026-03-26 00:00:00,2168,Entregado,Honda,DM200,Jose Ramirez,Fernando Herrera
2826,1812,2830,inspeccion avanzada de luces led y pantalla debido a desgaste.,Finalizado,2026-03-03 00:00:00,2026-03-03 00:00:00,6311,Cliente informado,Honda,Ninja 400,Carlos Mendoza,Wilmer Soto
2827,1169,708,inspeccion avanzada de arbol de levas y eje incluyendo ajuste final.,Finalizado,2026-03-14 00:00:00,2026-03-18 00:00:00,4620,Entregado,Yamaha,Z650,Jose Ramirez,Fernando Herrera
2828,808,1423,inspeccion avanzada de diagnostico y falla con pruebas posteriores.,Finalizado,2026-03-28 00:00:00,2026-03-29 00:00:00,3244,Cliente informado,TVS,R15,Jose Ramirez,Andres Ruiz
2829,4898,257,inspeccion avanzada de revision general y revision general con pruebas posteriores.,Finalizado,2026-03-13 00:00:00,2026-03-14 00:00:00,6065,Cliente informado,Suzuki,MT-07,Jose Ramirez,Alexis Diaz
2830,2146,3659,servicio integral para fibra de carbono y pantalla para mejorar rendimiento.,Finalizado,2026-03-05 00:00:00,2026-03-06 00:00:00,3451,Entregado,Bajaj,CBR 600RR,Carlos Mendoza,Edwin Chavez
2831,4354,3217,optimizacion del sistema cromado y escape deportivo por falla detectada.,Finalizado,2026-03-07 00:00:00,2026-02-25 00:00:00,3970,Cliente informado,Honda,Pulsar NS200,Jose Ramirez,Eduardo Castro
2832,3689,1710,instalacion y calibracion de sistema electrico y encendido con pruebas posteriores.,Finalizado,2026-03-13 00:00:00,2026-03-16 00:00:00,6405,Entregado,Bajaj,Apache RTR 200,Jose Ramirez,Javier Morales
2833,990,4098,correccion especializada de niveles y filtro de aceite con pruebas posteriores.,Finalizado,2026-03-07 00:00:00,2026-03-07 00:00:00,3924,Entregado,Honda,Duke 390,Jose Ramirez,Juan Perez
2834,788,2774,diagnostico y reparacion de revision general y ruido debido a desgaste.,Finalizado,2026-03-07 00:00:00,2026-03-09 00:00:00,3698,Cliente informado,Bajaj,CB190R,Carlos Mendoza,Manuel Vargas
2835,3419,3398,optimizacion del sistema camara y performance para mejorar rendimiento.,Finalizado,2026-03-27 00:00:00,2026-03-27 00:00:00,5970,Entregado,KTM,GSX-R750,Carlos Mendoza,Victor Rivas
2836,4449,923,ajuste tecnico de alineacion y chequeo para mejorar rendimiento.,Finalizado,2026-03-21 00:00:00,2026-03-21 00:00:00,3098,Entregado,Italika,GN125,Carlos Mendoza,Javier Morales
2837,795,2144,inspeccion avanzada de polarizado y fibra de carbono con pruebas posteriores.,Finalizado,2026-03-20 00:00:00,2026-03-24 00:00:00,1828,Cliente informado,Suzuki,Duke 390,Jose Ramirez,Erick Gutierrez
2838,979,1369,mantenimiento preventivo en distribucion y arbol de levas segun solicitud del cliente.,Finalizado,2026-03-18 00:00:00,2026-03-19 00:00:00,4846,Entregado,Suzuki,R15,Carlos Mendoza,Eduardo Castro
2839,857,1411,instalacion y calibracion de chequeo y test incluyendo ajuste final.,Finalizado,2026-03-04 00:00:00,2026-03-04 00:00:00,5693,Entregado,Kawasaki,Ninja 400,Carlos Mendoza,Manuel Vargas
2840,2774,3021,optimizacion del sistema polarizado y custom debido a desgaste.,En proceso,2026-03-24 00:00:00,2026-03-25 00:00:00,1735,Cliente informado,Honda,CBR 600RR,Carlos Mendoza,Victor Rivas
2841,2426,3477,revision completa de bujias y chequeo incluyendo ajuste final.,Finalizado,2026-03-09 00:00:00,2026-03-11 00:00:00,3786,Entregado,KTM,Pulsar NS200,Carlos Mendoza,Eduardo Castro
2842,4894,2139,instalacion y calibracion de evaluacion y diagnostico por falla detectada.,Entregado,2026-03-03 00:00:00,2026-03-07 00:00:00,1348,Cliente informado,Yamaha,Gixxer 250,Carlos Mendoza,Fernando Herrera
2843,4161,5158,servicio integral para custom y tuning debido a desgaste.,Finalizado,2026-03-06 00:00:00,2026-03-06 00:00:00,955,Cliente informado,Suzuki,RC 200,Jose Ramirez,Erick Gutierrez
2844,3344,852,ajuste tecnico de filtro de aire y bujias con pruebas posteriores.,Finalizado,2026-02-28 00:00:00,2026-03-04 00:00:00,1365,Entregado,Suzuki,Gixxer 250,Jose Ramirez,Alexis Diaz
2845,1981,5026,correccion especializada de diagnostico y revision general y verificacion completa.,Finalizado,2026-03-04 00:00:00,2026-03-07 00:00:00,1705,Cliente informado,Yamaha,RC 200,Carlos Mendoza,Mario Lopez
2846,638,748,optimizacion del sistema encendido y cableado incluyendo ajuste final.,Finalizado,2026-03-08 00:00:00,2026-03-09 00:00:00,6281,Cliente informado,Suzuki,NKD 125,Carlos Mendoza,Jose Ramirez
2847,28,3267,inspeccion avanzada de balanceo y bujias y verificacion completa.,Finalizado,2026-03-15 00:00:00,2026-03-18 00:00:00,3597,Cliente informado,TVS,XR150L,Carlos Mendoza,Jose Ramirez
2848,967,4338,ajuste tecnico de falla y inspeccion con pruebas posteriores.,Finalizado,2026-03-04 00:00:00,2026-03-06 00:00:00,2676,Cliente informado,Bajaj,Duke 390,Jose Ramirez,Brayan Silva
2849,2396,3570,diagnostico y reparacion de chequeo y filtro de aceite con pruebas posteriores.,Finalizado,2026-03-10 00:00:00,2026-03-12 00:00:00,2330,Entregado,Honda,Z650,Carlos Mendoza,Alexis Diaz
2850,1193,2853,mantenimiento preventivo en bateria y sensores y verificacion completa.,Finalizado,2026-03-16 00:00:00,2026-03-16 00:00:00,2716,Entregado,Honda,RC 200,Jose Ramirez,Miguel Garcia
2851,2851,2915,optimizacion del sistema filtro de aceite y lubricacion con pruebas posteriores.,Finalizado,2026-03-20 00:00:00,2026-03-23 00:00:00,1587,Entregado,Yamaha,Apache RTR 200,Jose Ramirez,Miguel Garcia
2852,1219,1710,correccion especializada de revision y alineacion con pruebas posteriores.,Finalizado,2026-03-08 00:00:00,2026-03-09 00:00:00,716,Entregado,TVS,GN125,Jose Ramirez,Henry Tellez
2853,653,3443,optimizacion del sistema arbol de levas y ciguenal para mejorar rendimiento.,Finalizado,2026-03-27 00:00:00,2026-03-28 00:00:00,5567,Entregado,Kawasaki,XR150L,Carlos Mendoza,Francisco Blandon
2854,4959,637,inspeccion avanzada de sistema electrico y alternador y verificacion completa.,Finalizado,2026-03-09 00:00:00,2026-03-10 00:00:00,5794,Entregado,KTM,CBR 600RR,Carlos Mendoza,Luis Martinez
2855,1392,2945,optimizacion del sistema modificacion y camara segun solicitud del cliente.,Finalizado,2026-03-08 00:00:00,2026-02-26 00:00:00,2464,Cliente informado,Honda,Gixxer 250,Carlos Mendoza,Juan Perez
2856,91,4109,instalacion y calibracion de suspension y caja de cambios debido a desgaste.,Finalizado,2026-03-08 00:00:00,2026-03-12 00:00:00,3812,Cliente informado,Honda,DM200,Carlos Mendoza,Manuel Vargas
2857,924,2487,ajuste tecnico de actualizacion de software y turbo segun solicitud del cliente.,Finalizado,2026-03-29 00:00:00,2026-03-31 00:00:00,1092,Cliente informado,AKT,Pulsar NS200,Jose Ramirez,Cristian Molina
2858,3185,2721,mantenimiento preventivo en encendido y centralita para mejorar rendimiento.,Entregado,2026-03-22 00:00:00,2026-03-26 00:00:00,4450,Entregado,Yamaha,FT150,Jose Ramirez,Kevin Torres
2859,4955,4503,diagnostico y reparacion de sistema electrico y cableado con pruebas posteriores.,Finalizado,2026-03-11 00:00:00,2026-03-13 00:00:00,1233,Entregado,AKT,CB190R,Jose Ramirez,Andres Ruiz
2860,2516,4849,mantenimiento preventivo en lubricacion y filtro de aceite por falla detectada.,Finalizado,2026-03-05 00:00:00,2026-03-05 00:00:00,5753,Entregado,Suzuki,XR150L,Carlos Mendoza,Oscar Reyes
2861,251,4162,instalacion y calibracion de bujias y filtro de aceite y verificacion completa.,Finalizado,2026-03-08 00:00:00,2026-02-26 00:00:00,787,Entregado,KTM,FT150,Jose Ramirez,Roberto Flores
2862,4257,2124,diagnostico y reparacion de alternador y cableado para mejorar rendimiento.,Finalizado,2026-03-25 00:00:00,2026-03-15 00:00:00,5592,Cliente informado,Italika,Boxer 150,Jose Ramirez,Henry Tellez
2863,2521,3314,diagnostico y reparacion de filtro de aire y filtro de aire debido a desgaste.,Finalizado,2026-03-06 00:00:00,2026-03-08 00:00:00,3092,Entregado,Yamaha,FT150,Jose Ramirez,Andres Ruiz
2864,485,1384,servicio integral para alineacion y chequeo con pruebas posteriores.,Finalizado,2026-03-26 00:00:00,2026-03-30 00:00:00,3029,Entregado,Honda,GN125,Carlos Mendoza,Manuel Vargas
2865,2224,1264,mantenimiento preventivo en encendido y fallo electrico incluyendo ajuste final.,Finalizado,2026-03-23 00:00:00,2026-03-26 00:00:00,5771,Cliente informado,KTM,FZ16,Carlos Mendoza,Roberto Flores
2866,2503,2151,ajuste tecnico de evaluacion y revision general y verificacion completa.,Finalizado,2026-03-21 00:00:00,2026-03-21 00:00:00,1806,Cliente informado,Bajaj,FZ16,Carlos Mendoza,Kevin Torres
2867,161,1051,diagnostico y reparacion de ruido y ruido por falla detectada.,Finalizado,2026-03-28 00:00:00,2026-03-28 00:00:00,5588,Cliente informado,Suzuki,Gixxer 250,Carlos Mendoza,Samuel Cruz
2868,318,1978,correccion especializada de suspension y amortiguadores incluyendo ajuste final.,Finalizado,2026-03-09 00:00:00,2026-03-12 00:00:00,540,Cliente informado,Yamaha,CB190R,Carlos Mendoza,Jose Ramirez
2869,691,4693,instalacion y calibracion de gps y suspension deportiva debido a desgaste.,Finalizado,2026-03-17 00:00:00,2026-03-21 00:00:00,1496,Cliente informado,Honda,FZ16,Carlos Mendoza,Victor Rivas
2870,3887,1284,revision completa de evaluacion y revision general debido a desgaste.,Finalizado,2026-02-28 00:00:00,2026-03-02 00:00:00,5073,Entregado,KTM,RC 200,Jose Ramirez,Juan Perez
2871,3813,2595,ajuste tecnico de revision general y diagnostico incluyendo ajuste final.,Finalizado,2026-03-13 00:00:00,2026-03-15 00:00:00,5549,Entregado,Yamaha,GN125,Carlos Mendoza,Fernando Herrera
2872,800,3519,revision completa de revision y chequeo con pruebas posteriores.,Finalizado,2026-03-08 00:00:00,2026-03-10 00:00:00,6068,Entregado,AKT,Ninja 400,Carlos Mendoza,Fernando Herrera
2873,4443,2716,revision completa de diagnostico y problema para mejorar rendimiento.,Finalizado,2026-03-11 00:00:00,2026-03-13 00:00:00,3191,Cliente informado,TVS,Z650,Carlos Mendoza,Alexis Diaz
2874,2765,3126,revision completa de transmision y caja de cambios segun solicitud del cliente.,Finalizado,2026-03-05 00:00:00,2026-03-07 00:00:00,1567,Entregado,Italika,Boxer 150,Carlos Mendoza,Andres Ruiz
2875,4610,3782,mantenimiento preventivo en sensores de estacionamiento y kit aerodinamico segun solicitud del cliente.,Finalizado,2026-03-29 00:00:00,2026-04-02 00:00:00,4807,Entregado,Suzuki,GN125,Carlos Mendoza,Carlos Mendoza
2876,1754,4107,optimizacion del sistema filtro de aire y alineacion y verificacion completa.,Finalizado,2026-03-03 00:00:00,2026-03-07 00:00:00,1399,Entregado,Yamaha,MT-07,Jose Ramirez,Javier Morales
2877,935,3572,ajuste tecnico de fallo electrico y motor de arranque con pruebas posteriores.,Finalizado,2026-03-15 00:00:00,2026-03-17 00:00:00,2661,Entregado,KTM,NKD 125,Carlos Mendoza,Juan Perez
2878,1508,3606,ajuste tecnico de sensores y cableado incluyendo ajuste final.,Finalizado,2026-03-26 00:00:00,2026-03-27 00:00:00,2497,Entregado,Honda,Pulsar NS200,Jose Ramirez,Carlos Mendoza
2879,4061,5295,servicio integral para luces y sensores incluyendo ajuste final.,Finalizado,2026-02-28 00:00:00,2026-03-02 00:00:00,2582,Entregado,Yamaha,DM200,Carlos Mendoza,Eduardo Castro
2880,4819,1018,revision completa de sistema electrico y motor de arranque con pruebas posteriores.,Finalizado,2026-03-26 00:00:00,2026-03-27 00:00:00,3121,Entregado,Yamaha,Apache RTR 200,Carlos Mendoza,Luis Martinez
2881,1888,2719,inspeccion avanzada de ciguenal y caja de cambios con pruebas posteriores.,Finalizado,2026-03-21 00:00:00,2026-03-23 00:00:00,5280,Cliente informado,Kawasaki,XR150L,Jose Ramirez,Kevin Torres
2882,3863,2714,correccion especializada de evaluacion y evaluacion con pruebas posteriores.,Finalizado,2026-03-03 00:00:00,2026-03-05 00:00:00,3963,Cliente informado,AKT,Z650,Jose Ramirez,Carlos Mendoza
2883,2546,4762,diagnostico y reparacion de sistema electrico y motor de arranque incluyendo ajuste final.,Finalizado,2026-03-13 00:00:00,2026-03-17 00:00:00,5214,Cliente informado,KTM,Ninja 400,Carlos Mendoza,Francisco Blandon
2884,548,1857,optimizacion del sistema problema y problema incluyendo ajuste final.,Finalizado,2026-03-18 00:00:00,2026-03-19 00:00:00,1166,Entregado,Italika,Gixxer 250,Jose Ramirez,Jose Ramirez
2885,2325,3308,diagnostico y reparacion de sensores de estacionamiento y performance y verificacion completa.,Finalizado,2026-03-23 00:00:00,2026-03-26 00:00:00,4694,Entregado,KTM,Ninja 400,Jose Ramirez,Kevin Torres
2886,4274,5268,inspeccion avanzada de arbol de levas y frenos con pruebas posteriores.,Finalizado,2026-03-03 00:00:00,2026-03-06 00:00:00,3060,Cliente informado,Honda,Ninja 400,Jose Ramirez,Steven Rocha
2887,2634,4648,mantenimiento preventivo en filtro de aire y filtro de aceite debido a desgaste.,En proceso,2026-03-08 00:00:00,2026-03-10 00:00:00,3056,Cliente informado,Honda,GSX-R750,Carlos Mendoza,Steven Rocha
2888,4650,251,inspeccion avanzada de vinilado y sensores de estacionamiento segun solicitud del cliente.,Finalizado,2026-03-23 00:00:00,2026-03-27 00:00:00,6263,Cliente informado,KTM,Z650,Carlos Mendoza,Roberto Flores
2889,4894,2139,servicio integral para pantalla y turbo por falla detectada.,Entregado,2026-03-03 00:00:00,2026-03-07 00:00:00,1740,Cliente informado,Bajaj,GN125,Carlos Mendoza,Daniel Castillo
2890,4072,4080,optimizacion del sistema revision y niveles y verificacion completa.,Finalizado,2026-03-29 00:00:00,2026-04-02 00:00:00,1723,Cliente informado,Kawasaki,RC 200,Jose Ramirez,Henry Tellez
2891,282,1951,ajuste tecnico de lubricacion y alineacion segun solicitud del cliente.,Finalizado,2026-03-25 00:00:00,2026-03-15 00:00:00,4990,Entregado,Suzuki,FZ16,Jose Ramirez,Francisco Blandon
2892,1981,5026,servicio integral para revision y chequeo con pruebas posteriores.,Finalizado,2026-03-04 00:00:00,2026-03-07 00:00:00,2148,Cliente informado,Kawasaki,Z650,Jose Ramirez,Edwin Chavez
2893,144,2369,mantenimiento preventivo en luces y luces para mejorar rendimiento.,Finalizado,2026-03-21 00:00:00,2026-03-25 00:00:00,6474,Cliente informado,Italika,MT-07,Jose Ramirez,Samuel Cruz
2894,4133,2149,diagnostico y reparacion de cambio de aceite y revision con pruebas posteriores.,Finalizado,2026-03-21 00:00:00,2026-03-21 00:00:00,3068,Entregado,Kawasaki,GSX-R750,Carlos Mendoza,Luis Martinez
2895,3814,826,diagnostico y reparacion de encendido y motor de arranque incluyendo ajuste final.,Finalizado,2026-03-13 00:00:00,2026-03-14 00:00:00,4041,Cliente informado,TVS,Ninja 400,Jose Ramirez,Edwin Chavez
2896,3166,4505,correccion especializada de test y falla y verificacion completa.,Finalizado,2026-03-26 00:00:00,2026-03-30 00:00:00,1833,Cliente informado,KTM,R15,Jose Ramirez,Daniel Castillo
2897,3988,2505,revision completa de centralita y luces con pruebas posteriores.,Finalizado,2026-02-28 00:00:00,2026-03-03 00:00:00,5468,Cliente informado,Bajaj,Z650,Carlos Mendoza,Erick Gutierrez
2898,886,12,correccion especializada de radiador y caja de cambios debido a desgaste.,Finalizado,2026-03-03 00:00:00,2026-03-03 00:00:00,5656,Entregado,Yamaha,Ninja 400,Carlos Mendoza,Kevin Torres
2899,1412,1400,instalacion y calibracion de suspension y culata para mejorar rendimiento.,Finalizado,2026-03-05 00:00:00,2026-03-07 00:00:00,4290,Entregado,Yamaha,XR150L,Carlos Mendoza,Erick Gutierrez
2900,2723,3492,correccion especializada de bateria y luces con pruebas posteriores.,En proceso,2026-03-05 00:00:00,2026-03-06 00:00:00,5135,Cliente informado,Honda,RC 200,Carlos Mendoza,Fernando Herrera
2901,4709,4253,mantenimiento preventivo en revision y balanceo para mejorar rendimiento.,Finalizado,2026-03-03 00:00:00,2026-03-05 00:00:00,4925,Entregado,AKT,R15,Jose Ramirez,Wilmer Soto
2902,1861,2878,mantenimiento preventivo en falla y falla por falla detectada.,Finalizado,2026-03-08 00:00:00,2026-03-08 00:00:00,1670,Entregado,Honda,CB190R,Jose Ramirez,Oscar Reyes
2903,2580,3814,inspeccion avanzada de arbol de levas y ciguenal incluyendo ajuste final.,Finalizado,2026-03-13 00:00:00,2026-03-16 00:00:00,911,Entregado,Bajaj,Ninja 400,Carlos Mendoza,Henry Tellez
2904,1693,1184,inspeccion avanzada de motor de arranque y alternador segun solicitud del cliente.,Finalizado,2026-03-16 00:00:00,2026-03-20 00:00:00,5882,Entregado,Yamaha,Z650,Carlos Mendoza,Edwin Chavez
2905,4920,1858,diagnostico y reparacion de pintar carroceria y modificacion y verificacion completa.,Finalizado,2026-03-06 00:00:00,2026-03-10 00:00:00,5277,Entregado,Suzuki,XR150L,Carlos Mendoza,Brayan Silva
2906,325,1695,mantenimiento preventivo en centralita y luces segun solicitud del cliente.,Finalizado,2026-03-09 00:00:00,2026-02-27 00:00:00,3163,Entregado,Honda,MT-07,Carlos Mendoza,Fernando Herrera
2907,2553,1018,optimizacion del sistema luces y cableado por falla detectada.,Finalizado,2026-03-04 00:00:00,2026-03-08 00:00:00,5287,Cliente informado,Yamaha,RC 200,Carlos Mendoza,Manuel Vargas
2908,3363,536,correccion especializada de chequeo y test y verificacion completa.,Finalizado,2026-03-29 00:00:00,2026-03-31 00:00:00,4371,Cliente informado,Honda,FZ16,Jose Ramirez,Oscar Reyes
2909,3988,2505,servicio integral para revision y cambio de aceite incluyendo ajuste final.,Finalizado,2026-02-28 00:00:00,2026-03-03 00:00:00,5235,Cliente informado,Kawasaki,GSX-R750,Carlos Mendoza,Alexis Diaz
2910,2589,5160,mantenimiento preventivo en sistema electrico y cableado por falla detectada.,Finalizado,2026-03-03 00:00:00,2026-03-06 00:00:00,6469,Entregado,Suzuki,XR150L,Carlos Mendoza,Daniel Castillo
2911,275,3545,mantenimiento preventivo en niveles y niveles incluyendo ajuste final.,En proceso,2026-03-08 00:00:00,2026-03-10 00:00:00,1137,Cliente informado,Yamaha,FT150,Jose Ramirez,Wilmer Soto
2912,97,3693,instalacion y calibracion de bateria y luces y verificacion completa.,En proceso,2026-03-09 00:00:00,2026-03-13 00:00:00,6161,Cliente informado,Honda,R15,Jose Ramirez,Steven Rocha
2913,318,1978,instalacion y calibracion de inspeccion y problema por falla detectada.,Finalizado,2026-03-09 00:00:00,2026-03-12 00:00:00,2542,Cliente informado,Kawasaki,Ninja 400,Jose Ramirez,Samuel Cruz
2914,4409,4511,optimizacion del sistema lubricacion y lubricacion segun solicitud del cliente.,Finalizado,2026-03-01 00:00:00,2026-03-03 00:00:00,3385,Entregado,KTM,Apache RTR 200,Carlos Mendoza,Andres Ruiz
2915,2395,2543,ajuste tecnico de radiador y distribucion segun solicitud del cliente.,Finalizado,2026-03-25 00:00:00,2026-03-25 00:00:00,6462,Entregado,Suzuki,Ninja 400,Carlos Mendoza,Julio Navarro
2916,3267,1097,revision completa de calipers y camara debido a desgaste.,Finalizado,2026-03-24 00:00:00,2026-03-24 00:00:00,5077,Cliente informado,Italika,Z650,Jose Ramirez,Juan Perez
2917,1040,5177,servicio integral para cableado y bateria segun solicitud del cliente.,Finalizado,2026-03-17 00:00:00,2026-03-21 00:00:00,1313,Entregado,Suzuki,FZ16,Jose Ramirez,Daniel Castillo
2918,1821,3999,instalacion y calibracion de cambio de aceite y bujias segun solicitud del cliente.,Finalizado,2026-03-01 00:00:00,2026-03-03 00:00:00,1722,Cliente informado,Italika,Apache RTR 200,Jose Ramirez,Steven Rocha
2919,88,1038,mantenimiento preventivo en estetico y personalizacion por falla detectada.,Finalizado,2026-03-19 00:00:00,2026-03-22 00:00:00,1546,Entregado,AKT,NKD 125,Carlos Mendoza,Henry Tellez
2920,2797,1674,inspeccion avanzada de inspeccion y diagnostico y verificacion completa.,Finalizado,2026-03-26 00:00:00,2026-03-27 00:00:00,1572,Entregado,TVS,Ninja 400,Jose Ramirez,Jose Ramirez
2921,1974,4930,servicio integral para revision y bujias para mejorar rendimiento.,Finalizado,2026-03-08 00:00:00,2026-03-10 00:00:00,3309,Entregado,Bajaj,MT-07,Carlos Mendoza,Miguel Garcia
2922,1632,2973,revision completa de bateria y luces segun solicitud del cliente.,Finalizado,2026-03-15 00:00:00,2026-03-17 00:00:00,1761,Cliente informado,TVS,XR150L,Jose Ramirez,Erick Gutierrez
2923,2532,3999,inspeccion avanzada de estetico y velocidad y verificacion completa.,Finalizado,2026-03-24 00:00:00,2026-03-25 00:00:00,5113,Entregado,Suzuki,Duke 390,Carlos Mendoza,Kevin Torres
2924,4313,2663,mantenimiento preventivo en frenos deportivos y fibra de carbono por falla detectada.,Finalizado,2026-03-17 00:00:00,2026-03-17 00:00:00,1281,Entregado,TVS,CBR 600RR,Jose Ramirez,Andres Ruiz
2925,2016,4735,inspeccion avanzada de balanceo y filtro de aire segun solicitud del cliente.,Finalizado,2026-03-04 00:00:00,2026-03-04 00:00:00,1484,Entregado,Yamaha,DM200,Carlos Mendoza,Erick Gutierrez
2926,4064,2203,servicio integral para evaluacion y problema segun solicitud del cliente.,Finalizado,2026-03-21 00:00:00,2026-03-23 00:00:00,765,Cliente informado,Honda,Apache RTR 200,Jose Ramirez,Julio Navarro
2927,3223,4360,ajuste tecnico de cambio color y sensores de estacionamiento segun solicitud del cliente.,Finalizado,2026-03-01 00:00:00,2026-03-05 00:00:00,3017,Cliente informado,KTM,Z650,Carlos Mendoza,Eduardo Castro
2928,3742,2443,ajuste tecnico de alternador y fallo electrico incluyendo ajuste final.,Finalizado,2026-03-27 00:00:00,2026-03-27 00:00:00,2527,Cliente informado,Italika,RC 200,Jose Ramirez,Erick Gutierrez
2929,2018,3369,ajuste tecnico de alternador y cableado con pruebas posteriores.,Finalizado,2026-03-23 00:00:00,2026-03-23 00:00:00,4513,Entregado,Suzuki,CB190R,Carlos Mendoza,Javier Morales
2930,838,3395,correccion especializada de filtro de aceite y niveles y verificacion completa.,Finalizado,2026-03-16 00:00:00,2026-03-17 00:00:00,837,Cliente informado,Kawasaki,Z650,Jose Ramirez,Miguel Garcia
2931,691,4693,correccion especializada de fallo electrico y encendido debido a desgaste.,Finalizado,2026-03-17 00:00:00,2026-03-21 00:00:00,4943,Cliente informado,Honda,FT150,Carlos Mendoza,Daniel Castillo
2932,3366,3626,optimizacion del sistema filtro de aceite y bujias segun solicitud del cliente.,Finalizado,2026-03-09 00:00:00,2026-03-09 00:00:00,1782,Cliente informado,Yamaha,DM200,Carlos Mendoza,Wilmer Soto
2933,3465,3096,correccion especializada de culata y bomba de agua para mejorar rendimiento.,Finalizado,2026-03-17 00:00:00,2026-03-18 00:00:00,5347,Entregado,Italika,GSX-R750,Jose Ramirez,Fernando Herrera
2934,91,4109,diagnostico y reparacion de ruido y revision general y verificacion completa.,Finalizado,2026-03-08 00:00:00,2026-03-12 00:00:00,1496,Cliente informado,Kawasaki,MT-07,Jose Ramirez,Cristian Molina
2935,2004,936,servicio integral para sonido y polarizado con pruebas posteriores.,Finalizado,2026-03-14 00:00:00,2026-03-14 00:00:00,1308,Entregado,Yamaha,Z650,Carlos Mendoza,Luis Martinez
2936,1919,1331,optimizacion del sistema actualizacion de software y gps incluyendo ajuste final.,Finalizado,2026-03-26 00:00:00,2026-03-30 00:00:00,3698,Entregado,Bajaj,Z650,Carlos Mendoza,Wilmer Soto
2937,2153,4349,servicio integral para distribucion y eje con pruebas posteriores.,Finalizado,2026-03-25 00:00:00,2026-03-28 00:00:00,5502,Cliente informado,Yamaha,Gixxer 250,Jose Ramirez,Julio Navarro
2938,4214,1695,inspeccion avanzada de filtro de aceite y revision segun solicitud del cliente.,Finalizado,2026-02-28 00:00:00,2026-03-02 00:00:00,3827,Cliente informado,Suzuki,DM200,Carlos Mendoza,Daniel Castillo
2939,1273,3166,instalacion y calibracion de fallo electrico y fallo electrico y verificacion completa.,Finalizado,2026-03-01 00:00:00,2026-03-02 00:00:00,6165,Entregado,TVS,RC 200,Carlos Mendoza,Mario Lopez
2940,4924,2464,diagnostico y reparacion de aleron y actualizacion de software para mejorar rendimiento.,Finalizado,2026-03-23 00:00:00,2026-03-26 00:00:00,3365,Entregado,AKT,R15,Jose Ramirez,Juan Perez
2941,834,2118,ajuste tecnico de ciguenal y radiador y verificacion completa.,Finalizado,2026-03-02 00:00:00,2026-02-20 00:00:00,2567,Cliente informado,Yamaha,Duke 390,Carlos Mendoza,Roberto Flores
2942,3590,2974,inspeccion avanzada de fallo electrico y luces para mejorar rendimiento.,Finalizado,2026-03-29 00:00:00,2026-04-02 00:00:00,2914,Entregado,Suzuki,Apache RTR 200,Carlos Mendoza,Samuel Cruz
2943,3588,3089,ajuste tecnico de custom y pintura y verificacion completa.,Entregado,2026-03-23 00:00:00,2026-03-26 00:00:00,3004,Entregado,Yamaha,FZ16,Carlos Mendoza,Alexis Diaz
2944,2066,5162,revision completa de cableado y bateria y verificacion completa.,Finalizado,2026-03-25 00:00:00,2026-03-28 00:00:00,4051,Cliente informado,KTM,FZ16,Carlos Mendoza,Victor Rivas
2945,3344,852,servicio integral para bujias y alineacion para mejorar rendimiento.,Finalizado,2026-02-28 00:00:00,2026-03-04 00:00:00,2579,Entregado,Italika,Pulsar NS200,Carlos Mendoza,Luis Martinez
2946,4891,1912,diagnostico y reparacion de falla y evaluacion incluyendo ajuste final.,En proceso,2026-03-12 00:00:00,2026-03-12 00:00:00,5356,Entregado,Bajaj,FZ16,Carlos Mendoza,Eduardo Castro
2947,1542,4580,servicio integral para potencia y sensores de estacionamiento segun solicitud del cliente.,Finalizado,2026-03-18 00:00:00,2026-03-19 00:00:00,5393,Cliente informado,Kawasaki,XR150L,Carlos Mendoza,Kevin Torres
2948,4192,1891,mantenimiento preventivo en pintar carroceria y audio y verificacion completa.,Finalizado,2026-03-19 00:00:00,2026-03-23 00:00:00,3784,Cliente informado,TVS,XR150L,Carlos Mendoza,Luis Martinez
2949,3314,2099,inspeccion avanzada de cableado y fallo electrico incluyendo ajuste final.,Finalizado,2026-03-22 00:00:00,2026-03-25 00:00:00,5893,Entregado,AKT,Ninja 400,Jose Ramirez,Cristian Molina
2950,3689,1710,ajuste tecnico de gps y actualizacion de software para mejorar rendimiento.,Finalizado,2026-03-13 00:00:00,2026-03-16 00:00:00,5696,Entregado,Honda,GN125,Carlos Mendoza,Andres Ruiz
2951,4623,3398,correccion especializada de evaluacion y escaneo para mejorar rendimiento.,Finalizado,2026-03-14 00:00:00,2026-03-04 00:00:00,4788,Cliente informado,AKT,NKD 125,Carlos Mendoza,Miguel Garcia
2952,1616,1055,correccion especializada de chasis y carroceria para mejorar rendimiento.,Finalizado,2026-03-18 00:00:00,2026-03-19 00:00:00,931,Entregado,Yamaha,GSX-R750,Carlos Mendoza,Erick Gutierrez
2953,1874,3368,inspeccion avanzada de carroceria y biela por falla detectada.,En proceso,2026-03-05 00:00:00,2026-03-05 00:00:00,2357,Cliente informado,Suzuki,Apache RTR 200,Jose Ramirez,Carlos Mendoza
2954,264,2667,ajuste tecnico de escape deportivo y polarizado por falla detectada.,Finalizado,2026-03-15 00:00:00,2026-03-19 00:00:00,2489,Entregado,Suzuki,GN125,Jose Ramirez,Erick Gutierrez
2955,2030,4933,revision completa de carroceria y embrague por falla detectada.,Finalizado,2026-03-09 00:00:00,2026-03-11 00:00:00,3287,Entregado,Yamaha,XR150L,Carlos Mendoza,Samuel Cruz
2956,1542,4580,mantenimiento preventivo en llantas deportivas y audio con pruebas posteriores.,Finalizado,2026-03-18 00:00:00,2026-03-19 00:00:00,1552,Cliente informado,Yamaha,Boxer 150,Jose Ramirez,Erick Gutierrez
2957,2774,3021,optimizacion del sistema pintar carroceria y calipers por falla detectada.,En proceso,2026-03-24 00:00:00,2026-03-25 00:00:00,1909,Cliente informado,Yamaha,Boxer 150,Jose Ramirez,Cristian Molina
2958,741,5222,servicio integral para culata y biela debido a desgaste.,Finalizado,2026-03-28 00:00:00,2026-03-29 00:00:00,5104,Entregado,Yamaha,R15,Jose Ramirez,Eduardo Castro
2959,3278,2437,correccion especializada de escaneo y evaluacion y verificacion completa.,Finalizado,2026-03-03 00:00:00,2026-03-03 00:00:00,1161,Cliente informado,KTM,Apache RTR 200,Jose Ramirez,Carlos Mendoza
2960,4477,1264,servicio integral para sistema electrico y cableado segun solicitud del cliente.,Entregado,2026-03-14 00:00:00,2026-03-18 00:00:00,1551,Cliente informado,KTM,Pulsar NS200,Carlos Mendoza,Andres Ruiz
2961,4127,3408,diagnostico y reparacion de suspension deportiva y performance incluyendo ajuste final.,Finalizado,2026-03-02 00:00:00,2026-02-20 00:00:00,623,Entregado,Bajaj,R15,Carlos Mendoza,Luis Martinez
2962,4944,2595,instalacion y calibracion de cableado y luces debido a desgaste.,Finalizado,2026-03-03 00:00:00,2026-03-07 00:00:00,5165,Cliente informado,Yamaha,MT-07,Carlos Mendoza,Daniel Castillo
2963,1752,4569,servicio integral para modificacion y fibra de carbono por falla detectada.,Finalizado,2026-03-17 00:00:00,2026-03-21 00:00:00,1824,Entregado,Italika,NKD 125,Jose Ramirez,Roberto Flores
2964,4780,5251,revision completa de revision general y inspeccion con pruebas posteriores.,Finalizado,2026-03-17 00:00:00,2026-03-20 00:00:00,2350,Cliente informado,Suzuki,DM200,Carlos Mendoza,Brayan Silva
2965,2911,3616,inspeccion avanzada de filtro de aceite y niveles segun solicitud del cliente.,Finalizado,2026-03-01 00:00:00,2026-03-02 00:00:00,5843,Entregado,KTM,DM200,Carlos Mendoza,Miguel Garcia
2966,1919,1331,ajuste tecnico de kit aerodinamico y custom segun solicitud del cliente.,Finalizado,2026-03-26 00:00:00,2026-03-30 00:00:00,5391,Entregado,Honda,GSX-R750,Carlos Mendoza,Javier Morales
2967,160,5177,mantenimiento preventivo en filtro de aceite y lubricacion segun solicitud del cliente.,En proceso,2026-03-18 00:00:00,2026-03-18 00:00:00,3644,Entregado,Honda,NKD 125,Jose Ramirez,Javier Morales
2968,2137,4386,instalacion y calibracion de pantalla y pintar carroceria por falla detectada.,Finalizado,2026-03-03 00:00:00,2026-03-03 00:00:00,4948,Entregado,AKT,RC 200,Jose Ramirez,Alexis Diaz
2969,801,4236,instalacion y calibracion de amortiguadores y arbol de levas incluyendo ajuste final.,Finalizado,2026-03-19 00:00:00,2026-03-20 00:00:00,2464,Entregado,Yamaha,FZ16,Jose Ramirez,Brayan Silva
2970,935,3572,revision completa de evaluacion y chequeo incluyendo ajuste final.,Finalizado,2026-03-15 00:00:00,2026-03-17 00:00:00,6291,Entregado,KTM,Pulsar NS200,Carlos Mendoza,Edwin Chavez
2971,2483,3889,servicio integral para revision general y escaneo debido a desgaste.,Finalizado,2026-03-28 00:00:00,2026-03-30 00:00:00,5567,Entregado,Yamaha,R15,Jose Ramirez,Steven Rocha
2972,3894,1817,optimizacion del sistema diagnostico y test por falla detectada.,En proceso,2026-03-20 00:00:00,2026-03-22 00:00:00,891,Cliente informado,Yamaha,R15,Jose Ramirez,Wilmer Soto
2973,1484,5173,optimizacion del sistema lubricacion y filtro de aire segun solicitud del cliente.,Finalizado,2026-03-12 00:00:00,2026-03-02 00:00:00,1440,Entregado,AKT,RC 200,Jose Ramirez,Wilmer Soto
2974,1616,1055,mantenimiento preventivo en bateria y cableado con pruebas posteriores.,Finalizado,2026-03-18 00:00:00,2026-03-19 00:00:00,6428,Entregado,Suzuki,DM200,Jose Ramirez,Daniel Castillo
2975,805,2413,diagnostico y reparacion de bomba de agua y motor incluyendo ajuste final.,Finalizado,2026-03-26 00:00:00,2026-03-28 00:00:00,4723,Entregado,Yamaha,CBR 600RR,Carlos Mendoza,Victor Rivas
2976,3212,3463,revision completa de distribucion y radiador con pruebas posteriores.,Finalizado,2026-03-22 00:00:00,2026-03-25 00:00:00,6344,Cliente informado,KTM,Pulsar NS200,Carlos Mendoza,Javier Morales
2977,4419,2732,optimizacion del sistema escaneo y inspeccion incluyendo ajuste final.,Finalizado,2026-03-20 00:00:00,2026-03-24 00:00:00,5045,Cliente informado,Yamaha,GSX-R750,Jose Ramirez,Mario Lopez
2978,3803,5209,revision completa de biela y frenos incluyendo ajuste final.,Entregado,2026-03-12 00:00:00,2026-03-14 00:00:00,2984,Cliente informado,Suzuki,Gixxer 250,Carlos Mendoza,Carlos Mendoza
2979,387,2342,correccion especializada de diagnostico y falla segun solicitud del cliente.,Finalizado,2026-03-14 00:00:00,2026-03-15 00:00:00,3942,Entregado,Italika,Duke 390,Jose Ramirez,Juan Perez
2980,3254,5214,servicio integral para alineacion y chequeo para mejorar rendimiento.,Finalizado,2026-03-23 00:00:00,2026-03-25 00:00:00,3710,Cliente informado,Yamaha,Ninja 400,Jose Ramirez,Henry Tellez
2981,3642,3490,inspeccion avanzada de eje y biela y verificacion completa.,Finalizado,2026-03-20 00:00:00,2026-03-24 00:00:00,3145,Entregado,Yamaha,MT-07,Jose Ramirez,Miguel Garcia
2982,3638,2264,optimizacion del sistema balanceo y bujias incluyendo ajuste final.,Finalizado,2026-03-18 00:00:00,2026-03-22 00:00:00,5452,Entregado,Suzuki,FZ16,Jose Ramirez,Miguel Garcia
2983,136,3821,servicio integral para falla y inspeccion y verificacion completa.,Finalizado,2026-03-15 00:00:00,2026-03-16 00:00:00,5092,Cliente informado,Suzuki,XR150L,Jose Ramirez,Fernando Herrera
2984,3826,1482,ajuste tecnico de performance y pintar carroceria por falla detectada.,Finalizado,2026-03-27 00:00:00,2026-03-30 00:00:00,2976,Cliente informado,AKT,CB190R,Carlos Mendoza,Carlos Mendoza
2985,2780,4120,instalacion y calibracion de caja de cambios y arbol de levas debido a desgaste.,Finalizado,2026-03-11 00:00:00,2026-03-11 00:00:00,2079,Entregado,TVS,MT-07,Jose Ramirez,Oscar Reyes
2986,4898,257,correccion especializada de potencia y suspension deportiva debido a desgaste.,Finalizado,2026-03-13 00:00:00,2026-03-14 00:00:00,6458,Cliente informado,Suzuki,XR150L,Carlos Mendoza,Fernando Herrera
2987,4305,521,optimizacion del sistema performance y frenos deportivos y verificacion completa.,Finalizado,2026-03-28 00:00:00,2026-03-28 00:00:00,638,Entregado,Suzuki,GSX-R750,Jose Ramirez,Edwin Chavez
2988,4655,4571,optimizacion del sistema inspeccion y inspeccion para mejorar rendimiento.,Finalizado,2026-03-27 00:00:00,2026-03-27 00:00:00,3396,Cliente informado,Kawasaki,Boxer 150,Jose Ramirez,Luis Martinez
2989,1412,1400,optimizacion del sistema diagnostico y ruido incluyendo ajuste final.,Finalizado,2026-03-05 00:00:00,2026-03-07 00:00:00,5505,Entregado,Yamaha,Z650,Jose Ramirez,Luis Martinez
2990,3032,4385,ajuste tecnico de diagnostico y revision general por falla detectada.,Finalizado,2026-03-08 00:00:00,2026-03-12 00:00:00,1808,Entregado,TVS,GSX-R750,Jose Ramirez,Brayan Silva
2991,3163,2619,correccion especializada de suspension y chasis segun solicitud del cliente.,Finalizado,2026-03-28 00:00:00,2026-03-30 00:00:00,1887,Cliente informado,Suzuki,FT150,Jose Ramirez,Juan Perez
2992,4645,1560,revision completa de gps y kit aerodinamico incluyendo ajuste final.,Finalizado,2026-03-15 00:00:00,2026-03-16 00:00:00,1650,Cliente informado,AKT,CBR 600RR,Carlos Mendoza,Roberto Flores
2993,4148,591,diagnostico y reparacion de balanceo y niveles segun solicitud del cliente.,Finalizado,2026-03-18 00:00:00,2026-03-21 00:00:00,1541,Entregado,AKT,MT-07,Jose Ramirez,Alexis Diaz
2994,4645,1560,instalacion y calibracion de radiador y chasis y verificacion completa.,Finalizado,2026-03-15 00:00:00,2026-03-16 00:00:00,3844,Cliente informado,Yamaha,XR150L,Carlos Mendoza,Henry Tellez
2995,1009,2926,optimizacion del sistema inspeccion y diagnostico segun solicitud del cliente.,Finalizado,2026-03-05 00:00:00,2026-03-08 00:00:00,5963,Cliente informado,Suzuki,RC 200,Jose Ramirez,Victor Rivas
2996,4884,3833,inspeccion avanzada de camara y tuning segun solicitud del cliente.,Finalizado,2026-03-05 00:00:00,2026-03-05 00:00:00,1659,Entregado,TVS,Z650,Jose Ramirez,Roberto Flores
2997,575,5077,instalacion y calibracion de filtro de aire y bujias por falla detectada.,Finalizado,2026-03-22 00:00:00,2026-03-22 00:00:00,3043,Cliente informado,Suzuki,NKD 125,Jose Ramirez,Alexis Diaz
2998,2106,2203,revision completa de kit aerodinamico y escape deportivo para mejorar rendimiento.,Finalizado,2026-03-19 00:00:00,2026-03-23 00:00:00,5463,Cliente informado,Italika,Duke 390,Carlos Mendoza,Roberto Flores
2999,4515,2714,instalacion y calibracion de escaneo y evaluacion incluyendo ajuste final.,Finalizado,2026-03-28 00:00:00,2026-03-31 00:00:00,513,Cliente informado,Suzuki,FT150,Jose Ramirez,Wilmer Soto
3000,4991,3490,inspeccion avanzada de lubricacion y bujias por falla detectada.,Finalizado,2026-03-12 00:00:00,2026-03-16 00:00:00,3210,Entregado,TVS,R15,Carlos Mendoza,Cristian Molina
3001,4019,1202,mantenimiento preventivo en biela y arbol de levas y verificacion completa.,Finalizado,2026-03-21 00:00:00,2026-03-21 00:00:00,4425,Entregado,KTM,FT150,Jose Ramirez,Wilmer Soto
3002,1688,396,revision completa de test y inspeccion por falla detectada.,Finalizado,2026-03-23 00:00:00,2026-03-27 00:00:00,1841,Cliente informado,Suzuki,Apache RTR 200,Carlos Mendoza,Carlos Mendoza
3003,4991,3490,diagnostico y reparacion de test y falla incluyendo ajuste final.,Finalizado,2026-03-12 00:00:00,2026-03-16 00:00:00,5612,Entregado,Honda,XR150L,Carlos Mendoza,Fernando Herrera
3004,4522,4978,correccion especializada de test y chequeo segun solicitud del cliente.,Finalizado,2026-03-11 00:00:00,2026-03-11 00:00:00,2388,Entregado,Bajaj,Gixxer 250,Carlos Mendoza,Samuel Cruz
3005,4489,3051,revision completa de estetico y aleron y verificacion completa.,Finalizado,2026-03-15 00:00:00,2026-03-17 00:00:00,2423,Entregado,Kawasaki,Gixxer 250,Jose Ramirez,Victor Rivas
3006,924,2487,instalacion y calibracion de evaluacion y evaluacion por falla detectada.,Finalizado,2026-03-29 00:00:00,2026-03-31 00:00:00,5491,Cliente informado,Yamaha,NKD 125,Carlos Mendoza,Mario Lopez
3007,3250,1019,instalacion y calibracion de frenos deportivos y aleron por falla detectada.,Finalizado,2026-03-16 00:00:00,2026-03-19 00:00:00,6211,Cliente informado,Yamaha,DM200,Carlos Mendoza,Eduardo Castro
3008,2474,5253,inspeccion avanzada de revision y niveles segun solicitud del cliente.,Finalizado,2026-03-18 00:00:00,2026-03-21 00:00:00,5785,Cliente informado,AKT,Duke 390,Carlos Mendoza,Fernando Herrera
3009,4991,3490,ajuste tecnico de alineacion y balanceo para mejorar rendimiento.,Finalizado,2026-03-12 00:00:00,2026-03-16 00:00:00,3557,Entregado,Bajaj,Z650,Jose Ramirez,Javier Morales
3010,1009,2926,correccion especializada de radiador y distribucion por falla detectada.,Finalizado,2026-03-05 00:00:00,2026-03-08 00:00:00,4383,Cliente informado,Kawasaki,DM200,Carlos Mendoza,Erick Gutierrez
3011,4068,3934,diagnostico y reparacion de bomba de agua y pistones debido a desgaste.,Finalizado,2026-02-28 00:00:00,2026-03-02 00:00:00,3378,Entregado,Kawasaki,DM200,Jose Ramirez,Mario Lopez
3012,83,2646,diagnostico y reparacion de falla y escaneo incluyendo ajuste final.,Finalizado,2026-03-01 00:00:00,2026-03-01 00:00:00,839,Entregado,Honda,Gixxer 250,Jose Ramirez,Manuel Vargas
3013,1634,4956,diagnostico y reparacion de biela y biela segun solicitud del cliente.,Finalizado,2026-03-18 00:00:00,2026-03-20 00:00:00,2409,Entregado,TVS,Apache RTR 200,Carlos Mendoza,Brayan Silva
3014,1911,4257,diagnostico y reparacion de cableado y centralita y verificacion completa.,Finalizado,2026-03-21 00:00:00,2026-03-11 00:00:00,1445,Entregado,Honda,CB190R,Jose Ramirez,Erick Gutierrez
3015,4127,3408,ajuste tecnico de revision y revision segun solicitud del cliente.,Finalizado,2026-03-02 00:00:00,2026-02-20 00:00:00,2602,Entregado,Kawasaki,R15,Carlos Mendoza,Mario Lopez
3016,3061,4503,optimizacion del sistema eje y diferencial con pruebas posteriores.,Finalizado,2026-03-21 00:00:00,2026-03-22 00:00:00,2705,Cliente informado,TVS,XR150L,Carlos Mendoza,Eduardo Castro
3017,135,606,servicio integral para escaneo y diagnostico debido a desgaste.,Finalizado,2026-03-14 00:00:00,2026-03-15 00:00:00,3082,Entregado,Kawasaki,Boxer 150,Carlos Mendoza,Cristian Molina
3018,2699,4387,optimizacion del sistema ruido y revision general y verificacion completa.,Finalizado,2026-03-19 00:00:00,2026-03-22 00:00:00,1474,Cliente informado,Bajaj,XR150L,Carlos Mendoza,Erick Gutierrez
3019,2723,3492,diagnostico y reparacion de amortiguadores y chasis para mejorar rendimiento.,En proceso,2026-03-05 00:00:00,2026-03-06 00:00:00,6349,Cliente informado,KTM,FZ16,Carlos Mendoza,Roberto Flores
3020,2499,4468,revision completa de revision general y inspeccion segun solicitud del cliente.,Finalizado,2026-03-23 00:00:00,2026-03-24 00:00:00,3094,Entregado,KTM,GN125,Jose Ramirez,Daniel Castillo
3021,1685,5131,revision completa de chasis y ciguenal por falla detectada.,Finalizado,2026-03-16 00:00:00,2026-03-19 00:00:00,5553,Cliente informado,Yamaha,Ninja 400,Jose Ramirez,Mario Lopez
3022,2458,2190,diagnostico y reparacion de cableado y bateria para mejorar rendimiento.,Finalizado,2026-03-07 00:00:00,2026-03-08 00:00:00,2808,Cliente informado,Italika,Z650,Jose Ramirez,Alexis Diaz
3023,1960,2496,diagnostico y reparacion de pistones y eje incluyendo ajuste final.,Finalizado,2026-03-01 00:00:00,2026-03-05 00:00:00,3194,Cliente informado,Suzuki,CB190R,Jose Ramirez,Eduardo Castro
3024,554,242,optimizacion del sistema cambio de aceite y balanceo con pruebas posteriores.,Finalizado,2026-03-29 00:00:00,2026-04-02 00:00:00,4650,Entregado,KTM,R15,Jose Ramirez,Kevin Torres
3025,696,537,optimizacion del sistema fallo electrico y alternador segun solicitud del cliente.,Finalizado,2026-03-27 00:00:00,2026-03-28 00:00:00,3790,Cliente informado,Honda,MT-07,Carlos Mendoza,Francisco Blandon
3026,1169,708,instalacion y calibracion de revision y filtro de aceite por falla detectada.,Finalizado,2026-03-14 00:00:00,2026-03-18 00:00:00,4319,Entregado,Yamaha,Boxer 150,Jose Ramirez,Fernando Herrera
3027,1008,1828,instalacion y calibracion de turbo y chip segun solicitud del cliente.,Finalizado,2026-03-07 00:00:00,2026-03-09 00:00:00,1120,Entregado,Yamaha,DM200,Jose Ramirez,Javier Morales
3028,2852,4691,mantenimiento preventivo en problema y revision general para mejorar rendimiento.,Finalizado,2026-03-03 00:00:00,2026-03-05 00:00:00,1973,Cliente informado,Honda,R15,Jose Ramirez,Erick Gutierrez
3029,801,4236,servicio integral para fallo electrico y cableado por falla detectada.,Finalizado,2026-03-19 00:00:00,2026-03-20 00:00:00,744,Entregado,Yamaha,MT-07,Carlos Mendoza,Cristian Molina
3030,4455,3528,instalacion y calibracion de filtro de aceite y lubricacion con pruebas posteriores.,Finalizado,2026-03-20 00:00:00,2026-03-20 00:00:00,900,Cliente informado,KTM,RC 200,Jose Ramirez,Victor Rivas
3031,213,363,optimizacion del sistema motor de arranque y sensores y verificacion completa.,Finalizado,2026-03-21 00:00:00,2026-03-21 00:00:00,4013,Entregado,Suzuki,Boxer 150,Jose Ramirez,Luis Martinez
3032,694,4346,diagnostico y reparacion de chequeo y evaluacion con pruebas posteriores.,Finalizado,2026-03-26 00:00:00,2026-03-30 00:00:00,1529,Cliente informado,KTM,MT-07,Jose Ramirez,Jose Ramirez
3033,231,1844,instalacion y calibracion de cambio de aceite y alineacion debido a desgaste.,Finalizado,2026-03-18 00:00:00,2026-03-21 00:00:00,780,Cliente informado,Italika,Apache RTR 200,Jose Ramirez,Daniel Castillo
3034,2481,2099,inspeccion avanzada de transmision y eje con pruebas posteriores.,Finalizado,2026-03-07 00:00:00,2026-03-08 00:00:00,3281,Entregado,Suzuki,GSX-R750,Carlos Mendoza,Juan Perez
3035,892,4236,optimizacion del sistema diagnostico y evaluacion incluyendo ajuste final.,Finalizado,2026-03-04 00:00:00,2026-03-05 00:00:00,1048,Cliente informado,AKT,RC 200,Jose Ramirez,Eduardo Castro
3036,756,3657,inspeccion avanzada de cromado y fibra de carbono por falla detectada.,Finalizado,2026-03-07 00:00:00,2026-03-09 00:00:00,5063,Cliente informado,Yamaha,Boxer 150,Jose Ramirez,Javier Morales
3037,3988,2505,mantenimiento preventivo en suspension deportiva y llantas deportivas segun solicitud del cliente.,Finalizado,2026-02-28 00:00:00,2026-03-03 00:00:00,3505,Cliente informado,Italika,XR150L,Carlos Mendoza,Jose Ramirez
3038,4755,5309,correccion especializada de chasis y pistones incluyendo ajuste final.,Finalizado,2026-02-28 00:00:00,2026-02-18 00:00:00,5364,Cliente informado,Kawasaki,NKD 125,Carlos Mendoza,Andres Ruiz
3039,3066,3855,mantenimiento preventivo en filtro de aceite y revision incluyendo ajuste final.,Finalizado,2026-03-26 00:00:00,2026-03-29 00:00:00,1481,Entregado,KTM,XR150L,Carlos Mendoza,Mario Lopez
3040,4729,2714,ajuste tecnico de caja de cambios y chasis para mejorar rendimiento.,Finalizado,2026-03-08 00:00:00,2026-03-10 00:00:00,2492,Cliente informado,Suzuki,RC 200,Carlos Mendoza,Roberto Flores
3041,3366,3626,revision completa de revision general y evaluacion para mejorar rendimiento.,Finalizado,2026-03-09 00:00:00,2026-03-09 00:00:00,6288,Cliente informado,Yamaha,MT-07,Jose Ramirez,Mario Lopez
3042,4165,3769,instalacion y calibracion de modificacion y sonido para mejorar rendimiento.,Finalizado,2026-03-14 00:00:00,2026-03-17 00:00:00,1420,Cliente informado,Bajaj,MT-07,Jose Ramirez,Cristian Molina
3043,3839,3244,correccion especializada de performance y sonido para mejorar rendimiento.,Finalizado,2026-03-21 00:00:00,2026-03-25 00:00:00,6098,Cliente informado,TVS,MT-07,Carlos Mendoza,Victor Rivas
3044,3102,4494,optimizacion del sistema audio y cambio color por falla detectada.,Finalizado,2026-03-27 00:00:00,2026-03-30 00:00:00,2673,Cliente informado,KTM,GSX-R750,Carlos Mendoza,Henry Tellez
3045,580,1811,ajuste tecnico de alternador y cableado con pruebas posteriores.,Finalizado,2026-03-16 00:00:00,2026-03-17 00:00:00,5632,Cliente informado,Bajaj,Z650,Carlos Mendoza,Roberto Flores
3046,3892,3405,diagnostico y reparacion de cambio de aceite y bujias debido a desgaste.,Finalizado,2026-03-16 00:00:00,2026-03-16 00:00:00,3092,Cliente informado,Kawasaki,NKD 125,Jose Ramirez,Miguel Garcia
3047,4047,3884,inspeccion avanzada de filtro de aceite y revision para mejorar rendimiento.,Finalizado,2026-03-15 00:00:00,2026-03-17 00:00:00,2645,Entregado,Yamaha,CB190R,Jose Ramirez,Julio Navarro
3048,2353,2595,ajuste tecnico de motor de arranque y encendido por falla detectada.,Finalizado,2026-03-10 00:00:00,2026-03-11 00:00:00,5865,Entregado,Kawasaki,Ninja 400,Jose Ramirez,Victor Rivas
3049,4959,637,correccion especializada de diagnostico y escaneo con pruebas posteriores.,Finalizado,2026-03-09 00:00:00,2026-03-10 00:00:00,2841,Entregado,Italika,Pulsar NS200,Jose Ramirez,Andres Ruiz
3050,4153,4138,correccion especializada de fallo electrico y fallo electrico y verificacion completa.,Finalizado,2026-03-14 00:00:00,2026-03-16 00:00:00,6094,Entregado,Suzuki,R15,Carlos Mendoza,Edwin Chavez
3051,4538,1533,diagnostico y reparacion de arbol de levas y chasis con pruebas posteriores.,Finalizado,2026-03-08 00:00:00,2026-03-08 00:00:00,1099,Cliente informado,Kawasaki,Apache RTR 200,Jose Ramirez,Carlos Mendoza
3052,4645,1560,correccion especializada de llantas deportivas y suspension deportiva segun solicitud del cliente.,Finalizado,2026-03-15 00:00:00,2026-03-16 00:00:00,1491,Cliente informado,Bajaj,FT150,Jose Ramirez,Cristian Molina
3053,2225,1079,optimizacion del sistema test y revision general para mejorar rendimiento.,Finalizado,2026-03-11 00:00:00,2026-03-01 00:00:00,6280,Entregado,Suzuki,R15,Carlos Mendoza,Roberto Flores
3054,1220,1932,diagnostico y reparacion de motor y diferencial segun solicitud del cliente.,Finalizado,2026-03-29 00:00:00,2026-03-30 00:00:00,4687,Cliente informado,Yamaha,Duke 390,Jose Ramirez,Alexis Diaz
3055,2499,4468,diagnostico y reparacion de sensores y alternador para mejorar rendimiento.,Finalizado,2026-03-23 00:00:00,2026-03-24 00:00:00,3395,Entregado,Kawasaki,DM200,Carlos Mendoza,Juan Perez
3056,4891,1912,instalacion y calibracion de caja de cambios y distribucion incluyendo ajuste final.,En proceso,2026-03-12 00:00:00,2026-03-12 00:00:00,525,Entregado,KTM,FT150,Carlos Mendoza,Luis Martinez
3057,1806,4494,mantenimiento preventivo en motor de arranque y bateria para mejorar rendimiento.,Finalizado,2026-03-01 00:00:00,2026-02-19 00:00:00,4159,Entregado,AKT,Ninja 400,Jose Ramirez,Francisco Blandon
3058,1616,1055,optimizacion del sistema filtro de aire y revision para mejorar rendimiento.,Finalizado,2026-03-18 00:00:00,2026-03-19 00:00:00,5202,Entregado,KTM,Ninja 400,Jose Ramirez,Wilmer Soto
3059,2426,3477,ajuste tecnico de alternador y centralita con pruebas posteriores.,Finalizado,2026-03-09 00:00:00,2026-03-11 00:00:00,4817,Entregado,Italika,Gixxer 250,Jose Ramirez,Javier Morales
3060,3394,1487,instalacion y calibracion de amortiguadores y embrague segun solicitud del cliente.,Finalizado,2026-03-13 00:00:00,2026-03-03 00:00:00,5659,Cliente informado,Honda,Boxer 150,Jose Ramirez,Carlos Mendoza
3061,4708,3694,optimizacion del sistema personalizacion y llantas deportivas con pruebas posteriores.,Finalizado,2026-03-13 00:00:00,2026-03-16 00:00:00,607,Cliente informado,Yamaha,Gixxer 250,Carlos Mendoza,Edwin Chavez
3062,1957,2129,revision completa de reprogramacion y turbo incluyendo ajuste final.,Finalizado,2026-03-23 00:00:00,2026-03-25 00:00:00,1281,Entregado,Bajaj,CB190R,Jose Ramirez,Erick Gutierrez
3063,3563,591,ajuste tecnico de niveles y alineacion segun solicitud del cliente.,Finalizado,2026-03-24 00:00:00,2026-03-25 00:00:00,3753,Cliente informado,Suzuki,FT150,Carlos Mendoza,Edwin Chavez
3064,4516,1341,servicio integral para biela y caja de cambios con pruebas posteriores.,Finalizado,2026-03-27 00:00:00,2026-03-31 00:00:00,4166,Entregado,Yamaha,Boxer 150,Carlos Mendoza,Kevin Torres
3065,2589,5160,diagnostico y reparacion de sistema electrico y bateria por falla detectada.,Finalizado,2026-03-03 00:00:00,2026-03-06 00:00:00,669,Entregado,Kawasaki,Z650,Carlos Mendoza,Edwin Chavez
3066,3349,3967,optimizacion del sistema pantalla y llantas deportivas con pruebas posteriores.,Finalizado,2026-03-15 00:00:00,2026-03-18 00:00:00,3310,Cliente informado,Yamaha,Duke 390,Carlos Mendoza,Wilmer Soto
3067,2769,2169,diagnostico y reparacion de aleron y modificacion por falla detectada.,Finalizado,2026-03-11 00:00:00,2026-03-15 00:00:00,3215,Entregado,KTM,XR150L,Carlos Mendoza,Andres Ruiz
3068,3031,3545,correccion especializada de chip y pintar carroceria y verificacion completa.,Finalizado,2026-03-15 00:00:00,2026-03-05 00:00:00,5781,Cliente informado,AKT,Boxer 150,Jose Ramirez,Luis Martinez
3069,2968,936,mantenimiento preventivo en ruido y chequeo segun solicitud del cliente.,Finalizado,2026-03-12 00:00:00,2026-03-13 00:00:00,711,Entregado,Italika,MT-07,Jose Ramirez,Mario Lopez
3070,4824,2599,revision completa de falla y falla segun solicitud del cliente.,Finalizado,2026-03-20 00:00:00,2026-03-23 00:00:00,2013,Cliente informado,Yamaha,XR150L,Jose Ramirez,Oscar Reyes
3071,2016,4735,optimizacion del sistema pistones y eje segun solicitud del cliente.,Finalizado,2026-03-04 00:00:00,2026-03-04 00:00:00,5784,Entregado,KTM,GN125,Jose Ramirez,Fernando Herrera
3072,4072,4080,diagnostico y reparacion de niveles y chequeo por falla detectada.,Finalizado,2026-03-29 00:00:00,2026-04-02 00:00:00,2814,Cliente informado,Suzuki,XR150L,Carlos Mendoza,Wilmer Soto
3073,4806,3666,servicio integral para niveles y chequeo y verificacion completa.,Finalizado,2026-03-07 00:00:00,2026-03-08 00:00:00,5976,Entregado,Yamaha,DM200,Carlos Mendoza,Javier Morales
3074,2968,936,inspeccion avanzada de ruido y evaluacion debido a desgaste.,Finalizado,2026-03-12 00:00:00,2026-03-13 00:00:00,6191,Entregado,Honda,Z650,Jose Ramirez,Luis Martinez
3075,5,55,optimizacion del sistema cambio color y polarizado incluyendo ajuste final.,Finalizado,2026-03-11 00:00:00,2026-03-14 00:00:00,2802,Entregado,Yamaha,RC 200,Jose Ramirez,Cristian Molina
3076,3419,3398,instalacion y calibracion de bomba de agua y carroceria y verificacion completa.,Finalizado,2026-03-27 00:00:00,2026-03-27 00:00:00,3187,Entregado,Kawasaki,Duke 390,Jose Ramirez,Carlos Mendoza
3077,1920,4634,diagnostico y reparacion de amortiguadores y diferencial incluyendo ajuste final.,Finalizado,2026-03-10 00:00:00,2026-03-14 00:00:00,4362,Entregado,Honda,Boxer 150,Jose Ramirez,Manuel Vargas
3078,1524,940,diagnostico y reparacion de cambio de aceite y revision por falla detectada.,Finalizado,2026-03-02 00:00:00,2026-03-03 00:00:00,735,Cliente informado,Honda,Duke 390,Carlos Mendoza,Alexis Diaz
3079,4782,1361,correccion especializada de turbo y sensores de estacionamiento incluyendo ajuste final.,Finalizado,2026-03-05 00:00:00,2026-03-06 00:00:00,3661,Entregado,KTM,GN125,Carlos Mendoza,Samuel Cruz
3080,3651,15,instalacion y calibracion de problema y ruido debido a desgaste.,Finalizado,2026-03-07 00:00:00,2026-03-08 00:00:00,5546,Cliente informado,AKT,MT-07,Jose Ramirez,Eduardo Castro
3081,2516,4849,ajuste tecnico de cambio color y estetico debido a desgaste.,Finalizado,2026-03-05 00:00:00,2026-03-05 00:00:00,4647,Entregado,KTM,XR150L,Jose Ramirez,Erick Gutierrez
3082,299,58,correccion especializada de escape deportivo y turbo y verificacion completa.,Finalizado,2026-03-03 00:00:00,2026-03-05 00:00:00,4772,Entregado,Yamaha,MT-07,Carlos Mendoza,Fernando Herrera
3083,332,2405,mantenimiento preventivo en direccion y distribucion con pruebas posteriores.,Finalizado,2026-03-14 00:00:00,2026-03-16 00:00:00,2352,Cliente informado,Honda,DM200,Carlos Mendoza,Daniel Castillo
3084,2045,5081,optimizacion del sistema sistema electrico y centralita por falla detectada.,Finalizado,2026-03-05 00:00:00,2026-03-06 00:00:00,6054,Cliente informado,Italika,GSX-R750,Jose Ramirez,Kevin Torres
3085,4808,2204,mantenimiento preventivo en chequeo y filtro de aire por falla detectada.,Finalizado,2026-03-04 00:00:00,2026-03-07 00:00:00,5670,Entregado,KTM,Ninja 400,Jose Ramirez,Victor Rivas
3086,3275,788,mantenimiento preventivo en biela y embrague y verificacion completa.,Finalizado,2026-03-06 00:00:00,2026-03-10 00:00:00,5723,Cliente informado,Honda,Pulsar NS200,Carlos Mendoza,Victor Rivas
3087,3476,2810,instalacion y calibracion de caja de cambios y direccion debido a desgaste.,En proceso,2026-03-12 00:00:00,2026-03-13 00:00:00,2015,Cliente informado,Honda,MT-07,Jose Ramirez,Victor Rivas
3088,4944,2595,servicio integral para carroceria y frenos para mejorar rendimiento.,Finalizado,2026-03-03 00:00:00,2026-03-07 00:00:00,6419,Cliente informado,Italika,R15,Carlos Mendoza,Samuel Cruz
3089,900,3754,servicio integral para transmision y eje y verificacion completa.,Finalizado,2026-03-06 00:00:00,2026-03-07 00:00:00,1329,Entregado,AKT,Boxer 150,Carlos Mendoza,Miguel Garcia
3090,4697,4363,ajuste tecnico de vinilado y fibra de carbono debido a desgaste.,Finalizado,2026-03-13 00:00:00,2026-03-13 00:00:00,2084,Entregado,Yamaha,FZ16,Carlos Mendoza,Fernando Herrera
3091,1222,2008,servicio integral para escape deportivo y pintar carroceria debido a desgaste.,Entregado,2026-03-17 00:00:00,2026-03-20 00:00:00,5306,Entregado,Suzuki,Apache RTR 200,Carlos Mendoza,Francisco Blandon
3092,753,2384,ajuste tecnico de diferencial y distribucion incluyendo ajuste final.,Finalizado,2026-03-22 00:00:00,2026-03-22 00:00:00,999,Cliente informado,Kawasaki,Boxer 150,Carlos Mendoza,Cristian Molina
3093,2553,1018,instalacion y calibracion de filtro de aceite y bujias incluyendo ajuste final.,Finalizado,2026-03-04 00:00:00,2026-03-08 00:00:00,4841,Cliente informado,Honda,R15,Jose Ramirez,Daniel Castillo
3094,2497,130,instalacion y calibracion de ruido y diagnostico debido a desgaste.,Finalizado,2026-02-28 00:00:00,2026-03-01 00:00:00,4263,Cliente informado,AKT,GSX-R750,Carlos Mendoza,Javier Morales
3095,3278,2437,correccion especializada de chequeo y inspeccion y verificacion completa.,Finalizado,2026-03-03 00:00:00,2026-03-03 00:00:00,2448,Cliente informado,Bajaj,R15,Carlos Mendoza,Julio Navarro
3096,325,1695,mantenimiento preventivo en chequeo y cambio de aceite debido a desgaste.,Finalizado,2026-03-09 00:00:00,2026-02-27 00:00:00,6461,Entregado,Kawasaki,CB190R,Jose Ramirez,Juan Perez
3097,182,134,mantenimiento preventivo en cambio de aceite y bujias debido a desgaste.,Finalizado,2026-03-15 00:00:00,2026-03-19 00:00:00,3465,Entregado,Bajaj,Duke 390,Carlos Mendoza,Roberto Flores
3098,1341,1408,mantenimiento preventivo en alineacion y bujias incluyendo ajuste final.,Finalizado,2026-03-18 00:00:00,2026-03-08 00:00:00,1965,Cliente informado,Honda,GN125,Jose Ramirez,Daniel Castillo
3099,2396,3570,optimizacion del sistema alternador y sistema electrico para mejorar rendimiento.,Finalizado,2026-03-10 00:00:00,2026-03-12 00:00:00,3758,Entregado,Yamaha,MT-07,Jose Ramirez,Victor Rivas
3100,3463,4494,inspeccion avanzada de chequeo y cambio de aceite para mejorar rendimiento.,Finalizado,2026-03-24 00:00:00,2026-03-28 00:00:00,5400,Entregado,Honda,GN125,Carlos Mendoza,Manuel Vargas
3101,88,4866,inspeccion avanzada de encendido y cableado y verificacion completa.,Finalizado,2026-03-01 00:00:00,2026-03-02 00:00:00,1818,Cliente informado,Honda,Gixxer 250,Carlos Mendoza,Luis Martinez
3102,2226,1021,optimizacion del sistema motor y caja de cambios para mejorar rendimiento.,Finalizado,2026-03-25 00:00:00,2026-03-25 00:00:00,6142,Entregado,Italika,Boxer 150,Jose Ramirez,Manuel Vargas
3103,2066,5162,servicio integral para lubricacion y niveles segun solicitud del cliente.,Finalizado,2026-03-25 00:00:00,2026-03-28 00:00:00,1292,Cliente informado,AKT,CB190R,Jose Ramirez,Roberto Flores
3104,4047,3884,inspeccion avanzada de carroceria y pistones con pruebas posteriores.,Finalizado,2026-03-15 00:00:00,2026-03-17 00:00:00,2216,Entregado,Italika,NKD 125,Carlos Mendoza,Wilmer Soto
3105,3847,4307,instalacion y calibracion de performance y polarizado con pruebas posteriores.,Finalizado,2026-03-27 00:00:00,2026-03-31 00:00:00,1288,Entregado,Suzuki,Duke 390,Carlos Mendoza,Andres Ruiz
3106,10,4188,servicio integral para inspeccion y problema con pruebas posteriores.,Finalizado,2026-03-22 00:00:00,2026-03-26 00:00:00,4757,Entregado,Kawasaki,XR150L,Carlos Mendoza,Samuel Cruz
3107,1346,4052,mantenimiento preventivo en falla y problema incluyendo ajuste final.,Finalizado,2026-03-27 00:00:00,2026-03-30 00:00:00,3399,Cliente informado,Bajaj,Duke 390,Carlos Mendoza,Francisco Blandon
3108,1018,37,instalacion y calibracion de revision y chequeo segun solicitud del cliente.,Finalizado,2026-03-29 00:00:00,2026-03-31 00:00:00,2142,Cliente informado,Honda,Gixxer 250,Carlos Mendoza,Oscar Reyes
3109,295,2386,diagnostico y reparacion de chequeo y chequeo para mejorar rendimiento.,Finalizado,2026-03-01 00:00:00,2026-03-03 00:00:00,4286,Entregado,Yamaha,Pulsar NS200,Jose Ramirez,Manuel Vargas
3110,3304,1765,inspeccion avanzada de motor de arranque y centralita debido a desgaste.,Finalizado,2026-03-24 00:00:00,2026-03-24 00:00:00,6432,Cliente informado,AKT,GSX-R750,Jose Ramirez,Jose Ramirez
3111,2700,4017,ajuste tecnico de turbo y cromado para mejorar rendimiento.,Finalizado,2026-03-25 00:00:00,2026-03-27 00:00:00,4739,Entregado,Italika,NKD 125,Jose Ramirez,Brayan Silva
3112,1238,3159,ajuste tecnico de niveles y filtro de aire segun solicitud del cliente.,En proceso,2026-03-20 00:00:00,2026-03-21 00:00:00,2349,Entregado,Suzuki,Ninja 400,Jose Ramirez,Samuel Cruz
3113,3759,2943,servicio integral para motor de arranque y sensores segun solicitud del cliente.,Finalizado,2026-03-27 00:00:00,2026-03-31 00:00:00,5649,Cliente informado,Bajaj,DM200,Jose Ramirez,Henry Tellez
3114,285,420,instalacion y calibracion de revision y balanceo para mejorar rendimiento.,Finalizado,2026-03-24 00:00:00,2026-03-24 00:00:00,6154,Entregado,Yamaha,FZ16,Carlos Mendoza,Edwin Chavez
3115,1098,459,revision completa de filtro de aire y filtro de aire incluyendo ajuste final.,Finalizado,2026-03-03 00:00:00,2026-03-06 00:00:00,2383,Cliente informado,Italika,MT-07,Carlos Mendoza,Kevin Torres
3116,2121,4930,correccion especializada de chequeo y bujias por falla detectada.,Finalizado,2026-03-05 00:00:00,2026-03-06 00:00:00,1371,Entregado,Italika,Duke 390,Carlos Mendoza,Javier Morales
3117,1610,3118,mantenimiento preventivo en transmision y diferencial segun solicitud del cliente.,Finalizado,2026-03-16 00:00:00,2026-03-06 00:00:00,1103,Entregado,Kawasaki,MT-07,Jose Ramirez,Wilmer Soto
3118,3352,47,instalacion y calibracion de filtro de aire y bujias para mejorar rendimiento.,Finalizado,2026-03-05 00:00:00,2026-03-05 00:00:00,2365,Cliente informado,Kawasaki,CB190R,Jose Ramirez,Edwin Chavez
3119,691,4693,servicio integral para reprogramacion y fibra de carbono para mejorar rendimiento.,Finalizado,2026-03-17 00:00:00,2026-03-21 00:00:00,4672,Cliente informado,Suzuki,Apache RTR 200,Jose Ramirez,Luis Martinez
3120,4090,4645,correccion especializada de estetico y suspension deportiva para mejorar rendimiento.,Finalizado,2026-03-07 00:00:00,2026-03-11 00:00:00,4103,Cliente informado,KTM,Gixxer 250,Jose Ramirez,Francisco Blandon
3121,1616,1055,inspeccion avanzada de fallo electrico y fallo electrico por falla detectada.,Finalizado,2026-03-18 00:00:00,2026-03-19 00:00:00,2116,Entregado,Italika,Duke 390,Jose Ramirez,Juan Perez
3122,2533,2190,optimizacion del sistema chequeo y problema incluyendo ajuste final.,Finalizado,2026-03-25 00:00:00,2026-03-29 00:00:00,5620,Entregado,Italika,Ninja 400,Jose Ramirez,Jose Ramirez
3123,338,940,diagnostico y reparacion de chequeo y cambio de aceite con pruebas posteriores.,Finalizado,2026-03-04 00:00:00,2026-03-06 00:00:00,884,Entregado,Suzuki,DM200,Carlos Mendoza,Henry Tellez
3124,4137,1039,servicio integral para evaluacion y ruido por falla detectada.,Finalizado,2026-03-23 00:00:00,2026-03-25 00:00:00,1023,Cliente informado,Suzuki,Ninja 400,Jose Ramirez,Francisco Blandon
3125,3510,3426,diagnostico y reparacion de biela y embrague incluyendo ajuste final.,Finalizado,2026-03-18 00:00:00,2026-03-19 00:00:00,4981,Cliente informado,AKT,FZ16,Carlos Mendoza,Edwin Chavez
3126,1112,2367,diagnostico y reparacion de biela y suspension debido a desgaste.,Finalizado,2026-03-17 00:00:00,2026-03-19 00:00:00,4920,Entregado,KTM,R15,Carlos Mendoza,Edwin Chavez
3127,900,3754,mantenimiento preventivo en escaneo y inspeccion para mejorar rendimiento.,Finalizado,2026-03-06 00:00:00,2026-03-07 00:00:00,6426,Entregado,Yamaha,FT150,Jose Ramirez,Julio Navarro
3128,3604,4644,instalacion y calibracion de embrague y diferencial por falla detectada.,Finalizado,2026-03-06 00:00:00,2026-03-07 00:00:00,3314,Cliente informado,Suzuki,Gixxer 250,Jose Ramirez,Andres Ruiz
3129,4271,233,inspeccion avanzada de bomba de agua y direccion y verificacion completa.,Finalizado,2026-03-12 00:00:00,2026-03-14 00:00:00,5553,Cliente informado,Honda,Gixxer 250,Carlos Mendoza,Francisco Blandon
3130,4073,3261,mantenimiento preventivo en chequeo y lubricacion y verificacion completa.,Finalizado,2026-03-26 00:00:00,2026-03-28 00:00:00,4085,Entregado,Italika,Pulsar NS200,Carlos Mendoza,Alexis Diaz
3131,4938,1938,optimizacion del sistema direccion y chasis segun solicitud del cliente.,Finalizado,2026-03-13 00:00:00,2026-03-16 00:00:00,3891,Cliente informado,Honda,CBR 600RR,Carlos Mendoza,Edwin Chavez
3132,4907,3096,mantenimiento preventivo en cambio de aceite y balanceo segun solicitud del cliente.,Finalizado,2026-03-20 00:00:00,2026-03-20 00:00:00,3516,Entregado,Honda,NKD 125,Jose Ramirez,Alexis Diaz
3133,485,1384,instalacion y calibracion de lubricacion y alineacion con pruebas posteriores.,Finalizado,2026-03-26 00:00:00,2026-03-30 00:00:00,4594,Entregado,Suzuki,CB190R,Carlos Mendoza,Oscar Reyes
3134,1374,2616,ajuste tecnico de motor de arranque y cableado y verificacion completa.,Finalizado,2026-03-22 00:00:00,2026-03-23 00:00:00,5606,Cliente informado,Yamaha,FZ16,Jose Ramirez,Edwin Chavez
3135,4161,5158,servicio integral para sensores y centralita incluyendo ajuste final.,Finalizado,2026-03-06 00:00:00,2026-03-06 00:00:00,4630,Cliente informado,Bajaj,GN125,Jose Ramirez,Alexis Diaz
3136,3317,708,instalacion y calibracion de inspeccion y falla con pruebas posteriores.,Finalizado,2026-03-21 00:00:00,2026-03-11 00:00:00,5764,Entregado,Yamaha,FT150,Jose Ramirez,Oscar Reyes
3137,4455,3528,revision completa de tuning y frenos deportivos debido a desgaste.,Finalizado,2026-03-20 00:00:00,2026-03-20 00:00:00,3292,Cliente informado,Suzuki,Apache RTR 200,Jose Ramirez,Carlos Mendoza
3138,3762,611,mantenimiento preventivo en fallo electrico y bateria con pruebas posteriores.,Finalizado,2026-03-13 00:00:00,2026-03-16 00:00:00,4384,Entregado,KTM,CBR 600RR,Carlos Mendoza,Cristian Molina
3139,225,4981,optimizacion del sistema chequeo y lubricacion segun solicitud del cliente.,Finalizado,2026-03-03 00:00:00,2026-02-21 00:00:00,3345,Cliente informado,Suzuki,Gixxer 250,Carlos Mendoza,Wilmer Soto
3140,338,982,optimizacion del sistema alternador y sistema electrico por falla detectada.,Finalizado,2026-03-28 00:00:00,2026-04-01 00:00:00,2781,Entregado,Kawasaki,R15,Carlos Mendoza,Francisco Blandon
3141,1262,3424,optimizacion del sistema diagnostico y revision general para mejorar rendimiento.,Entregado,2026-03-23 00:00:00,2026-03-25 00:00:00,5686,Entregado,Yamaha,Apache RTR 200,Carlos Mendoza,Victor Rivas
3142,3689,1710,correccion especializada de alineacion y alineacion con pruebas posteriores.,Finalizado,2026-03-13 00:00:00,2026-03-16 00:00:00,6031,Entregado,Honda,R15,Jose Ramirez,Wilmer Soto
3143,4133,2149,instalacion y calibracion de encendido y encendido incluyendo ajuste final.,Finalizado,2026-03-21 00:00:00,2026-03-21 00:00:00,2543,Entregado,KTM,CB190R,Carlos Mendoza,Eduardo Castro
3144,3211,2692,instalacion y calibracion de culata y suspension y verificacion completa.,Finalizado,2026-03-05 00:00:00,2026-03-05 00:00:00,2414,Entregado,AKT,FT150,Jose Ramirez,Steven Rocha
3145,4192,1891,servicio integral para pistones y carroceria debido a desgaste.,Finalizado,2026-03-19 00:00:00,2026-03-23 00:00:00,2718,Cliente informado,Suzuki,DM200,Jose Ramirez,Oscar Reyes
3146,3035,4531,ajuste tecnico de motor de arranque y centralita incluyendo ajuste final.,Entregado,2026-03-18 00:00:00,2026-03-18 00:00:00,2977,Cliente informado,Bajaj,Ninja 400,Jose Ramirez,Luis Martinez
3147,2066,5162,ajuste tecnico de transmision y embrague con pruebas posteriores.,Finalizado,2026-03-25 00:00:00,2026-03-28 00:00:00,2320,Cliente informado,Suzuki,XR150L,Carlos Mendoza,Samuel Cruz
3148,788,2774,inspeccion avanzada de chequeo y evaluacion incluyendo ajuste final.,Finalizado,2026-03-07 00:00:00,2026-03-09 00:00:00,3915,Cliente informado,Suzuki,DM200,Carlos Mendoza,Wilmer Soto
3149,1573,5279,mantenimiento preventivo en filtro de aire y chequeo para mejorar rendimiento.,Finalizado,2026-03-11 00:00:00,2026-03-14 00:00:00,4111,Entregado,Suzuki,R15,Jose Ramirez,Javier Morales
3150,1845,232,instalacion y calibracion de personalizacion y chip debido a desgaste.,Finalizado,2026-03-22 00:00:00,2026-03-24 00:00:00,5678,Cliente informado,TVS,XR150L,Carlos Mendoza,Victor Rivas
3151,1401,1351,instalacion y calibracion de diagnostico y chequeo debido a desgaste.,Finalizado,2026-03-28 00:00:00,2026-03-29 00:00:00,1514,Entregado,KTM,NKD 125,Carlos Mendoza,Jose Ramirez
3152,1861,1289,diagnostico y reparacion de transmision y culata con pruebas posteriores.,Finalizado,2026-03-25 00:00:00,2026-03-28 00:00:00,3274,Entregado,Suzuki,Pulsar NS200,Jose Ramirez,Francisco Blandon
3153,136,3821,servicio integral para caja de cambios y culata por falla detectada.,Finalizado,2026-03-15 00:00:00,2026-03-16 00:00:00,2697,Cliente informado,Yamaha,NKD 125,Carlos Mendoza,Alexis Diaz
3154,695,4490,instalacion y calibracion de sistema electrico y luces incluyendo ajuste final.,Finalizado,2026-03-17 00:00:00,2026-03-07 00:00:00,6096,Cliente informado,Kawasaki,Boxer 150,Carlos Mendoza,Francisco Blandon
3155,3079,4340,revision completa de niveles y alineacion por falla detectada.,Finalizado,2026-03-26 00:00:00,2026-03-30 00:00:00,3927,Cliente informado,Suzuki,CB190R,Jose Ramirez,Oscar Reyes
3156,2852,4691,instalacion y calibracion de ruido y ruido y verificacion completa.,Finalizado,2026-03-03 00:00:00,2026-03-05 00:00:00,1919,Cliente informado,Italika,MT-07,Jose Ramirez,Victor Rivas
3157,3839,3244,servicio integral para filtro de aceite y revision segun solicitud del cliente.,Finalizado,2026-03-21 00:00:00,2026-03-25 00:00:00,2973,Cliente informado,Kawasaki,MT-07,Carlos Mendoza,Juan Perez
3158,1974,4930,correccion especializada de revision general y ruido incluyendo ajuste final.,Finalizado,2026-03-08 00:00:00,2026-03-10 00:00:00,1551,Entregado,Honda,Duke 390,Carlos Mendoza,Oscar Reyes
3159,4072,3642,ajuste tecnico de fibra de carbono y turbo debido a desgaste.,Finalizado,2026-03-05 00:00:00,2026-03-05 00:00:00,3086,Cliente informado,Honda,Ninja 400,Carlos Mendoza,Andres Ruiz
3160,3849,4433,mantenimiento preventivo en motor de arranque y encendido incluyendo ajuste final.,Finalizado,2026-03-05 00:00:00,2026-03-05 00:00:00,3728,Entregado,KTM,Apache RTR 200,Jose Ramirez,Cristian Molina
3161,4375,3153,diagnostico y reparacion de audio y frenos deportivos segun solicitud del cliente.,Finalizado,2026-02-28 00:00:00,2026-02-28 00:00:00,5038,Cliente informado,Honda,Apache RTR 200,Jose Ramirez,Julio Navarro
3162,1006,4633,revision completa de cromado y velocidad con pruebas posteriores.,Finalizado,2026-03-12 00:00:00,2026-03-15 00:00:00,1343,Entregado,Yamaha,RC 200,Jose Ramirez,Wilmer Soto
3163,788,2774,servicio integral para performance y audio para mejorar rendimiento.,Finalizado,2026-03-07 00:00:00,2026-03-09 00:00:00,2564,Cliente informado,Bajaj,DM200,Carlos Mendoza,Henry Tellez
3164,161,1051,servicio integral para polarizado y audio por falla detectada.,Finalizado,2026-03-28 00:00:00,2026-03-28 00:00:00,2499,Cliente informado,Bajaj,CBR 600RR,Carlos Mendoza,Steven Rocha
3165,3587,4379,diagnostico y reparacion de sistema electrico y encendido y verificacion completa.,Finalizado,2026-03-05 00:00:00,2026-03-06 00:00:00,3126,Cliente informado,Suzuki,XR150L,Carlos Mendoza,Daniel Castillo
3166,3435,2139,correccion especializada de motor y eje debido a desgaste.,Finalizado,2026-03-03 00:00:00,2026-03-06 00:00:00,4960,Cliente informado,Honda,CB190R,Carlos Mendoza,Miguel Garcia
3167,2659,4236,diagnostico y reparacion de chequeo y bujias por falla detectada.,Finalizado,2026-03-28 00:00:00,2026-04-01 00:00:00,5511,Cliente informado,KTM,Apache RTR 200,Jose Ramirez,Samuel Cruz
3168,2153,4349,correccion especializada de lubricacion y niveles incluyendo ajuste final.,Finalizado,2026-03-25 00:00:00,2026-03-28 00:00:00,4713,Cliente informado,Honda,Z650,Jose Ramirez,Eduardo Castro
3169,530,2169,ajuste tecnico de sensores y cableado debido a desgaste.,Finalizado,2026-03-14 00:00:00,2026-03-15 00:00:00,822,Entregado,Yamaha,CB190R,Carlos Mendoza,Victor Rivas
3170,1406,2443,instalacion y calibracion de luces y encendido debido a desgaste.,Finalizado,2026-03-14 00:00:00,2026-03-15 00:00:00,2307,Entregado,Yamaha,GN125,Jose Ramirez,Samuel Cruz
3171,3195,248,optimizacion del sistema bateria y sistema electrico para mejorar rendimiento.,Entregado,2026-03-05 00:00:00,2026-03-09 00:00:00,2916,Cliente informado,Bajaj,DM200,Jose Ramirez,Steven Rocha
3172,554,242,servicio integral para modificacion y frenos deportivos para mejorar rendimiento.,Finalizado,2026-03-29 00:00:00,2026-04-02 00:00:00,4463,Entregado,AKT,Pulsar NS200,Jose Ramirez,Henry Tellez
3173,246,918,correccion especializada de alternador y sistema electrico con pruebas posteriores.,Finalizado,2026-03-05 00:00:00,2026-02-23 00:00:00,2020,Cliente informado,Bajaj,DM200,Carlos Mendoza,Luis Martinez
3174,3887,2663,ajuste tecnico de lubricacion y alineacion debido a desgaste.,En proceso,2026-03-13 00:00:00,2026-03-13 00:00:00,5771,Cliente informado,KTM,CB190R,Jose Ramirez,Mario Lopez
3175,4741,3736,correccion especializada de evaluacion y ruido con pruebas posteriores.,Finalizado,2026-03-14 00:00:00,2026-03-17 00:00:00,4152,Entregado,Suzuki,GN125,Carlos Mendoza,Kevin Torres
3176,4421,3643,revision completa de motor de arranque y sistema electrico y verificacion completa.,Finalizado,2026-02-28 00:00:00,2026-03-04 00:00:00,4241,Cliente informado,Yamaha,FT150,Jose Ramirez,Daniel Castillo
3177,3275,788,ajuste tecnico de motor y culata segun solicitud del cliente.,Finalizado,2026-03-06 00:00:00,2026-03-10 00:00:00,4258,Cliente informado,KTM,Pulsar NS200,Carlos Mendoza,Henry Tellez
3178,231,1844,ajuste tecnico de direccion y chasis debido a desgaste.,Finalizado,2026-03-18 00:00:00,2026-03-21 00:00:00,3589,Cliente informado,Suzuki,Gixxer 250,Carlos Mendoza,Manuel Vargas
3179,3828,3976,revision completa de biela y eje segun solicitud del cliente.,Finalizado,2026-03-08 00:00:00,2026-03-12 00:00:00,3853,Cliente informado,KTM,R15,Jose Ramirez,Victor Rivas
3180,4449,923,instalacion y calibracion de ciguenal y ciguenal con pruebas posteriores.,Finalizado,2026-03-21 00:00:00,2026-03-21 00:00:00,2815,Entregado,Honda,Apache RTR 200,Carlos Mendoza,Jose Ramirez
3181,1845,232,mantenimiento preventivo en test y evaluacion por falla detectada.,Finalizado,2026-03-22 00:00:00,2026-03-24 00:00:00,4883,Cliente informado,Yamaha,GSX-R750,Carlos Mendoza,Steven Rocha
3182,566,4348,revision completa de diagnostico y test con pruebas posteriores.,Finalizado,2026-03-10 00:00:00,2026-03-13 00:00:00,1806,Entregado,Italika,CB190R,Carlos Mendoza,Andres Ruiz
3183,2977,2733,instalacion y calibracion de balanceo y bujias y verificacion completa.,Finalizado,2026-03-17 00:00:00,2026-03-21 00:00:00,1808,Entregado,TVS,FZ16,Carlos Mendoza,Oscar Reyes
3184,208,4349,diagnostico y reparacion de transmision y caja de cambios para mejorar rendimiento.,Finalizado,2026-03-18 00:00:00,2026-03-21 00:00:00,1609,Entregado,TVS,Pulsar NS200,Jose Ramirez,Samuel Cruz
3185,3988,2505,correccion especializada de carroceria y suspension y verificacion completa.,Finalizado,2026-02-28 00:00:00,2026-03-03 00:00:00,6015,Cliente informado,Yamaha,Gixxer 250,Carlos Mendoza,Wilmer Soto
3186,4955,2445,inspeccion avanzada de filtro de aire y filtro de aceite segun solicitud del cliente.,Entregado,2026-03-15 00:00:00,2026-03-15 00:00:00,4669,Cliente informado,KTM,RC 200,Carlos Mendoza,Brayan Silva
3187,4610,3782,mantenimiento preventivo en ciguenal y motor debido a desgaste.,Finalizado,2026-03-29 00:00:00,2026-04-02 00:00:00,2206,Entregado,Italika,R15,Jose Ramirez,Juan Perez
3188,88,4866,correccion especializada de custom y estetico con pruebas posteriores.,Finalizado,2026-03-01 00:00:00,2026-03-02 00:00:00,6118,Cliente informado,Honda,XR150L,Jose Ramirez,Alexis Diaz
3189,1542,4580,diagnostico y reparacion de revision general y chequeo con pruebas posteriores.,Finalizado,2026-03-18 00:00:00,2026-03-19 00:00:00,2839,Cliente informado,Italika,XR150L,Carlos Mendoza,Francisco Blandon
3190,758,570,servicio integral para evaluacion y test por falla detectada.,Finalizado,2026-03-26 00:00:00,2026-03-27 00:00:00,580,Cliente informado,Suzuki,CBR 600RR,Jose Ramirez,Andres Ruiz
3191,3688,429,inspeccion avanzada de niveles y niveles por falla detectada.,Finalizado,2026-03-01 00:00:00,2026-03-04 00:00:00,950,Cliente informado,Italika,R15,Jose Ramirez,Steven Rocha
3192,4271,233,mantenimiento preventivo en cambio de aceite y bujias para mejorar rendimiento.,Finalizado,2026-03-12 00:00:00,2026-03-14 00:00:00,2943,Cliente informado,KTM,RC 200,Carlos Mendoza,Cristian Molina
3193,3118,1347,correccion especializada de luces y motor de arranque con pruebas posteriores.,Finalizado,2026-03-12 00:00:00,2026-03-13 00:00:00,2534,Cliente informado,Yamaha,Pulsar NS200,Carlos Mendoza,Alexis Diaz
3194,2004,936,servicio integral para alineacion y cambio de aceite debido a desgaste.,Finalizado,2026-03-14 00:00:00,2026-03-14 00:00:00,4059,Entregado,Kawasaki,RC 200,Carlos Mendoza,Roberto Flores
3195,1006,4570,diagnostico y reparacion de vinilado y calipers con pruebas posteriores.,Finalizado,2026-03-03 00:00:00,2026-03-07 00:00:00,2543,Cliente informado,KTM,CB190R,Carlos Mendoza,Edwin Chavez
3196,548,1857,diagnostico y reparacion de llantas deportivas y reprogramacion y verificacion completa.,Finalizado,2026-03-18 00:00:00,2026-03-19 00:00:00,2159,Entregado,Kawasaki,CB190R,Carlos Mendoza,Roberto Flores
3197,251,4162,inspeccion avanzada de diagnostico y revision general y verificacion completa.,Finalizado,2026-03-08 00:00:00,2026-02-26 00:00:00,4575,Entregado,Honda,Boxer 150,Carlos Mendoza,Andres Ruiz
3198,1213,3594,optimizacion del sistema escaneo y ruido con pruebas posteriores.,Finalizado,2026-03-12 00:00:00,2026-03-02 00:00:00,5553,Cliente informado,TVS,Duke 390,Carlos Mendoza,Alexis Diaz
3199,3167,656,instalacion y calibracion de cambio color y kit aerodinamico segun solicitud del cliente.,Finalizado,2026-03-29 00:00:00,2026-03-29 00:00:00,2069,Entregado,AKT,Pulsar NS200,Carlos Mendoza,Luis Martinez
3200,88,4866,inspeccion avanzada de falla y evaluacion con pruebas posteriores.,Finalizado,2026-03-01 00:00:00,2026-03-02 00:00:00,5680,Cliente informado,Kawasaki,Gixxer 250,Carlos Mendoza,Cristian Molina
3201,213,363,correccion especializada de modificacion y modificacion segun solicitud del cliente.,Finalizado,2026-03-21 00:00:00,2026-03-21 00:00:00,2489,Entregado,KTM,MT-07,Jose Ramirez,Victor Rivas
3202,3156,4101,inspeccion avanzada de turbo y kit aerodinamico debido a desgaste.,Finalizado,2026-03-08 00:00:00,2026-03-12 00:00:00,5330,Entregado,Suzuki,Pulsar NS200,Jose Ramirez,Samuel Cruz
3203,1911,4257,ajuste tecnico de problema y chequeo para mejorar rendimiento.,Finalizado,2026-03-21 00:00:00,2026-03-11 00:00:00,3140,Entregado,Kawasaki,Ninja 400,Jose Ramirez,Carlos Mendoza
3204,4880,2346,servicio integral para test y evaluacion incluyendo ajuste final.,Finalizado,2026-03-22 00:00:00,2026-03-25 00:00:00,4863,Cliente informado,Yamaha,Gixxer 250,Jose Ramirez,Juan Perez
3205,145,1400,diagnostico y reparacion de escape deportivo y tuning segun solicitud del cliente.,Finalizado,2026-03-07 00:00:00,2026-03-09 00:00:00,4747,Cliente informado,KTM,GSX-R750,Carlos Mendoza,Edwin Chavez
3206,3651,15,mantenimiento preventivo en niveles y niveles para mejorar rendimiento.,Finalizado,2026-03-07 00:00:00,2026-03-08 00:00:00,1777,Cliente informado,Yamaha,Duke 390,Carlos Mendoza,Juan Perez
3207,4844,1735,diagnostico y reparacion de diferencial y embrague incluyendo ajuste final.,Finalizado,2026-03-24 00:00:00,2026-03-27 00:00:00,6255,Entregado,Bajaj,Duke 390,Carlos Mendoza,Javier Morales
3208,3658,2567,optimizacion del sistema bujias y balanceo debido a desgaste.,Finalizado,2026-03-17 00:00:00,2026-03-17 00:00:00,5791,Cliente informado,Kawasaki,Boxer 150,Jose Ramirez,Alexis Diaz
3209,1952,3674,ajuste tecnico de balanceo y revision segun solicitud del cliente.,Finalizado,2026-03-13 00:00:00,2026-03-14 00:00:00,3157,Cliente informado,Honda,GSX-R750,Jose Ramirez,Wilmer Soto
3210,4165,3769,inspeccion avanzada de cambio de aceite y filtro de aceite y verificacion completa.,Finalizado,2026-03-14 00:00:00,2026-03-17 00:00:00,2328,Cliente informado,Kawasaki,Ninja 400,Carlos Mendoza,Samuel Cruz
3211,151,2399,correccion especializada de ciguenal y chasis debido a desgaste.,Finalizado,2026-03-23 00:00:00,2026-03-26 00:00:00,4855,Cliente informado,Suzuki,FT150,Carlos Mendoza,Javier Morales
3212,4477,1264,mantenimiento preventivo en cableado y sensores con pruebas posteriores.,Entregado,2026-03-14 00:00:00,2026-03-18 00:00:00,5307,Cliente informado,Suzuki,Apache RTR 200,Carlos Mendoza,Fernando Herrera
3213,4068,1264,diagnostico y reparacion de luces y bateria segun solicitud del cliente.,En proceso,2026-03-26 00:00:00,2026-03-26 00:00:00,2839,Cliente informado,Italika,Ninja 400,Jose Ramirez,Javier Morales
3214,1822,4197,correccion especializada de filtro de aceite y revision y verificacion completa.,Finalizado,2026-03-26 00:00:00,2026-03-28 00:00:00,5885,Cliente informado,Yamaha,CB190R,Jose Ramirez,Kevin Torres
3215,2693,2623,servicio integral para encendido y encendido y verificacion completa.,Finalizado,2026-03-27 00:00:00,2026-03-28 00:00:00,5259,Cliente informado,Yamaha,XR150L,Carlos Mendoza,Samuel Cruz
3216,4522,4978,ajuste tecnico de revision y lubricacion segun solicitud del cliente.,Finalizado,2026-03-11 00:00:00,2026-03-11 00:00:00,3563,Entregado,Honda,MT-07,Carlos Mendoza,Julio Navarro
3217,3036,4554,mantenimiento preventivo en sensores de estacionamiento y reprogramacion por falla detectada.,Finalizado,2026-03-28 00:00:00,2026-03-31 00:00:00,5841,Entregado,Suzuki,MT-07,Jose Ramirez,Roberto Flores
3218,2684,691,diagnostico y reparacion de balanceo y revision con pruebas posteriores.,Finalizado,2026-03-29 00:00:00,2026-03-31 00:00:00,3604,Entregado,Suzuki,R15,Jose Ramirez,Edwin Chavez
3219,1581,110,ajuste tecnico de sistema electrico y bateria debido a desgaste.,Finalizado,2026-03-04 00:00:00,2026-03-07 00:00:00,2976,Cliente informado,TVS,CBR 600RR,Carlos Mendoza,Roberto Flores
3220,4582,310,revision completa de inspeccion y test para mejorar rendimiento.,Finalizado,2026-03-20 00:00:00,2026-03-24 00:00:00,2515,Cliente informado,Honda,Pulsar NS200,Carlos Mendoza,Luis Martinez
3221,2557,1522,mantenimiento preventivo en cambio de aceite y filtro de aire debido a desgaste.,Finalizado,2026-03-03 00:00:00,2026-03-06 00:00:00,1006,Cliente informado,Yamaha,FT150,Carlos Mendoza,Erick Gutierrez
3222,2613,4595,optimizacion del sistema eje y transmision con pruebas posteriores.,Finalizado,2026-03-11 00:00:00,2026-03-13 00:00:00,6007,Cliente informado,Italika,MT-07,Carlos Mendoza,Wilmer Soto
3223,1946,4566,ajuste tecnico de camara y modificacion incluyendo ajuste final.,Finalizado,2026-03-12 00:00:00,2026-03-14 00:00:00,894,Entregado,Suzuki,Pulsar NS200,Jose Ramirez,Andres Ruiz
3224,2806,5149,mantenimiento preventivo en centralita y centralita para mejorar rendimiento.,Finalizado,2026-03-29 00:00:00,2026-04-01 00:00:00,4539,Entregado,TVS,Duke 390,Carlos Mendoza,Roberto Flores
3225,4897,2116,ajuste tecnico de bomba de agua y eje y verificacion completa.,Entregado,2026-03-21 00:00:00,2026-03-23 00:00:00,3346,Entregado,Suzuki,XR150L,Carlos Mendoza,Carlos Mendoza
3226,182,134,inspeccion avanzada de chequeo y revision por falla detectada.,Finalizado,2026-03-15 00:00:00,2026-03-19 00:00:00,5152,Entregado,Honda,Gixxer 250,Jose Ramirez,Steven Rocha
3227,2697,2328,mantenimiento preventivo en filtro de aire y niveles con pruebas posteriores.,Finalizado,2026-03-25 00:00:00,2026-03-25 00:00:00,1281,Entregado,Yamaha,MT-07,Carlos Mendoza,Miguel Garcia
3228,925,4821,instalacion y calibracion de caja de cambios y direccion con pruebas posteriores.,Finalizado,2026-03-05 00:00:00,2026-03-08 00:00:00,5730,Cliente informado,Suzuki,MT-07,Carlos Mendoza,Mario Lopez
3229,4623,3398,instalacion y calibracion de carroceria y amortiguadores por falla detectada.,Finalizado,2026-03-14 00:00:00,2026-03-04 00:00:00,4031,Cliente informado,Yamaha,RC 200,Carlos Mendoza,Alexis Diaz
3230,4471,257,instalacion y calibracion de chequeo y evaluacion segun solicitud del cliente.,Finalizado,2026-03-15 00:00:00,2026-03-17 00:00:00,3141,Entregado,Yamaha,Gixxer 250,Jose Ramirez,Luis Martinez
3231,2908,1492,ajuste tecnico de escape deportivo y cambio color segun solicitud del cliente.,Finalizado,2026-03-21 00:00:00,2026-03-21 00:00:00,5594,Entregado,Italika,FZ16,Carlos Mendoza,Julio Navarro
3232,800,3519,revision completa de chequeo y test debido a desgaste.,Finalizado,2026-03-08 00:00:00,2026-03-10 00:00:00,2609,Entregado,AKT,Apache RTR 200,Jose Ramirez,Roberto Flores
3233,1238,3159,revision completa de sensores y luces y verificacion completa.,En proceso,2026-03-20 00:00:00,2026-03-21 00:00:00,5649,Entregado,Yamaha,Apache RTR 200,Carlos Mendoza,Roberto Flores
3234,3504,1781,revision completa de revision general y escaneo para mejorar rendimiento.,Finalizado,2026-03-27 00:00:00,2026-03-27 00:00:00,4422,Cliente informado,Suzuki,XR150L,Jose Ramirez,Roberto Flores
3235,1217,2603,diagnostico y reparacion de cambio de aceite y filtro de aire por falla detectada.,Finalizado,2026-03-20 00:00:00,2026-03-22 00:00:00,504,Cliente informado,Suzuki,Gixxer 250,Jose Ramirez,Luis Martinez
3236,4715,2721,instalacion y calibracion de escaneo y evaluacion segun solicitud del cliente.,Finalizado,2026-03-01 00:00:00,2026-03-01 00:00:00,3496,Cliente informado,Honda,Z650,Jose Ramirez,Victor Rivas
3237,504,3267,inspeccion avanzada de encendido y sistema electrico segun solicitud del cliente.,Finalizado,2026-03-04 00:00:00,2026-03-05 00:00:00,6393,Cliente informado,Kawasaki,R15,Jose Ramirez,Javier Morales
3238,1213,178,inspeccion avanzada de problema y chequeo para mejorar rendimiento.,Finalizado,2026-03-18 00:00:00,2026-03-18 00:00:00,956,Entregado,Honda,DM200,Jose Ramirez,Miguel Garcia
3239,3888,3717,instalacion y calibracion de niveles y filtro de aceite debido a desgaste.,Finalizado,2026-03-23 00:00:00,2026-03-24 00:00:00,6184,Entregado,AKT,DM200,Jose Ramirez,Mario Lopez
3240,3195,248,revision completa de sensores de estacionamiento y cambio color por falla detectada.,Entregado,2026-03-05 00:00:00,2026-03-09 00:00:00,5486,Cliente informado,Yamaha,Z650,Carlos Mendoza,Manuel Vargas
3241,2497,130,revision completa de problema y ruido incluyendo ajuste final.,Finalizado,2026-02-28 00:00:00,2026-03-01 00:00:00,4456,Cliente informado,Bajaj,NKD 125,Jose Ramirez,Henry Tellez
3242,3770,1561,servicio integral para cableado y centralita con pruebas posteriores.,Finalizado,2026-03-11 00:00:00,2026-03-14 00:00:00,2745,Cliente informado,Suzuki,Gixxer 250,Jose Ramirez,Oscar Reyes
3243,4144,4130,diagnostico y reparacion de tuning y velocidad incluyendo ajuste final.,Finalizado,2026-03-24 00:00:00,2026-03-28 00:00:00,4692,Entregado,Honda,R15,Carlos Mendoza,Oscar Reyes
3244,4214,1695,diagnostico y reparacion de problema y inspeccion segun solicitud del cliente.,Finalizado,2026-02-28 00:00:00,2026-03-02 00:00:00,5209,Cliente informado,AKT,FT150,Carlos Mendoza,Henry Tellez
3245,3863,2714,inspeccion avanzada de balanceo y niveles debido a desgaste.,Finalizado,2026-03-03 00:00:00,2026-03-05 00:00:00,5753,Cliente informado,AKT,MT-07,Jose Ramirez,Francisco Blandon
3246,2498,925,optimizacion del sistema escaneo y ruido por falla detectada.,Finalizado,2026-03-05 00:00:00,2026-03-05 00:00:00,1757,Cliente informado,Italika,FT150,Jose Ramirez,Andres Ruiz
3247,664,2543,servicio integral para alineacion y cambio de aceite incluyendo ajuste final.,Finalizado,2026-02-28 00:00:00,2026-02-28 00:00:00,1086,Cliente informado,Suzuki,XR150L,Carlos Mendoza,Samuel Cruz
3248,1930,5186,mantenimiento preventivo en chequeo y revision y verificacion completa.,Finalizado,2026-03-16 00:00:00,2026-03-16 00:00:00,2667,Entregado,Kawasaki,CB190R,Jose Ramirez,Andres Ruiz
3249,2388,5026,instalacion y calibracion de actualizacion de software y frenos deportivos debido a desgaste.,Finalizado,2026-03-11 00:00:00,2026-03-11 00:00:00,5084,Cliente informado,Bajaj,Gixxer 250,Jose Ramirez,Roberto Flores
3250,1134,5242,inspeccion avanzada de frenos deportivos y escape deportivo incluyendo ajuste final.,Entregado,2026-03-01 00:00:00,2026-03-04 00:00:00,4205,Entregado,Italika,CBR 600RR,Carlos Mendoza,Juan Perez
3251,3802,1909,instalacion y calibracion de test y problema por falla detectada.,Finalizado,2026-03-12 00:00:00,2026-03-12 00:00:00,5608,Entregado,Honda,Ninja 400,Carlos Mendoza,Samuel Cruz
3252,4573,132,inspeccion avanzada de frenos y culata y verificacion completa.,Finalizado,2026-03-09 00:00:00,2026-03-12 00:00:00,6113,Cliente informado,AKT,GN125,Carlos Mendoza,Andres Ruiz
3253,4788,3133,ajuste tecnico de test y inspeccion incluyendo ajuste final.,Finalizado,2026-03-18 00:00:00,2026-03-20 00:00:00,4516,Cliente informado,KTM,Duke 390,Jose Ramirez,Steven Rocha
3254,2155,3188,servicio integral para chequeo y escaneo segun solicitud del cliente.,Entregado,2026-03-09 00:00:00,2026-03-12 00:00:00,6317,Entregado,Yamaha,Boxer 150,Jose Ramirez,Jose Ramirez
3255,4782,1361,correccion especializada de amortiguadores y suspension segun solicitud del cliente.,Finalizado,2026-03-05 00:00:00,2026-03-06 00:00:00,6169,Entregado,Yamaha,NKD 125,Carlos Mendoza,Kevin Torres
3256,3795,4808,ajuste tecnico de sensores y fallo electrico debido a desgaste.,Finalizado,2026-03-05 00:00:00,2026-03-05 00:00:00,4733,Cliente informado,TVS,Pulsar NS200,Carlos Mendoza,Kevin Torres
3257,1323,2386,inspeccion avanzada de bujias y cambio de aceite por falla detectada.,Entregado,2026-03-10 00:00:00,2026-03-12 00:00:00,2161,Cliente informado,TVS,Gixxer 250,Carlos Mendoza,Javier Morales
3258,4068,1264,revision completa de suspension deportiva y frenos deportivos incluyendo ajuste final.,En proceso,2026-03-26 00:00:00,2026-03-26 00:00:00,3418,Cliente informado,Suzuki,RC 200,Jose Ramirez,Steven Rocha
3259,4980,2673,mantenimiento preventivo en bateria y cableado segun solicitud del cliente.,Finalizado,2026-02-28 00:00:00,2026-03-04 00:00:00,3404,Entregado,Bajaj,R15,Carlos Mendoza,Jose Ramirez
3260,3278,2437,optimizacion del sistema cableado y alternador y verificacion completa.,Finalizado,2026-03-03 00:00:00,2026-03-03 00:00:00,3031,Cliente informado,Suzuki,Duke 390,Carlos Mendoza,Andres Ruiz
3261,1148,1056,instalacion y calibracion de kit aerodinamico y sensores de estacionamiento y verificacion completa.,Finalizado,2026-03-25 00:00:00,2026-03-28 00:00:00,4969,Cliente informado,AKT,DM200,Jose Ramirez,Eduardo Castro
3262,1815,4856,mantenimiento preventivo en centralita y sistema electrico segun solicitud del cliente.,Finalizado,2026-03-20 00:00:00,2026-03-22 00:00:00,4948,Entregado,Honda,Apache RTR 200,Carlos Mendoza,Luis Martinez
3263,3185,2721,ajuste tecnico de cambio de aceite y revision incluyendo ajuste final.,Entregado,2026-03-22 00:00:00,2026-03-26 00:00:00,4456,Entregado,Italika,RC 200,Jose Ramirez,Henry Tellez
3264,2040,4818,correccion especializada de inspeccion y ruido y verificacion completa.,Finalizado,2026-03-25 00:00:00,2026-03-26 00:00:00,745,Cliente informado,Italika,R15,Carlos Mendoza,Juan Perez
3265,3858,27,correccion especializada de direccion y radiador incluyendo ajuste final.,Finalizado,2026-03-23 00:00:00,2026-03-25 00:00:00,2691,Cliente informado,Yamaha,DM200,Jose Ramirez,Erick Gutierrez
3266,1028,905,correccion especializada de encendido y encendido para mejorar rendimiento.,Finalizado,2026-03-21 00:00:00,2026-03-23 00:00:00,2057,Entregado,Yamaha,FT150,Carlos Mendoza,Wilmer Soto
3267,2516,3208,inspeccion avanzada de filtro de aceite y revision debido a desgaste.,Finalizado,2026-03-20 00:00:00,2026-03-23 00:00:00,3432,Entregado,KTM,GSX-R750,Carlos Mendoza,Javier Morales
3268,1721,4490,ajuste tecnico de pistones y chasis con pruebas posteriores.,Finalizado,2026-02-28 00:00:00,2026-03-04 00:00:00,1762,Cliente informado,Honda,MT-07,Jose Ramirez,Javier Morales
3269,2053,1051,diagnostico y reparacion de lubricacion y balanceo con pruebas posteriores.,En proceso,2026-03-17 00:00:00,2026-03-19 00:00:00,5758,Cliente informado,KTM,Duke 390,Jose Ramirez,Juan Perez
3270,3675,5149,instalacion y calibracion de amortiguadores y pistones segun solicitud del cliente.,Finalizado,2026-03-01 00:00:00,2026-03-04 00:00:00,4015,Cliente informado,Bajaj,NKD 125,Jose Ramirez,Daniel Castillo
3271,4988,4827,servicio integral para niveles y filtro de aire y verificacion completa.,Finalizado,2026-03-15 00:00:00,2026-03-19 00:00:00,1482,Entregado,Bajaj,Gixxer 250,Carlos Mendoza,Roberto Flores
3272,1455,3126,diagnostico y reparacion de luces y centralita debido a desgaste.,Finalizado,2026-02-28 00:00:00,2026-03-04 00:00:00,5343,Entregado,KTM,RC 200,Carlos Mendoza,Juan Perez
3273,231,2594,instalacion y calibracion de embrague y frenos con pruebas posteriores.,Finalizado,2026-03-10 00:00:00,2026-03-12 00:00:00,3802,Cliente informado,Yamaha,R15,Jose Ramirez,Henry Tellez
3274,2409,3572,servicio integral para balanceo y filtro de aire incluyendo ajuste final.,Finalizado,2026-03-10 00:00:00,2026-03-13 00:00:00,6047,Cliente informado,AKT,NKD 125,Carlos Mendoza,Roberto Flores
3275,4450,715,optimizacion del sistema alineacion y filtro de aceite debido a desgaste.,Finalizado,2026-03-02 00:00:00,2026-03-03 00:00:00,3695,Entregado,Yamaha,Boxer 150,Jose Ramirez,Francisco Blandon
3276,3892,3405,instalacion y calibracion de centralita y cableado incluyendo ajuste final.,Finalizado,2026-03-16 00:00:00,2026-03-16 00:00:00,5339,Cliente informado,Italika,MT-07,Carlos Mendoza,Mario Lopez
3277,3344,125,diagnostico y reparacion de biela y arbol de levas incluyendo ajuste final.,Finalizado,2026-03-08 00:00:00,2026-03-08 00:00:00,1666,Entregado,Yamaha,Ninja 400,Jose Ramirez,Erick Gutierrez
3278,4344,2264,revision completa de actualizacion de software y camara y verificacion completa.,Finalizado,2026-03-07 00:00:00,2026-03-11 00:00:00,984,Cliente informado,KTM,Boxer 150,Jose Ramirez,Luis Martinez
3279,4125,1400,mantenimiento preventivo en pantalla y potencia para mejorar rendimiento.,Finalizado,2026-03-25 00:00:00,2026-03-26 00:00:00,1886,Entregado,KTM,CB190R,Jose Ramirez,Kevin Torres
3280,1504,2716,instalacion y calibracion de diagnostico y falla y verificacion completa.,Finalizado,2026-03-07 00:00:00,2026-03-10 00:00:00,4973,Entregado,Suzuki,MT-07,Jose Ramirez,Carlos Mendoza
3281,3635,4633,inspeccion avanzada de fallo electrico y alternador segun solicitud del cliente.,Finalizado,2026-03-01 00:00:00,2026-03-04 00:00:00,3821,Cliente informado,KTM,Ninja 400,Carlos Mendoza,Javier Morales
3282,2787,2595,revision completa de cableado y bateria incluyendo ajuste final.,Finalizado,2026-03-27 00:00:00,2026-03-17 00:00:00,1236,Entregado,Bajaj,CBR 600RR,Jose Ramirez,Brayan Silva
3283,1400,656,mantenimiento preventivo en transmision y ciguenal incluyendo ajuste final.,En proceso,2026-03-08 00:00:00,2026-03-08 00:00:00,901,Cliente informado,Bajaj,Ninja 400,Carlos Mendoza,Cristian Molina
3284,756,3657,diagnostico y reparacion de bateria y encendido debido a desgaste.,Finalizado,2026-03-07 00:00:00,2026-03-09 00:00:00,1988,Cliente informado,AKT,Gixxer 250,Carlos Mendoza,Eduardo Castro
3285,4999,5160,correccion especializada de ruido y test debido a desgaste.,Finalizado,2026-03-13 00:00:00,2026-03-03 00:00:00,4896,Entregado,Suzuki,Gixxer 250,Jose Ramirez,Kevin Torres
3286,4874,311,optimizacion del sistema biela y culata y verificacion completa.,Finalizado,2026-03-11 00:00:00,2026-03-14 00:00:00,5853,Entregado,Honda,Apache RTR 200,Carlos Mendoza,Oscar Reyes
3287,4573,132,servicio integral para sistema electrico y sensores con pruebas posteriores.,Finalizado,2026-03-09 00:00:00,2026-03-12 00:00:00,822,Cliente informado,Bajaj,Z650,Jose Ramirez,Manuel Vargas
3288,3989,2360,correccion especializada de revision general y diagnostico y verificacion completa.,Finalizado,2026-03-12 00:00:00,2026-03-13 00:00:00,4173,Cliente informado,Honda,NKD 125,Carlos Mendoza,Juan Perez
3289,4064,2203,revision completa de revision general y ruido y verificacion completa.,Finalizado,2026-03-21 00:00:00,2026-03-23 00:00:00,6072,Cliente informado,Honda,GN125,Carlos Mendoza,Mario Lopez
3290,3969,2837,ajuste tecnico de diagnostico y chequeo con pruebas posteriores.,Finalizado,2026-03-02 00:00:00,2026-03-06 00:00:00,2836,Entregado,Honda,GSX-R750,Jose Ramirez,Cristian Molina
3291,3770,1561,servicio integral para ruido y inspeccion por falla detectada.,Finalizado,2026-03-11 00:00:00,2026-03-14 00:00:00,1231,Cliente informado,Yamaha,DM200,Jose Ramirez,Kevin Torres
3292,801,4236,instalacion y calibracion de chequeo y escaneo por falla detectada.,Finalizado,2026-03-19 00:00:00,2026-03-20 00:00:00,6077,Entregado,Suzuki,FT150,Jose Ramirez,Steven Rocha
3293,574,2405,revision completa de motor y carroceria debido a desgaste.,Finalizado,2026-03-12 00:00:00,2026-03-13 00:00:00,1006,Cliente informado,Yamaha,Gixxer 250,Carlos Mendoza,Kevin Torres
3294,2521,3314,ajuste tecnico de bateria y alternador y verificacion completa.,Finalizado,2026-03-06 00:00:00,2026-03-08 00:00:00,1479,Entregado,TVS,MT-07,Jose Ramirez,Erick Gutierrez
3295,249,4449,inspeccion avanzada de centralita y encendido por falla detectada.,Finalizado,2026-03-01 00:00:00,2026-02-19 00:00:00,1184,Entregado,Honda,MT-07,Jose Ramirez,Roberto Flores
3296,2338,3092,revision completa de sensores y sensores por falla detectada.,Finalizado,2026-03-01 00:00:00,2026-03-05 00:00:00,4943,Cliente informado,Italika,Duke 390,Carlos Mendoza,Erick Gutierrez
3297,2016,4735,ajuste tecnico de evaluacion y ruido por falla detectada.,Finalizado,2026-03-04 00:00:00,2026-03-04 00:00:00,3218,Entregado,KTM,R15,Carlos Mendoza,Julio Navarro
3298,2617,2520,revision completa de pistones y ciguenal y verificacion completa.,Finalizado,2026-03-11 00:00:00,2026-03-11 00:00:00,5006,Cliente informado,Kawasaki,NKD 125,Carlos Mendoza,Andres Ruiz
3299,2739,78,diagnostico y reparacion de test y escaneo debido a desgaste.,Finalizado,2026-03-19 00:00:00,2026-03-09 00:00:00,588,Entregado,Italika,CBR 600RR,Carlos Mendoza,Mario Lopez
3300,1862,3441,servicio integral para balanceo y filtro de aceite con pruebas posteriores.,Finalizado,2026-03-28 00:00:00,2026-03-30 00:00:00,2066,Cliente informado,TVS,Ninja 400,Jose Ramirez,Daniel Castillo
3301,554,242,optimizacion del sistema pistones y arbol de levas incluyendo ajuste final.,Finalizado,2026-03-29 00:00:00,2026-04-02 00:00:00,4123,Entregado,Yamaha,Gixxer 250,Carlos Mendoza,Daniel Castillo
3302,3174,3681,ajuste tecnico de chequeo y chequeo para mejorar rendimiento.,Finalizado,2026-03-05 00:00:00,2026-03-06 00:00:00,3026,Entregado,KTM,FZ16,Carlos Mendoza,Jose Ramirez
3303,3434,220,ajuste tecnico de sistema electrico y cableado por falla detectada.,Finalizado,2026-03-27 00:00:00,2026-03-31 00:00:00,4684,Entregado,Honda,GSX-R750,Jose Ramirez,Andres Ruiz
3304,4623,3398,revision completa de bujias y chequeo incluyendo ajuste final.,Finalizado,2026-03-14 00:00:00,2026-03-04 00:00:00,5360,Cliente informado,KTM,GN125,Carlos Mendoza,Miguel Garcia
3305,1930,5186,optimizacion del sistema cambio color y tuning con pruebas posteriores.,Finalizado,2026-03-16 00:00:00,2026-03-16 00:00:00,4669,Entregado,Kawasaki,DM200,Jose Ramirez,Samuel Cruz
3306,1847,4268,inspeccion avanzada de pintar carroceria y estetico y verificacion completa.,Finalizado,2026-03-24 00:00:00,2026-03-26 00:00:00,3139,Entregado,KTM,RC 200,Jose Ramirez,Jose Ramirez
3307,2546,4762,diagnostico y reparacion de problema y diagnostico incluyendo ajuste final.,Finalizado,2026-03-13 00:00:00,2026-03-17 00:00:00,798,Cliente informado,Suzuki,FT150,Carlos Mendoza,Javier Morales
3308,4196,4672,diagnostico y reparacion de amortiguadores y radiador por falla detectada.,Finalizado,2026-03-08 00:00:00,2026-03-09 00:00:00,3002,Cliente informado,Suzuki,XR150L,Carlos Mendoza,Manuel Vargas
3309,95,4786,servicio integral para direccion y frenos y verificacion completa.,Entregado,2026-03-24 00:00:00,2026-03-24 00:00:00,1871,Entregado,Suzuki,GN125,Jose Ramirez,Mario Lopez
3310,1064,2683,instalacion y calibracion de biela y pistones debido a desgaste.,Entregado,2026-03-08 00:00:00,2026-03-12 00:00:00,3750,Cliente informado,KTM,Z650,Carlos Mendoza,Francisco Blandon
3311,2426,3477,revision completa de fallo electrico y sensores con pruebas posteriores.,Finalizado,2026-03-09 00:00:00,2026-03-11 00:00:00,4296,Entregado,Bajaj,Pulsar NS200,Carlos Mendoza,Juan Perez
3312,3212,3463,diagnostico y reparacion de amortiguadores y frenos por falla detectada.,Finalizado,2026-03-22 00:00:00,2026-03-25 00:00:00,6389,Cliente informado,AKT,Z650,Carlos Mendoza,Daniel Castillo
3313,3141,4954,inspeccion avanzada de chequeo y ruido por falla detectada.,Finalizado,2026-03-29 00:00:00,2026-03-31 00:00:00,5797,Entregado,Suzuki,Z650,Jose Ramirez,Andres Ruiz
3314,2697,2328,inspeccion avanzada de cromado y pintura incluyendo ajuste final.,Finalizado,2026-03-25 00:00:00,2026-03-25 00:00:00,2892,Entregado,Bajaj,FZ16,Jose Ramirez,Luis Martinez
3315,1038,925,correccion especializada de sensores de estacionamiento y fibra de carbono debido a desgaste.,Finalizado,2026-03-07 00:00:00,2026-03-08 00:00:00,2662,Entregado,Honda,Z650,Jose Ramirez,Carlos Mendoza
3316,4276,3738,revision completa de ruido y falla debido a desgaste.,Finalizado,2026-03-25 00:00:00,2026-03-29 00:00:00,1198,Entregado,Yamaha,MT-07,Jose Ramirez,Manuel Vargas
3317,3284,2324,inspeccion avanzada de balanceo y lubricacion incluyendo ajuste final.,Finalizado,2026-03-16 00:00:00,2026-03-17 00:00:00,3610,Cliente informado,Honda,R15,Carlos Mendoza,Cristian Molina
3318,3888,3717,inspeccion avanzada de polarizado y escape deportivo segun solicitud del cliente.,Finalizado,2026-03-23 00:00:00,2026-03-24 00:00:00,5729,Entregado,TVS,CB190R,Jose Ramirez,Luis Martinez
3319,3035,4531,ajuste tecnico de chequeo y bujias incluyendo ajuste final.,Entregado,2026-03-18 00:00:00,2026-03-18 00:00:00,1847,Cliente informado,Yamaha,CBR 600RR,Jose Ramirez,Miguel Garcia
3320,2769,2169,diagnostico y reparacion de diagnostico y problema con pruebas posteriores.,Finalizado,2026-03-11 00:00:00,2026-03-15 00:00:00,2867,Entregado,Italika,Apache RTR 200,Jose Ramirez,Javier Morales
3321,1285,4779,inspeccion avanzada de cambio color y luces led debido a desgaste.,Finalizado,2026-03-02 00:00:00,2026-02-20 00:00:00,1495,Cliente informado,Kawasaki,FT150,Jose Ramirez,Eduardo Castro
3322,1222,2008,mantenimiento preventivo en niveles y cambio de aceite para mejorar rendimiento.,Entregado,2026-03-17 00:00:00,2026-03-20 00:00:00,5624,Entregado,Bajaj,GN125,Jose Ramirez,Cristian Molina
3323,1098,459,mantenimiento preventivo en cambio de aceite y cambio de aceite con pruebas posteriores.,Finalizado,2026-03-03 00:00:00,2026-03-06 00:00:00,4214,Cliente informado,Yamaha,CBR 600RR,Jose Ramirez,Jose Ramirez
3324,4477,1264,optimizacion del sistema chequeo y chequeo con pruebas posteriores.,Entregado,2026-03-14 00:00:00,2026-03-18 00:00:00,2371,Cliente informado,Suzuki,DM200,Carlos Mendoza,Mario Lopez
3325,1006,4570,inspeccion avanzada de lubricacion y balanceo con pruebas posteriores.,Finalizado,2026-03-03 00:00:00,2026-03-07 00:00:00,2365,Cliente informado,Kawasaki,Apache RTR 200,Carlos Mendoza,Jose Ramirez
3326,3742,2443,revision completa de problema y chequeo segun solicitud del cliente.,Finalizado,2026-03-27 00:00:00,2026-03-27 00:00:00,1770,Cliente informado,Honda,Z650,Jose Ramirez,Oscar Reyes
3327,2449,1778,optimizacion del sistema transmision y suspension incluyendo ajuste final.,Finalizado,2026-03-04 00:00:00,2026-02-22 00:00:00,4790,Cliente informado,Suzuki,NKD 125,Jose Ramirez,Oscar Reyes
3328,2384,4613,diagnostico y reparacion de ruido y inspeccion segun solicitud del cliente.,Finalizado,2026-03-11 00:00:00,2026-03-13 00:00:00,1313,Entregado,Suzuki,Boxer 150,Jose Ramirez,Victor Rivas
3329,1632,2973,inspeccion avanzada de pantalla y potencia y verificacion completa.,Finalizado,2026-03-15 00:00:00,2026-03-17 00:00:00,5631,Cliente informado,Italika,MT-07,Jose Ramirez,Fernando Herrera
3330,3438,5219,revision completa de embrague y ciguenal y verificacion completa.,Finalizado,2026-03-22 00:00:00,2026-03-22 00:00:00,2905,Entregado,Suzuki,Gixxer 250,Jose Ramirez,Javier Morales
3331,1728,4048,instalacion y calibracion de balanceo y lubricacion por falla detectada.,Finalizado,2026-03-24 00:00:00,2026-03-25 00:00:00,1377,Cliente informado,Honda,Boxer 150,Carlos Mendoza,Erick Gutierrez
3332,3366,3626,optimizacion del sistema chequeo y alineacion con pruebas posteriores.,Finalizado,2026-03-09 00:00:00,2026-03-09 00:00:00,4543,Cliente informado,Italika,XR150L,Carlos Mendoza,Francisco Blandon
3333,717,4250,revision completa de kit aerodinamico y sensores de estacionamiento y verificacion completa.,Finalizado,2026-03-04 00:00:00,2026-03-05 00:00:00,3507,Cliente informado,Bajaj,FT150,Jose Ramirez,Fernando Herrera
3334,893,2689,instalacion y calibracion de amortiguadores y caja de cambios por falla detectada.,Finalizado,2026-03-02 00:00:00,2026-02-20 00:00:00,5256,Entregado,Honda,GN125,Carlos Mendoza,Javier Morales
3335,1524,940,correccion especializada de fallo electrico y motor de arranque y verificacion completa.,Finalizado,2026-03-02 00:00:00,2026-03-03 00:00:00,1754,Cliente informado,TVS,NKD 125,Jose Ramirez,Alexis Diaz
3336,1981,5026,servicio integral para centralita y centralita con pruebas posteriores.,Finalizado,2026-03-04 00:00:00,2026-03-07 00:00:00,550,Cliente informado,Kawasaki,FZ16,Jose Ramirez,Luis Martinez
3337,524,60,inspeccion avanzada de filtro de aceite y niveles segun solicitud del cliente.,Finalizado,2026-03-06 00:00:00,2026-03-10 00:00:00,4776,Entregado,Honda,CBR 600RR,Carlos Mendoza,Oscar Reyes
3338,1340,3798,ajuste tecnico de personalizacion y polarizado debido a desgaste.,Entregado,2026-03-15 00:00:00,2026-03-17 00:00:00,1924,Entregado,TVS,Pulsar NS200,Carlos Mendoza,Oscar Reyes
3339,3352,47,mantenimiento preventivo en aleron y custom con pruebas posteriores.,Finalizado,2026-03-05 00:00:00,2026-03-05 00:00:00,5867,Cliente informado,Kawasaki,Gixxer 250,Carlos Mendoza,Carlos Mendoza
3340,68,5160,inspeccion avanzada de velocidad y reprogramacion para mejorar rendimiento.,Finalizado,2026-03-25 00:00:00,2026-03-27 00:00:00,2519,Entregado,Honda,GN125,Carlos Mendoza,Manuel Vargas
3341,243,949,instalacion y calibracion de chequeo y escaneo para mejorar rendimiento.,En proceso,2026-03-01 00:00:00,2026-03-01 00:00:00,1551,Cliente informado,Kawasaki,CB190R,Carlos Mendoza,Julio Navarro
3342,1801,4163,revision completa de fallo electrico y motor de arranque para mejorar rendimiento.,Finalizado,2026-03-09 00:00:00,2026-03-12 00:00:00,1208,Cliente informado,Italika,GN125,Carlos Mendoza,Victor Rivas
3343,709,1627,diagnostico y reparacion de motor y amortiguadores segun solicitud del cliente.,Finalizado,2026-03-12 00:00:00,2026-03-15 00:00:00,6149,Cliente informado,Suzuki,Z650,Carlos Mendoza,Brayan Silva
3344,1262,3424,diagnostico y reparacion de filtro de aire y revision por falla detectada.,Entregado,2026-03-23 00:00:00,2026-03-25 00:00:00,2158,Entregado,TVS,RC 200,Carlos Mendoza,Daniel Castillo
3345,4133,2149,servicio integral para carroceria y carroceria segun solicitud del cliente.,Finalizado,2026-03-21 00:00:00,2026-03-21 00:00:00,6406,Entregado,Italika,Gixxer 250,Jose Ramirez,Daniel Castillo
3346,1368,708,ajuste tecnico de alineacion y revision debido a desgaste.,Finalizado,2026-03-19 00:00:00,2026-03-22 00:00:00,989,Entregado,Bajaj,GN125,Jose Ramirez,Juan Perez
3347,207,1353,correccion especializada de encendido y encendido para mejorar rendimiento.,Finalizado,2026-03-22 00:00:00,2026-03-22 00:00:00,3135,Entregado,Kawasaki,Pulsar NS200,Carlos Mendoza,Fernando Herrera
3348,4924,2464,diagnostico y reparacion de fallo electrico y fallo electrico debido a desgaste.,Finalizado,2026-03-23 00:00:00,2026-03-26 00:00:00,1610,Entregado,Italika,Gixxer 250,Carlos Mendoza,Eduardo Castro
3349,1974,4930,optimizacion del sistema amortiguadores y arbol de levas segun solicitud del cliente.,Finalizado,2026-03-08 00:00:00,2026-03-10 00:00:00,5036,Entregado,Yamaha,RC 200,Carlos Mendoza,Julio Navarro
3350,1285,4779,correccion especializada de alternador y bateria por falla detectada.,Finalizado,2026-03-02 00:00:00,2026-02-20 00:00:00,4878,Cliente informado,Italika,NKD 125,Jose Ramirez,Miguel Garcia
3351,3724,2393,revision completa de centralita y luces por falla detectada.,Finalizado,2026-03-23 00:00:00,2026-03-23 00:00:00,4916,Cliente informado,KTM,FT150,Jose Ramirez,Manuel Vargas
3352,2622,4552,ajuste tecnico de frenos y caja de cambios incluyendo ajuste final.,Finalizado,2026-03-02 00:00:00,2026-03-05 00:00:00,2870,Entregado,KTM,CBR 600RR,Jose Ramirez,Daniel Castillo
3353,2121,4930,instalacion y calibracion de luces led y fibra de carbono con pruebas posteriores.,Finalizado,2026-03-05 00:00:00,2026-03-06 00:00:00,1685,Entregado,Honda,CB190R,Jose Ramirez,Miguel Garcia
3354,2964,4413,revision completa de estetico y gps segun solicitud del cliente.,Finalizado,2026-03-23 00:00:00,2026-03-13 00:00:00,6435,Cliente informado,TVS,GN125,Carlos Mendoza,Fernando Herrera
3355,3156,4101,diagnostico y reparacion de gps y sensores de estacionamiento debido a desgaste.,Finalizado,2026-03-08 00:00:00,2026-03-12 00:00:00,2060,Entregado,Kawasaki,Gixxer 250,Carlos Mendoza,Samuel Cruz
3356,4393,2682,ajuste tecnico de diferencial y biela por falla detectada.,Finalizado,2026-03-08 00:00:00,2026-03-09 00:00:00,6149,Cliente informado,AKT,MT-07,Jose Ramirez,Luis Martinez
3357,2516,4849,mantenimiento preventivo en sensores de estacionamiento y turbo incluyendo ajuste final.,Finalizado,2026-03-05 00:00:00,2026-03-05 00:00:00,1224,Entregado,KTM,NKD 125,Carlos Mendoza,Oscar Reyes
3358,990,4098,correccion especializada de diagnostico y chequeo para mejorar rendimiento.,Finalizado,2026-03-07 00:00:00,2026-03-07 00:00:00,4851,Entregado,Bajaj,Apache RTR 200,Carlos Mendoza,Brayan Silva
3359,386,419,inspeccion avanzada de alineacion y alineacion debido a desgaste.,Finalizado,2026-03-19 00:00:00,2026-03-19 00:00:00,4515,Entregado,Suzuki,Duke 390,Jose Ramirez,Kevin Torres
3360,2499,4468,optimizacion del sistema calipers y gps segun solicitud del cliente.,Finalizado,2026-03-23 00:00:00,2026-03-24 00:00:00,4808,Entregado,Honda,Boxer 150,Carlos Mendoza,Henry Tellez
3361,3754,4308,revision completa de evaluacion y inspeccion por falla detectada.,Finalizado,2026-03-03 00:00:00,2026-03-03 00:00:00,5131,Cliente informado,TVS,NKD 125,Carlos Mendoza,Jose Ramirez
3362,1006,4633,inspeccion avanzada de ruido y test debido a desgaste.,Finalizado,2026-03-12 00:00:00,2026-03-15 00:00:00,3143,Entregado,Suzuki,GSX-R750,Jose Ramirez,Kevin Torres
3363,2466,4155,instalacion y calibracion de ciguenal y distribucion por falla detectada.,Finalizado,2026-03-21 00:00:00,2026-03-24 00:00:00,1573,Entregado,Yamaha,R15,Jose Ramirez,Fernando Herrera
3364,2314,1378,revision completa de filtro de aceite y chequeo y verificacion completa.,Finalizado,2026-03-08 00:00:00,2026-03-09 00:00:00,5961,Cliente informado,Bajaj,XR150L,Carlos Mendoza,Alexis Diaz
3365,4516,1341,optimizacion del sistema bujias y lubricacion para mejorar rendimiento.,Finalizado,2026-03-27 00:00:00,2026-03-31 00:00:00,6314,Entregado,Suzuki,FT150,Carlos Mendoza,Roberto Flores
3366,1728,4048,optimizacion del sistema chequeo y bujias con pruebas posteriores.,Finalizado,2026-03-24 00:00:00,2026-03-25 00:00:00,5759,Cliente informado,Kawasaki,Duke 390,Jose Ramirez,Roberto Flores
3367,4064,2203,inspeccion avanzada de embrague y ciguenal por falla detectada.,Finalizado,2026-03-21 00:00:00,2026-03-23 00:00:00,5793,Cliente informado,Italika,Pulsar NS200,Jose Ramirez,Samuel Cruz
3368,4404,3124,optimizacion del sistema luces y sistema electrico segun solicitud del cliente.,Finalizado,2026-03-18 00:00:00,2026-03-19 00:00:00,5382,Cliente informado,Italika,R15,Jose Ramirez,Kevin Torres
3369,2486,93,optimizacion del sistema sonido y gps para mejorar rendimiento.,Finalizado,2026-03-09 00:00:00,2026-03-11 00:00:00,5951,Cliente informado,Kawasaki,Duke 390,Carlos Mendoza,Brayan Silva
3370,1542,3918,revision completa de arbol de levas y chasis debido a desgaste.,En proceso,2026-03-18 00:00:00,2026-03-20 00:00:00,4152,Cliente informado,Yamaha,Ninja 400,Carlos Mendoza,Manuel Vargas
3371,3416,621,optimizacion del sistema sistema electrico y luces para mejorar rendimiento.,Finalizado,2026-03-26 00:00:00,2026-03-29 00:00:00,1241,Cliente informado,Suzuki,NKD 125,Carlos Mendoza,Luis Martinez
3372,2826,4263,diagnostico y reparacion de revision y revision y verificacion completa.,Finalizado,2026-03-18 00:00:00,2026-03-20 00:00:00,2456,Entregado,Italika,GSX-R750,Carlos Mendoza,Alexis Diaz
3373,3745,1361,inspeccion avanzada de culata y transmision segun solicitud del cliente.,Finalizado,2026-03-18 00:00:00,2026-03-21 00:00:00,517,Entregado,Kawasaki,Duke 390,Jose Ramirez,Brayan Silva
3374,3814,826,mantenimiento preventivo en filtro de aceite y revision incluyendo ajuste final.,Finalizado,2026-03-13 00:00:00,2026-03-14 00:00:00,5646,Cliente informado,Honda,Gixxer 250,Jose Ramirez,Roberto Flores
3375,2521,3314,revision completa de luces y motor de arranque por falla detectada.,Finalizado,2026-03-06 00:00:00,2026-03-08 00:00:00,5486,Entregado,Honda,GN125,Jose Ramirez,Henry Tellez
3376,4938,1938,correccion especializada de revision general y problema y verificacion completa.,Finalizado,2026-03-13 00:00:00,2026-03-16 00:00:00,3371,Cliente informado,Bajaj,RC 200,Jose Ramirez,Francisco Blandon
3377,1805,3628,mantenimiento preventivo en sensores de estacionamiento y sensores de estacionamiento incluyendo ajuste final.,Finalizado,2026-03-22 00:00:00,2026-03-23 00:00:00,4844,Cliente informado,AKT,DM200,Carlos Mendoza,Miguel Garcia
3378,1869,68,revision completa de ruido y chequeo con pruebas posteriores.,Finalizado,2026-03-14 00:00:00,2026-03-14 00:00:00,2758,Cliente informado,Kawasaki,Boxer 150,Carlos Mendoza,Henry Tellez
3379,4196,4672,servicio integral para alternador y sensores y verificacion completa.,Finalizado,2026-03-08 00:00:00,2026-03-09 00:00:00,1026,Cliente informado,Kawasaki,CBR 600RR,Carlos Mendoza,Alexis Diaz
3380,1904,4554,diagnostico y reparacion de biela y arbol de levas debido a desgaste.,Finalizado,2026-03-17 00:00:00,2026-03-20 00:00:00,5590,Cliente informado,Kawasaki,XR150L,Carlos Mendoza,Steven Rocha
3381,886,12,diagnostico y reparacion de evaluacion y falla por falla detectada.,Finalizado,2026-03-03 00:00:00,2026-03-03 00:00:00,5083,Entregado,Italika,Z650,Jose Ramirez,Samuel Cruz
3382,88,1038,mantenimiento preventivo en revision general y evaluacion incluyendo ajuste final.,Finalizado,2026-03-19 00:00:00,2026-03-22 00:00:00,687,Entregado,Suzuki,Ninja 400,Jose Ramirez,Brayan Silva
3383,312,4221,servicio integral para filtro de aceite y bujias incluyendo ajuste final.,Finalizado,2026-03-26 00:00:00,2026-03-28 00:00:00,4200,Entregado,Suzuki,Pulsar NS200,Jose Ramirez,Francisco Blandon
3384,2498,925,servicio integral para pistones y arbol de levas y verificacion completa.,Finalizado,2026-03-05 00:00:00,2026-03-05 00:00:00,5827,Cliente informado,TVS,R15,Jose Ramirez,Carlos Mendoza
3385,2855,1324,servicio integral para alineacion y filtro de aire para mejorar rendimiento.,Finalizado,2026-03-20 00:00:00,2026-03-24 00:00:00,5240,Cliente informado,Yamaha,CBR 600RR,Carlos Mendoza,Daniel Castillo
3386,4540,1036,ajuste tecnico de biela y carroceria incluyendo ajuste final.,Finalizado,2026-03-12 00:00:00,2026-03-12 00:00:00,3063,Entregado,Honda,Boxer 150,Carlos Mendoza,Miguel Garcia
3387,4154,4528,optimizacion del sistema carroceria y transmision debido a desgaste.,Finalizado,2026-03-08 00:00:00,2026-03-12 00:00:00,5993,Entregado,KTM,NKD 125,Carlos Mendoza,Kevin Torres
3388,3759,2943,diagnostico y reparacion de niveles y balanceo debido a desgaste.,Finalizado,2026-03-27 00:00:00,2026-03-31 00:00:00,4019,Cliente informado,Suzuki,MT-07,Carlos Mendoza,Daniel Castillo
3389,788,2774,inspeccion avanzada de bateria y cableado para mejorar rendimiento.,Finalizado,2026-03-07 00:00:00,2026-03-09 00:00:00,1741,Cliente informado,KTM,Z650,Jose Ramirez,Fernando Herrera
3390,1519,4024,servicio integral para bujias y lubricacion para mejorar rendimiento.,Finalizado,2026-03-03 00:00:00,2026-03-03 00:00:00,1396,Cliente informado,Honda,CB190R,Jose Ramirez,Brayan Silva
3391,2968,936,instalacion y calibracion de centralita y motor de arranque y verificacion completa.,Finalizado,2026-03-12 00:00:00,2026-03-13 00:00:00,815,Entregado,Italika,Apache RTR 200,Jose Ramirez,Juan Perez
3392,3425,4400,ajuste tecnico de reprogramacion y polarizado con pruebas posteriores.,Finalizado,2026-03-04 00:00:00,2026-03-04 00:00:00,899,Cliente informado,Yamaha,RC 200,Carlos Mendoza,Wilmer Soto
3393,2697,2328,inspeccion avanzada de actualizacion de software y calipers y verificacion completa.,Finalizado,2026-03-25 00:00:00,2026-03-25 00:00:00,4476,Entregado,TVS,Apache RTR 200,Carlos Mendoza,Eduardo Castro
3394,3909,2476,ajuste tecnico de revision y cambio de aceite debido a desgaste.,Finalizado,2026-02-28 00:00:00,2026-03-01 00:00:00,6287,Entregado,Kawasaki,Pulsar NS200,Jose Ramirez,Fernando Herrera
3395,1688,396,mantenimiento preventivo en filtro de aceite y lubricacion para mejorar rendimiento.,Finalizado,2026-03-23 00:00:00,2026-03-27 00:00:00,3475,Cliente informado,Yamaha,XR150L,Carlos Mendoza,Eduardo Castro
3396,4838,2954,ajuste tecnico de falla y test y verificacion completa.,Finalizado,2026-03-02 00:00:00,2026-03-05 00:00:00,3193,Entregado,KTM,Ninja 400,Carlos Mendoza,Carlos Mendoza
3397,394,2439,correccion especializada de fallo electrico y sistema electrico segun solicitud del cliente.,Finalizado,2026-03-27 00:00:00,2026-03-31 00:00:00,3125,Entregado,Suzuki,GN125,Jose Ramirez,Cristian Molina
3398,2887,4433,revision completa de evaluacion y test con pruebas posteriores.,Finalizado,2026-03-07 00:00:00,2026-03-09 00:00:00,2601,Entregado,AKT,MT-07,Carlos Mendoza,Alexis Diaz
3399,1006,4633,servicio integral para niveles y cambio de aceite y verificacion completa.,Finalizado,2026-03-12 00:00:00,2026-03-15 00:00:00,956,Entregado,Yamaha,Gixxer 250,Jose Ramirez,Julio Navarro
3400,567,904,revision completa de pintar carroceria y cambio color por falla detectada.,Finalizado,2026-03-11 00:00:00,2026-03-15 00:00:00,3492,Cliente informado,Bajaj,DM200,Carlos Mendoza,Juan Perez
3401,3061,4503,servicio integral para distribucion y distribucion incluyendo ajuste final.,Finalizado,2026-03-21 00:00:00,2026-03-22 00:00:00,6447,Cliente informado,Kawasaki,Z650,Carlos Mendoza,Mario Lopez
3402,4824,2599,correccion especializada de ruido y inspeccion debido a desgaste.,Finalizado,2026-03-20 00:00:00,2026-03-23 00:00:00,3735,Cliente informado,Yamaha,CB190R,Carlos Mendoza,Erick Gutierrez
3403,2119,2226,optimizacion del sistema pintar carroceria y modificacion para mejorar rendimiento.,Finalizado,2026-03-14 00:00:00,2026-03-17 00:00:00,1509,Cliente informado,Italika,FT150,Jose Ramirez,Francisco Blandon
3404,1732,3477,instalacion y calibracion de sistema electrico y fallo electrico para mejorar rendimiento.,Finalizado,2026-03-06 00:00:00,2026-03-10 00:00:00,2407,Cliente informado,Kawasaki,R15,Carlos Mendoza,Kevin Torres
3405,356,5311,diagnostico y reparacion de pistones y arbol de levas y verificacion completa.,Finalizado,2026-03-04 00:00:00,2026-03-08 00:00:00,3937,Entregado,Honda,MT-07,Jose Ramirez,Steven Rocha
3406,1346,4052,correccion especializada de evaluacion y ruido para mejorar rendimiento.,Finalizado,2026-03-27 00:00:00,2026-03-30 00:00:00,1308,Cliente informado,Italika,Pulsar NS200,Carlos Mendoza,Steven Rocha
3407,2661,786,correccion especializada de pantalla y sensores de estacionamiento y verificacion completa.,En proceso,2026-03-07 00:00:00,2026-03-09 00:00:00,5937,Cliente informado,Suzuki,NKD 125,Jose Ramirez,Juan Perez
3408,4808,2204,revision completa de niveles y niveles y verificacion completa.,Finalizado,2026-03-04 00:00:00,2026-03-07 00:00:00,1017,Entregado,Bajaj,DM200,Jose Ramirez,Julio Navarro
3409,1374,2616,ajuste tecnico de cromado y modificacion para mejorar rendimiento.,Finalizado,2026-03-22 00:00:00,2026-03-23 00:00:00,5569,Cliente informado,Suzuki,NKD 125,Jose Ramirez,Erick Gutierrez
3410,1406,2443,diagnostico y reparacion de distribucion y transmision para mejorar rendimiento.,Finalizado,2026-03-14 00:00:00,2026-03-15 00:00:00,4378,Entregado,Bajaj,CBR 600RR,Jose Ramirez,Roberto Flores
3411,4146,1331,revision completa de evaluacion y test incluyendo ajuste final.,Finalizado,2026-03-04 00:00:00,2026-03-06 00:00:00,1081,Entregado,Suzuki,Boxer 150,Carlos Mendoza,Roberto Flores
3412,4988,4827,mantenimiento preventivo en evaluacion y falla debido a desgaste.,Finalizado,2026-03-15 00:00:00,2026-03-19 00:00:00,921,Entregado,Yamaha,NKD 125,Jose Ramirez,Wilmer Soto
3413,3742,2443,servicio integral para sistema electrico y motor de arranque segun solicitud del cliente.,Finalizado,2026-03-27 00:00:00,2026-03-27 00:00:00,1539,Cliente informado,Honda,FZ16,Jose Ramirez,Samuel Cruz
3414,4823,1916,optimizacion del sistema chasis y embrague con pruebas posteriores.,Finalizado,2026-03-15 00:00:00,2026-03-16 00:00:00,1526,Entregado,Yamaha,R15,Carlos Mendoza,Carlos Mendoza
3415,2696,773,revision completa de transmision y bomba de agua debido a desgaste.,Finalizado,2026-03-19 00:00:00,2026-03-22 00:00:00,5437,Entregado,Italika,R15,Jose Ramirez,Alexis Diaz
3416,2851,2915,revision completa de revision y lubricacion con pruebas posteriores.,Finalizado,2026-03-20 00:00:00,2026-03-23 00:00:00,3989,Entregado,KTM,CB190R,Carlos Mendoza,Erick Gutierrez
3417,1374,2616,revision completa de suspension y transmision incluyendo ajuste final.,Finalizado,2026-03-22 00:00:00,2026-03-23 00:00:00,5874,Cliente informado,Suzuki,Gixxer 250,Jose Ramirez,Francisco Blandon
3418,2855,1324,instalacion y calibracion de niveles y alineacion debido a desgaste.,Finalizado,2026-03-20 00:00:00,2026-03-24 00:00:00,1179,Cliente informado,Suzuki,DM200,Carlos Mendoza,Javier Morales
3419,2030,4933,mantenimiento preventivo en bateria y fallo electrico y verificacion completa.,Finalizado,2026-03-09 00:00:00,2026-03-11 00:00:00,6341,Entregado,AKT,CB190R,Carlos Mendoza,Eduardo Castro
3420,2520,817,optimizacion del sistema eje y culata por falla detectada.,Finalizado,2026-03-05 00:00:00,2026-03-09 00:00:00,1029,Entregado,Bajaj,Apache RTR 200,Jose Ramirez,Javier Morales
3421,1898,4483,servicio integral para escape deportivo y modificacion incluyendo ajuste final.,Finalizado,2026-03-18 00:00:00,2026-03-22 00:00:00,718,Entregado,Honda,GSX-R750,Carlos Mendoza,Juan Perez
3422,4395,2737,inspeccion avanzada de cableado y encendido debido a desgaste.,Finalizado,2026-03-15 00:00:00,2026-03-17 00:00:00,5487,Entregado,Yamaha,FZ16,Carlos Mendoza,Kevin Torres
3423,1220,1932,mantenimiento preventivo en direccion y chasis segun solicitud del cliente.,Finalizado,2026-03-29 00:00:00,2026-03-30 00:00:00,3258,Cliente informado,Bajaj,FZ16,Jose Ramirez,Cristian Molina
3424,3278,2437,instalacion y calibracion de filtro de aceite y bujias con pruebas posteriores.,Finalizado,2026-03-03 00:00:00,2026-03-03 00:00:00,6310,Cliente informado,Honda,RC 200,Carlos Mendoza,Erick Gutierrez
3425,2153,4349,servicio integral para radiador y caja de cambios incluyendo ajuste final.,Finalizado,2026-03-25 00:00:00,2026-03-28 00:00:00,4471,Cliente informado,KTM,RC 200,Jose Ramirez,Wilmer Soto
3426,1007,3991,revision completa de eje y diferencial debido a desgaste.,Finalizado,2026-03-11 00:00:00,2026-03-14 00:00:00,5196,Entregado,KTM,Ninja 400,Carlos Mendoza,Daniel Castillo
3427,1368,3976,ajuste tecnico de calipers y calipers incluyendo ajuste final.,Finalizado,2026-03-08 00:00:00,2026-03-10 00:00:00,2154,Entregado,AKT,Boxer 150,Carlos Mendoza,Henry Tellez
3428,3435,2139,inspeccion avanzada de caja de cambios y embrague segun solicitud del cliente.,Finalizado,2026-03-03 00:00:00,2026-03-06 00:00:00,3778,Cliente informado,KTM,FT150,Carlos Mendoza,Cristian Molina
3429,892,4236,revision completa de suspension y amortiguadores para mejorar rendimiento.,Finalizado,2026-03-04 00:00:00,2026-03-05 00:00:00,6255,Cliente informado,KTM,FT150,Carlos Mendoza,Steven Rocha
3430,1064,2683,ajuste tecnico de sensores y sistema electrico para mejorar rendimiento.,Entregado,2026-03-08 00:00:00,2026-03-12 00:00:00,1581,Cliente informado,Kawasaki,R15,Jose Ramirez,Brayan Silva
3431,4738,4912,ajuste tecnico de filtro de aire y niveles segun solicitud del cliente.,Finalizado,2026-03-01 00:00:00,2026-03-03 00:00:00,4993,Cliente informado,Kawasaki,Ninja 400,Jose Ramirez,Oscar Reyes
3432,1040,5177,revision completa de ciguenal y suspension con pruebas posteriores.,Finalizado,2026-03-17 00:00:00,2026-03-21 00:00:00,693,Entregado,Suzuki,GSX-R750,Jose Ramirez,Daniel Castillo
3433,4222,1635,correccion especializada de cableado y luces con pruebas posteriores.,En proceso,2026-03-10 00:00:00,2026-03-10 00:00:00,4209,Entregado,Suzuki,GN125,Jose Ramirez,Alexis Diaz
3434,1693,1184,mantenimiento preventivo en bujias y revision por falla detectada.,Finalizado,2026-03-16 00:00:00,2026-03-20 00:00:00,2263,Entregado,Honda,Apache RTR 200,Jose Ramirez,Juan Perez
3435,1650,2517,diagnostico y reparacion de camara y camara debido a desgaste.,Finalizado,2026-03-10 00:00:00,2026-03-11 00:00:00,6253,Cliente informado,Yamaha,XR150L,Jose Ramirez,Javier Morales
3436,2282,5037,revision completa de arbol de levas y transmision segun solicitud del cliente.,Finalizado,2026-03-24 00:00:00,2026-03-28 00:00:00,4270,Cliente informado,Yamaha,Apache RTR 200,Jose Ramirez,Mario Lopez
3437,1519,5237,inspeccion avanzada de polarizado y fibra de carbono con pruebas posteriores.,Finalizado,2026-03-18 00:00:00,2026-03-22 00:00:00,2555,Cliente informado,Italika,Boxer 150,Carlos Mendoza,Fernando Herrera
3438,2125,3015,ajuste tecnico de revision general y inspeccion segun solicitud del cliente.,Finalizado,2026-03-26 00:00:00,2026-03-27 00:00:00,923,Entregado,Kawasaki,RC 200,Jose Ramirez,Jose Ramirez
3439,3284,2324,servicio integral para filtro de aire y cambio de aceite con pruebas posteriores.,Finalizado,2026-03-16 00:00:00,2026-03-17 00:00:00,853,Cliente informado,Suzuki,CB190R,Carlos Mendoza,Andres Ruiz
3440,4223,2008,servicio integral para evaluacion y evaluacion incluyendo ajuste final.,Finalizado,2026-03-19 00:00:00,2026-03-09 00:00:00,2746,Entregado,Bajaj,Gixxer 250,Carlos Mendoza,Edwin Chavez
3441,251,4162,revision completa de evaluacion y revision general con pruebas posteriores.,Finalizado,2026-03-08 00:00:00,2026-02-26 00:00:00,4166,Entregado,TVS,R15,Jose Ramirez,Francisco Blandon
3442,353,761,revision completa de cromado y luces led para mejorar rendimiento.,Finalizado,2026-03-28 00:00:00,2026-04-01 00:00:00,6432,Cliente informado,Suzuki,XR150L,Jose Ramirez,Andres Ruiz
3443,135,606,optimizacion del sistema diferencial y eje para mejorar rendimiento.,Finalizado,2026-03-14 00:00:00,2026-03-15 00:00:00,2900,Entregado,Italika,NKD 125,Jose Ramirez,Brayan Silva
3444,4158,3606,inspeccion avanzada de chequeo y cambio de aceite segun solicitud del cliente.,Finalizado,2026-03-02 00:00:00,2026-03-04 00:00:00,2301,Entregado,Suzuki,DM200,Carlos Mendoza,Wilmer Soto
3445,52,2859,revision completa de cableado y centralita con pruebas posteriores.,Finalizado,2026-03-29 00:00:00,2026-03-30 00:00:00,826,Cliente informado,Kawasaki,FT150,Jose Ramirez,Steven Rocha
3446,2414,5134,diagnostico y reparacion de motor de arranque y sistema electrico y verificacion completa.,Finalizado,2026-03-17 00:00:00,2026-03-21 00:00:00,777,Entregado,AKT,MT-07,Jose Ramirez,Edwin Chavez
3447,4884,1811,ajuste tecnico de cambio de aceite y balanceo segun solicitud del cliente.,Finalizado,2026-03-01 00:00:00,2026-03-05 00:00:00,5623,Entregado,Bajaj,R15,Jose Ramirez,Miguel Garcia
3448,2051,2867,servicio integral para motor de arranque y alternador para mejorar rendimiento.,Finalizado,2026-03-07 00:00:00,2026-03-11 00:00:00,5779,Cliente informado,Honda,Pulsar NS200,Jose Ramirez,Erick Gutierrez
3449,925,4821,revision completa de encendido y encendido con pruebas posteriores.,Finalizado,2026-03-05 00:00:00,2026-03-08 00:00:00,4006,Cliente informado,Suzuki,Z650,Carlos Mendoza,Roberto Flores
3450,1649,773,diagnostico y reparacion de centralita y cableado para mejorar rendimiento.,Finalizado,2026-03-16 00:00:00,2026-03-16 00:00:00,745,Entregado,Kawasaki,XR150L,Jose Ramirez,Javier Morales
3451,3031,3545,diagnostico y reparacion de test y escaneo por falla detectada.,Finalizado,2026-03-15 00:00:00,2026-03-05 00:00:00,5878,Cliente informado,Yamaha,DM200,Carlos Mendoza,Miguel Garcia
3452,779,4081,optimizacion del sistema inspeccion y chequeo y verificacion completa.,Finalizado,2026-03-10 00:00:00,2026-03-12 00:00:00,2299,Cliente informado,Bajaj,Z650,Carlos Mendoza,Henry Tellez
3453,3416,621,revision completa de bateria y alternador segun solicitud del cliente.,Finalizado,2026-03-26 00:00:00,2026-03-29 00:00:00,5705,Cliente informado,Suzuki,NKD 125,Jose Ramirez,Mario Lopez
3454,905,2923,servicio integral para diagnostico y chequeo y verificacion completa.,Finalizado,2026-03-10 00:00:00,2026-03-11 00:00:00,3132,Entregado,Honda,FT150,Jose Ramirez,Victor Rivas
3455,3688,429,correccion especializada de falla y ruido y verificacion completa.,Finalizado,2026-03-01 00:00:00,2026-03-04 00:00:00,1924,Cliente informado,Bajaj,Apache RTR 200,Jose Ramirez,Daniel Castillo
3456,136,3821,revision completa de cambio de aceite y balanceo debido a desgaste.,Finalizado,2026-03-15 00:00:00,2026-03-16 00:00:00,5549,Cliente informado,Yamaha,CBR 600RR,Carlos Mendoza,Roberto Flores
3457,1616,1055,revision completa de sistema electrico y bateria y verificacion completa.,Finalizado,2026-03-18 00:00:00,2026-03-19 00:00:00,4247,Entregado,Yamaha,R15,Jose Ramirez,Roberto Flores
3458,2739,78,inspeccion avanzada de motor de arranque y fallo electrico y verificacion completa.,Finalizado,2026-03-19 00:00:00,2026-03-09 00:00:00,5455,Entregado,AKT,Z650,Jose Ramirez,Mario Lopez
3459,4522,4978,diagnostico y reparacion de sistema electrico y motor de arranque por falla detectada.,Finalizado,2026-03-11 00:00:00,2026-03-11 00:00:00,3648,Entregado,Kawasaki,GSX-R750,Carlos Mendoza,Javier Morales
3460,2225,1079,servicio integral para fallo electrico y alternador y verificacion completa.,Finalizado,2026-03-11 00:00:00,2026-03-01 00:00:00,2384,Entregado,Honda,FT150,Jose Ramirez,Erick Gutierrez
3461,2021,167,ajuste tecnico de luces y motor de arranque debido a desgaste.,Finalizado,2026-03-21 00:00:00,2026-03-24 00:00:00,6138,Entregado,Italika,GSX-R750,Carlos Mendoza,Daniel Castillo
3462,1981,5026,instalacion y calibracion de bomba de agua y motor por falla detectada.,Finalizado,2026-03-04 00:00:00,2026-03-07 00:00:00,531,Cliente informado,KTM,Ninja 400,Jose Ramirez,Cristian Molina
3463,1542,4580,servicio integral para diferencial y frenos segun solicitud del cliente.,Finalizado,2026-03-18 00:00:00,2026-03-19 00:00:00,1748,Cliente informado,KTM,MT-07,Jose Ramirez,Manuel Vargas
3464,1285,565,optimizacion del sistema test y falla con pruebas posteriores.,Finalizado,2026-03-06 00:00:00,2026-02-24 00:00:00,4006,Entregado,AKT,FT150,Carlos Mendoza,Julio Navarro
3465,2120,2144,inspeccion avanzada de diagnostico y revision general incluyendo ajuste final.,Finalizado,2026-03-25 00:00:00,2026-03-26 00:00:00,5406,Entregado,Honda,Boxer 150,Carlos Mendoza,Oscar Reyes
3466,836,1612,optimizacion del sistema ruido y diagnostico incluyendo ajuste final.,Finalizado,2026-03-13 00:00:00,2026-03-17 00:00:00,4969,Cliente informado,Italika,Pulsar NS200,Carlos Mendoza,Mario Lopez
3467,295,2179,ajuste tecnico de sistema electrico y fallo electrico debido a desgaste.,En proceso,2026-03-25 00:00:00,2026-03-26 00:00:00,2369,Entregado,KTM,Z650,Jose Ramirez,Mario Lopez
3468,1009,3494,ajuste tecnico de suspension y carroceria segun solicitud del cliente.,Finalizado,2026-03-14 00:00:00,2026-03-17 00:00:00,2711,Entregado,Kawasaki,Duke 390,Carlos Mendoza,Javier Morales
3469,2852,4691,mantenimiento preventivo en revision y revision para mejorar rendimiento.,Finalizado,2026-03-03 00:00:00,2026-03-05 00:00:00,1067,Cliente informado,Suzuki,Apache RTR 200,Carlos Mendoza,Eduardo Castro
3470,2226,1021,instalacion y calibracion de arbol de levas y motor y verificacion completa.,Finalizado,2026-03-25 00:00:00,2026-03-25 00:00:00,1779,Entregado,Yamaha,Pulsar NS200,Jose Ramirez,Eduardo Castro
3471,4709,4253,revision completa de bujias y cambio de aceite por falla detectada.,Finalizado,2026-03-03 00:00:00,2026-03-05 00:00:00,2018,Entregado,Honda,Ninja 400,Jose Ramirez,Javier Morales
3472,2301,2406,correccion especializada de personalizacion y actualizacion de software segun solicitud del cliente.,Finalizado,2026-03-13 00:00:00,2026-03-14 00:00:00,1393,Entregado,Italika,MT-07,Jose Ramirez,Andres Ruiz
3473,1966,1739,mantenimiento preventivo en revision general y problema segun solicitud del cliente.,Finalizado,2026-03-07 00:00:00,2026-03-10 00:00:00,2115,Entregado,TVS,NKD 125,Jose Ramirez,Edwin Chavez
3474,1006,4633,diagnostico y reparacion de sensores y cableado incluyendo ajuste final.,Finalizado,2026-03-12 00:00:00,2026-03-15 00:00:00,2890,Entregado,Suzuki,Apache RTR 200,Jose Ramirez,Juan Perez
3475,3768,3163,instalacion y calibracion de filtro de aceite y lubricacion segun solicitud del cliente.,Finalizado,2026-03-18 00:00:00,2026-03-21 00:00:00,1670,Entregado,Honda,CBR 600RR,Jose Ramirez,Cristian Molina
3476,709,1627,revision completa de lubricacion y balanceo para mejorar rendimiento.,Finalizado,2026-03-12 00:00:00,2026-03-15 00:00:00,932,Cliente informado,Bajaj,Z650,Carlos Mendoza,Andres Ruiz
3477,3642,3490,ajuste tecnico de alternador y centralita segun solicitud del cliente.,Finalizado,2026-03-20 00:00:00,2026-03-24 00:00:00,3222,Entregado,KTM,Z650,Jose Ramirez,Brayan Silva
3478,108,725,instalacion y calibracion de diagnostico y revision general debido a desgaste.,Finalizado,2026-03-04 00:00:00,2026-03-04 00:00:00,1423,Entregado,Bajaj,Boxer 150,Carlos Mendoza,Carlos Mendoza
3479,794,2564,revision completa de escaneo y escaneo con pruebas posteriores.,Finalizado,2026-03-05 00:00:00,2026-03-06 00:00:00,1214,Cliente informado,KTM,Duke 390,Carlos Mendoza,Jose Ramirez
3480,4395,2737,diagnostico y reparacion de biela y caja de cambios incluyendo ajuste final.,Finalizado,2026-03-15 00:00:00,2026-03-17 00:00:00,6430,Entregado,Italika,Boxer 150,Carlos Mendoza,Manuel Vargas
3481,3066,3855,ajuste tecnico de encendido y luces debido a desgaste.,Finalizado,2026-03-26 00:00:00,2026-03-29 00:00:00,5716,Entregado,Bajaj,XR150L,Jose Ramirez,Daniel Castillo
3482,4993,5047,diagnostico y reparacion de balanceo y balanceo incluyendo ajuste final.,Finalizado,2026-03-18 00:00:00,2026-03-19 00:00:00,4165,Entregado,Kawasaki,Z650,Carlos Mendoza,Daniel Castillo
3483,3535,3808,inspeccion avanzada de revision general y diagnostico por falla detectada.,Finalizado,2026-03-10 00:00:00,2026-03-14 00:00:00,5822,Cliente informado,Yamaha,Z650,Carlos Mendoza,Erick Gutierrez
3484,4274,5268,revision completa de pistones y caja de cambios para mejorar rendimiento.,Finalizado,2026-03-03 00:00:00,2026-03-06 00:00:00,3824,Cliente informado,KTM,CBR 600RR,Jose Ramirez,Javier Morales
3485,4189,1256,ajuste tecnico de pintar carroceria y gps incluyendo ajuste final.,Finalizado,2026-03-25 00:00:00,2026-03-15 00:00:00,4541,Cliente informado,AKT,DM200,Jose Ramirez,Javier Morales
3486,664,2543,revision completa de pistones y eje y verificacion completa.,Finalizado,2026-02-28 00:00:00,2026-02-28 00:00:00,5768,Cliente informado,Italika,FT150,Carlos Mendoza,Steven Rocha
3487,3697,3606,ajuste tecnico de diagnostico y inspeccion y verificacion completa.,Finalizado,2026-03-12 00:00:00,2026-03-14 00:00:00,3571,Entregado,Bajaj,MT-07,Jose Ramirez,Roberto Flores
3488,1317,4365,mantenimiento preventivo en falla y diagnostico incluyendo ajuste final.,Finalizado,2026-03-22 00:00:00,2026-03-22 00:00:00,3770,Cliente informado,Suzuki,FZ16,Jose Ramirez,Erick Gutierrez
3489,4317,5047,correccion especializada de direccion y pistones para mejorar rendimiento.,Finalizado,2026-03-17 00:00:00,2026-03-18 00:00:00,3856,Cliente informado,Honda,NKD 125,Carlos Mendoza,Wilmer Soto
3490,3839,3244,ajuste tecnico de transmision y diferencial incluyendo ajuste final.,Finalizado,2026-03-21 00:00:00,2026-03-25 00:00:00,2722,Cliente informado,Honda,Pulsar NS200,Carlos Mendoza,Samuel Cruz
3491,2303,2554,revision completa de chasis y arbol de levas segun solicitud del cliente.,Finalizado,2026-03-07 00:00:00,2026-03-10 00:00:00,3601,Cliente informado,KTM,Ninja 400,Jose Ramirez,Wilmer Soto
3492,357,301,correccion especializada de chequeo y ruido por falla detectada.,Finalizado,2026-03-24 00:00:00,2026-03-24 00:00:00,5035,Cliente informado,Kawasaki,Gixxer 250,Carlos Mendoza,Eduardo Castro
3493,4902,4493,instalacion y calibracion de cambio de aceite y cambio de aceite por falla detectada.,Finalizado,2026-03-06 00:00:00,2026-03-10 00:00:00,3038,Entregado,KTM,Apache RTR 200,Carlos Mendoza,Cristian Molina
3494,1273,3166,optimizacion del sistema cableado y motor de arranque con pruebas posteriores.,Finalizado,2026-03-01 00:00:00,2026-03-02 00:00:00,3313,Entregado,Bajaj,XR150L,Jose Ramirez,Mario Lopez
3495,3463,4494,diagnostico y reparacion de lubricacion y alineacion segun solicitud del cliente.,Finalizado,2026-03-24 00:00:00,2026-03-28 00:00:00,1290,Entregado,Yamaha,Apache RTR 200,Carlos Mendoza,Julio Navarro
3496,282,1951,inspeccion avanzada de eje y caja de cambios para mejorar rendimiento.,Finalizado,2026-03-25 00:00:00,2026-03-15 00:00:00,518,Entregado,Honda,RC 200,Jose Ramirez,Javier Morales
3497,4404,4099,diagnostico y reparacion de fibra de carbono y cromado debido a desgaste.,En proceso,2026-03-19 00:00:00,2026-03-22 00:00:00,4909,Cliente informado,Suzuki,Pulsar NS200,Jose Ramirez,Jose Ramirez
3498,2851,2915,revision completa de actualizacion de software y cromado con pruebas posteriores.,Finalizado,2026-03-20 00:00:00,2026-03-23 00:00:00,3346,Entregado,TVS,RC 200,Jose Ramirez,Edwin Chavez
3499,3795,4808,inspeccion avanzada de sistema electrico y sistema electrico y verificacion completa.,Finalizado,2026-03-05 00:00:00,2026-03-05 00:00:00,4481,Cliente informado,AKT,R15,Carlos Mendoza,Miguel Garcia
3500,2934,5128,ajuste tecnico de escaneo y falla y verificacion completa.,Finalizado,2026-03-04 00:00:00,2026-02-22 00:00:00,5883,Entregado,AKT,CB190R,Jose Ramirez,Erick Gutierrez
3501,1304,1900,correccion especializada de alternador y luces y verificacion completa.,Finalizado,2026-03-01 00:00:00,2026-03-04 00:00:00,4889,Entregado,Italika,R15,Jose Ramirez,Juan Perez
3502,2263,3844,revision completa de vinilado y audio y verificacion completa.,Finalizado,2026-03-23 00:00:00,2026-03-23 00:00:00,531,Entregado,Suzuki,DM200,Jose Ramirez,Julio Navarro
3503,836,1612,inspeccion avanzada de ruido y ruido con pruebas posteriores.,Finalizado,2026-03-13 00:00:00,2026-03-17 00:00:00,5652,Cliente informado,Honda,CB190R,Jose Ramirez,Luis Martinez
3504,892,4236,instalacion y calibracion de fallo electrico y centralita con pruebas posteriores.,Finalizado,2026-03-04 00:00:00,2026-03-05 00:00:00,4502,Cliente informado,Bajaj,FZ16,Jose Ramirez,Mario Lopez
3505,3841,4136,revision completa de suspension y suspension segun solicitud del cliente.,En proceso,2026-03-09 00:00:00,2026-03-12 00:00:00,1163,Cliente informado,Suzuki,GN125,Jose Ramirez,Kevin Torres
3506,4271,4746,instalacion y calibracion de carroceria y culata y verificacion completa.,Finalizado,2026-03-21 00:00:00,2026-03-25 00:00:00,5722,Entregado,Honda,Duke 390,Carlos Mendoza,Manuel Vargas
3507,1412,1400,correccion especializada de chequeo y cambio de aceite y verificacion completa.,Finalizado,2026-03-05 00:00:00,2026-03-07 00:00:00,3159,Entregado,KTM,XR150L,Carlos Mendoza,Erick Gutierrez
3508,151,2399,revision completa de aleron y camara para mejorar rendimiento.,Finalizado,2026-03-23 00:00:00,2026-03-26 00:00:00,1126,Cliente informado,Yamaha,Gixxer 250,Carlos Mendoza,Fernando Herrera
3509,1040,5177,servicio integral para cambio de aceite y filtro de aceite por falla detectada.,Finalizado,2026-03-17 00:00:00,2026-03-21 00:00:00,4171,Entregado,KTM,Boxer 150,Carlos Mendoza,Samuel Cruz
3510,3425,4400,revision completa de niveles y niveles con pruebas posteriores.,Finalizado,2026-03-04 00:00:00,2026-03-04 00:00:00,867,Cliente informado,Kawasaki,Z650,Carlos Mendoza,Victor Rivas
3511,2934,5128,instalacion y calibracion de sensores de estacionamiento y cambio color incluyendo ajuste final.,Finalizado,2026-03-04 00:00:00,2026-02-22 00:00:00,6088,Entregado,Suzuki,Apache RTR 200,Jose Ramirez,Edwin Chavez
3512,1344,1765,mantenimiento preventivo en chequeo y escaneo segun solicitud del cliente.,Finalizado,2026-03-09 00:00:00,2026-03-13 00:00:00,1088,Cliente informado,Suzuki,NKD 125,Jose Ramirez,Cristian Molina
3513,1274,4766,revision completa de inspeccion y evaluacion con pruebas posteriores.,Finalizado,2026-03-09 00:00:00,2026-03-09 00:00:00,2705,Entregado,KTM,Z650,Carlos Mendoza,Daniel Castillo
3514,2030,4933,optimizacion del sistema bujias y alineacion incluyendo ajuste final.,Finalizado,2026-03-09 00:00:00,2026-03-11 00:00:00,6171,Entregado,KTM,NKD 125,Jose Ramirez,Wilmer Soto
3515,3517,3276,revision completa de vinilado y polarizado segun solicitud del cliente.,Finalizado,2026-03-01 00:00:00,2026-03-02 00:00:00,6156,Cliente informado,Honda,Pulsar NS200,Jose Ramirez,Francisco Blandon
3516,1478,3089,ajuste tecnico de amortiguadores y suspension con pruebas posteriores.,Finalizado,2026-03-03 00:00:00,2026-03-06 00:00:00,4883,Entregado,Yamaha,Gixxer 250,Carlos Mendoza,Miguel Garcia
3517,310,1255,correccion especializada de frenos y radiador para mejorar rendimiento.,En proceso,2026-03-18 00:00:00,2026-03-19 00:00:00,5380,Entregado,KTM,FZ16,Jose Ramirez,Brayan Silva
3518,1847,4268,ajuste tecnico de escape deportivo y vinilado incluyendo ajuste final.,Finalizado,2026-03-24 00:00:00,2026-03-26 00:00:00,4414,Entregado,Yamaha,Gixxer 250,Jose Ramirez,Mario Lopez
3519,1861,2878,optimizacion del sistema chequeo y bujias con pruebas posteriores.,Finalizado,2026-03-08 00:00:00,2026-03-08 00:00:00,2352,Entregado,Yamaha,Boxer 150,Carlos Mendoza,Erick Gutierrez
3520,3615,2346,servicio integral para niveles y filtro de aire por falla detectada.,Finalizado,2026-03-20 00:00:00,2026-03-21 00:00:00,5053,Entregado,Italika,MT-07,Carlos Mendoza,Eduardo Castro
3521,2268,104,revision completa de encendido y sistema electrico debido a desgaste.,Finalizado,2026-03-03 00:00:00,2026-03-07 00:00:00,1803,Entregado,AKT,Gixxer 250,Jose Ramirez,Francisco Blandon
3522,3035,4531,revision completa de inspeccion y ruido con pruebas posteriores.,Entregado,2026-03-18 00:00:00,2026-03-18 00:00:00,5067,Cliente informado,Suzuki,MT-07,Jose Ramirez,Erick Gutierrez
3523,2497,3063,diagnostico y reparacion de lubricacion y cambio de aceite y verificacion completa.,Finalizado,2026-03-06 00:00:00,2026-03-08 00:00:00,2608,Cliente informado,AKT,FT150,Carlos Mendoza,Eduardo Castro
3524,845,4467,optimizacion del sistema fallo electrico y fallo electrico incluyendo ajuste final.,Finalizado,2026-03-05 00:00:00,2026-03-05 00:00:00,546,Entregado,AKT,Pulsar NS200,Carlos Mendoza,Kevin Torres
3525,1610,3118,instalacion y calibracion de cambio de aceite y chequeo para mejorar rendimiento.,Finalizado,2026-03-16 00:00:00,2026-03-06 00:00:00,844,Entregado,Honda,FT150,Carlos Mendoza,Roberto Flores
3526,1491,2399,diagnostico y reparacion de chequeo y escaneo debido a desgaste.,Finalizado,2026-02-28 00:00:00,2026-03-04 00:00:00,4611,Cliente informado,Suzuki,MT-07,Jose Ramirez,Francisco Blandon
3527,3435,2139,ajuste tecnico de filtro de aceite y cambio de aceite debido a desgaste.,Finalizado,2026-03-03 00:00:00,2026-03-06 00:00:00,3446,Cliente informado,Yamaha,CB190R,Jose Ramirez,Henry Tellez
3528,783,192,optimizacion del sistema sensores y alternador con pruebas posteriores.,Finalizado,2026-03-01 00:00:00,2026-03-04 00:00:00,4571,Cliente informado,Yamaha,FT150,Carlos Mendoza,Steven Rocha
3529,632,3003,instalacion y calibracion de evaluacion y falla debido a desgaste.,Finalizado,2026-03-13 00:00:00,2026-03-14 00:00:00,2571,Cliente informado,Italika,DM200,Jose Ramirez,Samuel Cruz
3530,4415,656,optimizacion del sistema distribucion y diferencial segun solicitud del cliente.,Finalizado,2026-03-01 00:00:00,2026-03-03 00:00:00,4741,Entregado,TVS,FZ16,Carlos Mendoza,Luis Martinez
3531,3223,4360,mantenimiento preventivo en escaneo y diagnostico debido a desgaste.,Finalizado,2026-03-01 00:00:00,2026-03-05 00:00:00,4454,Cliente informado,Suzuki,FZ16,Jose Ramirez,Francisco Blandon
3532,2546,4762,optimizacion del sistema encendido y alternador incluyendo ajuste final.,Finalizado,2026-03-13 00:00:00,2026-03-17 00:00:00,1519,Cliente informado,Suzuki,CB190R,Jose Ramirez,Wilmer Soto
3533,2266,4726,servicio integral para amortiguadores y bomba de agua debido a desgaste.,Finalizado,2026-03-29 00:00:00,2026-03-19 00:00:00,5588,Cliente informado,Italika,Apache RTR 200,Jose Ramirez,Steven Rocha
3534,1681,1471,ajuste tecnico de inspeccion y diagnostico por falla detectada.,Finalizado,2026-03-26 00:00:00,2026-03-26 00:00:00,4194,Entregado,Yamaha,Ninja 400,Jose Ramirez,Andres Ruiz
3535,415,4165,revision completa de sensores y encendido con pruebas posteriores.,Finalizado,2026-03-22 00:00:00,2026-03-26 00:00:00,4923,Cliente informado,Kawasaki,CBR 600RR,Carlos Mendoza,Roberto Flores
3536,2851,2915,ajuste tecnico de sistema electrico y centralita para mejorar rendimiento.,Finalizado,2026-03-20 00:00:00,2026-03-23 00:00:00,4866,Entregado,Kawasaki,NKD 125,Carlos Mendoza,Andres Ruiz
3537,4196,4672,correccion especializada de filtro de aceite y balanceo y verificacion completa.,Finalizado,2026-03-08 00:00:00,2026-03-09 00:00:00,667,Cliente informado,Honda,NKD 125,Jose Ramirez,Steven Rocha
3538,3484,5027,diagnostico y reparacion de chip y polarizado debido a desgaste.,Finalizado,2026-03-05 00:00:00,2026-02-23 00:00:00,5632,Cliente informado,AKT,Ninja 400,Jose Ramirez,Edwin Chavez
3539,1069,3715,correccion especializada de chequeo y revision incluyendo ajuste final.,Finalizado,2026-03-08 00:00:00,2026-03-12 00:00:00,1646,Entregado,Suzuki,Pulsar NS200,Jose Ramirez,Roberto Flores
3540,135,3855,revision completa de chequeo y escaneo incluyendo ajuste final.,Finalizado,2026-03-19 00:00:00,2026-03-09 00:00:00,2312,Entregado,Suzuki,DM200,Jose Ramirez,Erick Gutierrez
3541,4823,1916,instalacion y calibracion de alineacion y alineacion por falla detectada.,Finalizado,2026-03-15 00:00:00,2026-03-16 00:00:00,2216,Entregado,Honda,MT-07,Carlos Mendoza,Steven Rocha
3542,3675,5149,instalacion y calibracion de luces led y sonido y verificacion completa.,Finalizado,2026-03-01 00:00:00,2026-03-04 00:00:00,2885,Cliente informado,Suzuki,MT-07,Jose Ramirez,Juan Perez
3543,2277,2131,inspeccion avanzada de chequeo y alineacion por falla detectada.,Entregado,2026-03-23 00:00:00,2026-03-26 00:00:00,4609,Entregado,Bajaj,XR150L,Jose Ramirez,Roberto Flores
3544,2023,3306,optimizacion del sistema luces y sistema electrico para mejorar rendimiento.,Finalizado,2026-03-04 00:00:00,2026-03-05 00:00:00,3839,Cliente informado,Italika,FT150,Carlos Mendoza,Victor Rivas
3545,3001,2769,diagnostico y reparacion de radiador y transmision con pruebas posteriores.,Finalizado,2026-03-21 00:00:00,2026-03-23 00:00:00,726,Cliente informado,Yamaha,R15,Carlos Mendoza,Julio Navarro
3546,2916,429,inspeccion avanzada de evaluacion y falla incluyendo ajuste final.,Finalizado,2026-03-14 00:00:00,2026-03-15 00:00:00,5312,Entregado,Suzuki,MT-07,Jose Ramirez,Manuel Vargas
3547,2546,429,servicio integral para ciguenal y suspension debido a desgaste.,Finalizado,2026-03-08 00:00:00,2026-03-10 00:00:00,6161,Cliente informado,Italika,FZ16,Jose Ramirez,Roberto Flores
3548,783,192,optimizacion del sistema luces y sistema electrico para mejorar rendimiento.,Finalizado,2026-03-01 00:00:00,2026-03-04 00:00:00,2209,Cliente informado,Yamaha,CBR 600RR,Jose Ramirez,Wilmer Soto
3549,4203,3044,diagnostico y reparacion de bujias y cambio de aceite debido a desgaste.,Finalizado,2026-03-19 00:00:00,2026-03-22 00:00:00,2320,Entregado,Bajaj,CBR 600RR,Jose Ramirez,Edwin Chavez
3550,134,2305,diagnostico y reparacion de polarizado y aleron para mejorar rendimiento.,Finalizado,2026-03-21 00:00:00,2026-03-21 00:00:00,4218,Cliente informado,Yamaha,GSX-R750,Carlos Mendoza,Javier Morales
3551,575,5077,servicio integral para niveles y lubricacion para mejorar rendimiento.,Finalizado,2026-03-22 00:00:00,2026-03-22 00:00:00,4283,Cliente informado,Italika,Boxer 150,Jose Ramirez,Samuel Cruz
3552,3517,3276,mantenimiento preventivo en falla y ruido para mejorar rendimiento.,Finalizado,2026-03-01 00:00:00,2026-03-02 00:00:00,5285,Cliente informado,AKT,Ninja 400,Carlos Mendoza,Wilmer Soto
3553,1193,2853,diagnostico y reparacion de bateria y luces para mejorar rendimiento.,Finalizado,2026-03-16 00:00:00,2026-03-16 00:00:00,2039,Entregado,Kawasaki,Boxer 150,Jose Ramirez,Carlos Mendoza
3554,1754,4107,inspeccion avanzada de radiador y direccion segun solicitud del cliente.,Finalizado,2026-03-03 00:00:00,2026-03-07 00:00:00,4895,Entregado,Italika,Pulsar NS200,Jose Ramirez,Fernando Herrera
3555,3886,418,optimizacion del sistema sensores y sensores debido a desgaste.,Finalizado,2026-03-18 00:00:00,2026-03-22 00:00:00,3692,Cliente informado,Italika,XR150L,Jose Ramirez,Fernando Herrera
3556,1649,773,ajuste tecnico de kit aerodinamico y llantas deportivas incluyendo ajuste final.,Finalizado,2026-03-16 00:00:00,2026-03-16 00:00:00,2534,Entregado,Bajaj,FT150,Carlos Mendoza,Luis Martinez
3557,4477,1264,instalacion y calibracion de filtro de aceite y niveles por falla detectada.,Entregado,2026-03-14 00:00:00,2026-03-18 00:00:00,5702,Cliente informado,Yamaha,XR150L,Carlos Mendoza,Wilmer Soto
3558,428,321,mantenimiento preventivo en fallo electrico y cableado por falla detectada.,Finalizado,2026-03-19 00:00:00,2026-03-20 00:00:00,1680,Entregado,Suzuki,Pulsar NS200,Carlos Mendoza,Francisco Blandon
3559,1957,2129,ajuste tecnico de balanceo y lubricacion por falla detectada.,Finalizado,2026-03-23 00:00:00,2026-03-25 00:00:00,4807,Entregado,Italika,Z650,Jose Ramirez,Steven Rocha
3560,74,1383,mantenimiento preventivo en reprogramacion y escape deportivo y verificacion completa.,Finalizado,2026-03-09 00:00:00,2026-03-11 00:00:00,2924,Cliente informado,Yamaha,XR150L,Carlos Mendoza,Juan Perez
3561,1703,1339,optimizacion del sistema inspeccion y escaneo y verificacion completa.,Finalizado,2026-03-14 00:00:00,2026-03-14 00:00:00,5597,Cliente informado,Suzuki,Ninja 400,Jose Ramirez,Andres Ruiz
3562,52,2859,ajuste tecnico de sensores y alternador para mejorar rendimiento.,Finalizado,2026-03-29 00:00:00,2026-03-30 00:00:00,2684,Cliente informado,AKT,CBR 600RR,Carlos Mendoza,Cristian Molina
3563,4313,2663,correccion especializada de fibra de carbono y kit aerodinamico incluyendo ajuste final.,Finalizado,2026-03-17 00:00:00,2026-03-17 00:00:00,749,Entregado,Suzuki,Duke 390,Jose Ramirez,Henry Tellez
3564,4366,4693,correccion especializada de bujias y niveles y verificacion completa.,Finalizado,2026-03-18 00:00:00,2026-03-19 00:00:00,3505,Entregado,Suzuki,GSX-R750,Carlos Mendoza,Carlos Mendoza
3565,4101,2274,inspeccion avanzada de balanceo y revision debido a desgaste.,Finalizado,2026-03-13 00:00:00,2026-03-17 00:00:00,2883,Entregado,KTM,GN125,Carlos Mendoza,Javier Morales
3566,2795,3364,correccion especializada de chequeo y ruido debido a desgaste.,Entregado,2026-03-09 00:00:00,2026-03-10 00:00:00,4892,Cliente informado,Kawasaki,R15,Jose Ramirez,Samuel Cruz
3567,1564,1811,inspeccion avanzada de motor de arranque y fallo electrico para mejorar rendimiento.,Finalizado,2026-03-27 00:00:00,2026-03-29 00:00:00,1246,Entregado,Yamaha,FZ16,Jose Ramirez,Kevin Torres
3568,4766,3833,servicio integral para transmision y bomba de agua incluyendo ajuste final.,Finalizado,2026-03-11 00:00:00,2026-03-14 00:00:00,6393,Cliente informado,TVS,CB190R,Jose Ramirez,Henry Tellez
3569,428,321,servicio integral para biela y biela para mejorar rendimiento.,Finalizado,2026-03-19 00:00:00,2026-03-20 00:00:00,1710,Entregado,Yamaha,DM200,Carlos Mendoza,Samuel Cruz
3570,2474,5253,ajuste tecnico de pantalla y pintura incluyendo ajuste final.,Finalizado,2026-03-18 00:00:00,2026-03-21 00:00:00,1833,Cliente informado,Kawasaki,MT-07,Jose Ramirez,Carlos Mendoza
3571,1795,4343,mantenimiento preventivo en calipers y pantalla y verificacion completa.,Finalizado,2026-03-29 00:00:00,2026-03-31 00:00:00,4473,Cliente informado,Kawasaki,Apache RTR 200,Jose Ramirez,Miguel Garcia
3572,4729,2714,inspeccion avanzada de centralita y motor de arranque incluyendo ajuste final.,Finalizado,2026-03-08 00:00:00,2026-03-10 00:00:00,2693,Cliente informado,Suzuki,Ninja 400,Jose Ramirez,Andres Ruiz
3573,3379,1932,optimizacion del sistema motor y arbol de levas incluyendo ajuste final.,Finalizado,2026-03-27 00:00:00,2026-03-30 00:00:00,3990,Cliente informado,KTM,GN125,Carlos Mendoza,Steven Rocha
3574,1812,2830,instalacion y calibracion de falla y revision general por falla detectada.,Finalizado,2026-03-03 00:00:00,2026-03-03 00:00:00,3785,Cliente informado,AKT,Gixxer 250,Carlos Mendoza,Julio Navarro
3575,4106,2717,correccion especializada de centralita y cableado incluyendo ajuste final.,Finalizado,2026-03-21 00:00:00,2026-03-22 00:00:00,6355,Entregado,Honda,CBR 600RR,Jose Ramirez,Roberto Flores
3576,2670,60,inspeccion avanzada de filtro de aire y lubricacion incluyendo ajuste final.,Finalizado,2026-03-20 00:00:00,2026-03-20 00:00:00,5677,Cliente informado,Yamaha,DM200,Carlos Mendoza,Erick Gutierrez
3577,551,969,correccion especializada de revision y filtro de aire con pruebas posteriores.,Finalizado,2026-03-18 00:00:00,2026-03-08 00:00:00,4347,Cliente informado,Yamaha,CB190R,Carlos Mendoza,Francisco Blandon
3578,4522,4978,servicio integral para pintura y pintar carroceria segun solicitud del cliente.,Finalizado,2026-03-11 00:00:00,2026-03-11 00:00:00,3736,Entregado,KTM,Boxer 150,Jose Ramirez,Victor Rivas
3579,2263,3844,inspeccion avanzada de filtro de aire y bujias para mejorar rendimiento.,Finalizado,2026-03-23 00:00:00,2026-03-23 00:00:00,6483,Entregado,Kawasaki,MT-07,Carlos Mendoza,Victor Rivas
3580,3075,3364,servicio integral para cambio de aceite y balanceo y verificacion completa.,Finalizado,2026-03-13 00:00:00,2026-03-17 00:00:00,3070,Cliente informado,Kawasaki,R15,Jose Ramirez,Brayan Silva
3581,3185,4552,correccion especializada de personalizacion y cromado para mejorar rendimiento.,Finalizado,2026-03-22 00:00:00,2026-03-26 00:00:00,1669,Entregado,Kawasaki,GN125,Jose Ramirez,Carlos Mendoza
3582,1066,2938,ajuste tecnico de revision general y revision general debido a desgaste.,Finalizado,2026-03-27 00:00:00,2026-03-27 00:00:00,1143,Entregado,Suzuki,GN125,Carlos Mendoza,Javier Morales
3583,632,3003,inspeccion avanzada de diagnostico y chequeo con pruebas posteriores.,Finalizado,2026-03-13 00:00:00,2026-03-14 00:00:00,5490,Cliente informado,KTM,Z650,Carlos Mendoza,Alexis Diaz
3584,1066,2938,servicio integral para biela y motor segun solicitud del cliente.,Finalizado,2026-03-27 00:00:00,2026-03-27 00:00:00,507,Entregado,KTM,CB190R,Carlos Mendoza,Victor Rivas
3585,4804,3937,diagnostico y reparacion de alineacion y bujias incluyendo ajuste final.,Finalizado,2026-03-08 00:00:00,2026-03-09 00:00:00,6312,Cliente informado,Bajaj,Z650,Carlos Mendoza,Samuel Cruz
3586,1862,3441,optimizacion del sistema problema y chequeo para mejorar rendimiento.,Finalizado,2026-03-28 00:00:00,2026-03-30 00:00:00,1359,Cliente informado,Kawasaki,Duke 390,Carlos Mendoza,Victor Rivas
3587,802,4732,optimizacion del sistema velocidad y calipers por falla detectada.,Finalizado,2026-03-09 00:00:00,2026-03-13 00:00:00,3016,Cliente informado,Italika,Pulsar NS200,Carlos Mendoza,Julio Navarro
3588,1399,2837,correccion especializada de calipers y cambio color incluyendo ajuste final.,Finalizado,2026-03-04 00:00:00,2026-03-04 00:00:00,6465,Cliente informado,Italika,Duke 390,Jose Ramirez,Julio Navarro
3589,4271,233,inspeccion avanzada de bujias y niveles para mejorar rendimiento.,Finalizado,2026-03-12 00:00:00,2026-03-14 00:00:00,5013,Cliente informado,Honda,GN125,Jose Ramirez,Henry Tellez
3590,182,134,ajuste tecnico de velocidad y camara segun solicitud del cliente.,Finalizado,2026-03-15 00:00:00,2026-03-19 00:00:00,5609,Entregado,Honda,XR150L,Jose Ramirez,Manuel Vargas
3591,2004,936,instalacion y calibracion de cableado y sistema electrico incluyendo ajuste final.,Finalizado,2026-03-14 00:00:00,2026-03-14 00:00:00,3297,Entregado,Suzuki,CB190R,Carlos Mendoza,Francisco Blandon
3592,802,4972,revision completa de reprogramacion y potencia por falla detectada.,Finalizado,2026-03-16 00:00:00,2026-03-17 00:00:00,1428,Cliente informado,KTM,XR150L,Jose Ramirez,Carlos Mendoza
3593,4666,3999,ajuste tecnico de lubricacion y revision con pruebas posteriores.,Finalizado,2026-03-14 00:00:00,2026-03-16 00:00:00,1209,Cliente informado,Yamaha,FZ16,Jose Ramirez,Edwin Chavez
3594,979,1369,ajuste tecnico de sensores y alternador debido a desgaste.,Finalizado,2026-03-18 00:00:00,2026-03-19 00:00:00,6043,Entregado,KTM,Pulsar NS200,Carlos Mendoza,Andres Ruiz
3595,325,1695,inspeccion avanzada de balanceo y chequeo para mejorar rendimiento.,Finalizado,2026-03-09 00:00:00,2026-02-27 00:00:00,5945,Entregado,KTM,Z650,Jose Ramirez,Alexis Diaz
3596,1112,1234,diagnostico y reparacion de centralita y sensores segun solicitud del cliente.,Finalizado,2026-03-15 00:00:00,2026-03-17 00:00:00,4121,Cliente informado,AKT,MT-07,Jose Ramirez,Daniel Castillo
3597,594,3326,ajuste tecnico de cambio de aceite y bujias para mejorar rendimiento.,Finalizado,2026-03-20 00:00:00,2026-03-24 00:00:00,1960,Cliente informado,Bajaj,Ninja 400,Jose Ramirez,Miguel Garcia
3598,3887,1284,inspeccion avanzada de sensores de estacionamiento y vinilado incluyendo ajuste final.,Finalizado,2026-02-28 00:00:00,2026-03-02 00:00:00,4533,Entregado,TVS,RC 200,Carlos Mendoza,Eduardo Castro
3599,2873,2693,instalacion y calibracion de test y chequeo por falla detectada.,Finalizado,2026-03-02 00:00:00,2026-03-05 00:00:00,5767,Cliente informado,TVS,CB190R,Jose Ramirez,Cristian Molina
3600,4715,2721,inspeccion avanzada de balanceo y bujias segun solicitud del cliente.,Finalizado,2026-03-01 00:00:00,2026-03-01 00:00:00,780,Cliente informado,Italika,XR150L,Jose Ramirez,Henry Tellez
3601,2873,2693,revision completa de actualizacion de software y fibra de carbono para mejorar rendimiento.,Finalizado,2026-03-02 00:00:00,2026-03-05 00:00:00,4315,Cliente informado,Yamaha,XR150L,Carlos Mendoza,Mario Lopez
3602,3615,2346,optimizacion del sistema radiador y amortiguadores para mejorar rendimiento.,Finalizado,2026-03-20 00:00:00,2026-03-21 00:00:00,1748,Entregado,Yamaha,FZ16,Jose Ramirez,Brayan Silva
3603,4450,715,instalacion y calibracion de reprogramacion y chip segun solicitud del cliente.,Finalizado,2026-03-02 00:00:00,2026-03-03 00:00:00,3854,Entregado,Suzuki,FZ16,Carlos Mendoza,Alexis Diaz
3604,3962,1533,correccion especializada de culata y chasis incluyendo ajuste final.,Finalizado,2026-03-29 00:00:00,2026-03-31 00:00:00,6370,Cliente informado,Italika,Gixxer 250,Carlos Mendoza,Fernando Herrera
3605,3745,1361,revision completa de ruido y revision general incluyendo ajuste final.,Finalizado,2026-03-18 00:00:00,2026-03-21 00:00:00,2248,Entregado,TVS,GSX-R750,Jose Ramirez,Eduardo Castro
3606,3909,2476,instalacion y calibracion de carroceria y chasis para mejorar rendimiento.,Finalizado,2026-02-28 00:00:00,2026-03-01 00:00:00,1166,Entregado,TVS,Duke 390,Carlos Mendoza,Brayan Silva
3607,552,1625,correccion especializada de vinilado y estetico segun solicitud del cliente.,Finalizado,2026-03-24 00:00:00,2026-03-26 00:00:00,2550,Cliente informado,Yamaha,FZ16,Carlos Mendoza,Julio Navarro
3608,4633,1876,instalacion y calibracion de suspension y biela incluyendo ajuste final.,Finalizado,2026-03-23 00:00:00,2026-03-24 00:00:00,3471,Cliente informado,Yamaha,NKD 125,Jose Ramirez,Francisco Blandon
3609,3642,3490,instalacion y calibracion de inspeccion y inspeccion y verificacion completa.,Finalizado,2026-03-20 00:00:00,2026-03-24 00:00:00,5315,Entregado,AKT,FT150,Carlos Mendoza,Juan Perez
3610,3975,4398,ajuste tecnico de actualizacion de software y tuning incluyendo ajuste final.,Finalizado,2026-03-07 00:00:00,2026-03-11 00:00:00,5453,Cliente informado,Suzuki,Boxer 150,Jose Ramirez,Miguel Garcia
3611,4419,2732,ajuste tecnico de audio y pintar carroceria incluyendo ajuste final.,Finalizado,2026-03-20 00:00:00,2026-03-24 00:00:00,4384,Cliente informado,Yamaha,CBR 600RR,Carlos Mendoza,Erick Gutierrez
3612,4819,1018,correccion especializada de radiador y pistones incluyendo ajuste final.,Finalizado,2026-03-26 00:00:00,2026-03-27 00:00:00,4372,Entregado,Yamaha,MT-07,Jose Ramirez,Erick Gutierrez
3613,4902,4493,instalacion y calibracion de encendido y bateria para mejorar rendimiento.,Finalizado,2026-03-06 00:00:00,2026-03-10 00:00:00,3422,Entregado,Honda,RC 200,Jose Ramirez,Daniel Castillo
3614,551,969,revision completa de vinilado y turbo con pruebas posteriores.,Finalizado,2026-03-18 00:00:00,2026-03-08 00:00:00,5153,Cliente informado,AKT,RC 200,Jose Ramirez,Jose Ramirez
3615,1401,2283,diagnostico y reparacion de estetico y camara segun solicitud del cliente.,Finalizado,2026-03-13 00:00:00,2026-03-15 00:00:00,1453,Entregado,Italika,FZ16,Jose Ramirez,Victor Rivas
3616,1519,4024,correccion especializada de gps y cromado con pruebas posteriores.,Finalizado,2026-03-03 00:00:00,2026-03-03 00:00:00,518,Cliente informado,Yamaha,R15,Carlos Mendoza,Victor Rivas
3617,2677,3090,optimizacion del sistema pistones y transmision debido a desgaste.,Finalizado,2026-03-17 00:00:00,2026-03-17 00:00:00,2630,Cliente informado,AKT,R15,Jose Ramirez,Erick Gutierrez
3618,4306,1278,mantenimiento preventivo en frenos y distribucion y verificacion completa.,Finalizado,2026-03-03 00:00:00,2026-03-07 00:00:00,2615,Entregado,KTM,Apache RTR 200,Carlos Mendoza,Javier Morales
3619,4927,60,ajuste tecnico de pintura y tuning con pruebas posteriores.,Finalizado,2026-02-28 00:00:00,2026-02-28 00:00:00,3074,Cliente informado,Bajaj,Boxer 150,Carlos Mendoza,Jose Ramirez
3620,1527,4118,revision completa de caja de cambios y bomba de agua debido a desgaste.,Finalizado,2026-03-06 00:00:00,2026-03-07 00:00:00,5460,Entregado,Yamaha,Z650,Carlos Mendoza,Julio Navarro
3621,2449,443,revision completa de lubricacion y lubricacion debido a desgaste.,Finalizado,2026-03-17 00:00:00,2026-03-17 00:00:00,4196,Entregado,AKT,Gixxer 250,Jose Ramirez,Javier Morales
3622,1901,3769,instalacion y calibracion de sensores de estacionamiento y calipers con pruebas posteriores.,Finalizado,2026-03-25 00:00:00,2026-03-15 00:00:00,3964,Entregado,Suzuki,GSX-R750,Carlos Mendoza,Juan Perez
3623,756,3657,mantenimiento preventivo en alineacion y alineacion para mejorar rendimiento.,Finalizado,2026-03-07 00:00:00,2026-03-09 00:00:00,2084,Cliente informado,AKT,RC 200,Jose Ramirez,Henry Tellez
3624,1664,2688,optimizacion del sistema caja de cambios y direccion con pruebas posteriores.,Finalizado,2026-03-21 00:00:00,2026-03-24 00:00:00,678,Cliente informado,Italika,GSX-R750,Carlos Mendoza,Juan Perez
3625,1869,68,ajuste tecnico de biela y pistones segun solicitud del cliente.,Finalizado,2026-03-14 00:00:00,2026-03-14 00:00:00,6312,Cliente informado,AKT,GSX-R750,Carlos Mendoza,Wilmer Soto
3626,838,3395,revision completa de falla y escaneo segun solicitud del cliente.,Finalizado,2026-03-16 00:00:00,2026-03-17 00:00:00,1223,Cliente informado,Kawasaki,Pulsar NS200,Carlos Mendoza,Edwin Chavez
3627,1169,708,inspeccion avanzada de chip y audio para mejorar rendimiento.,Finalizado,2026-03-14 00:00:00,2026-03-18 00:00:00,4043,Entregado,Italika,Z650,Carlos Mendoza,Juan Perez
3628,800,5194,correccion especializada de eje y distribucion debido a desgaste.,Finalizado,2026-03-01 00:00:00,2026-03-05 00:00:00,1368,Entregado,Italika,FZ16,Carlos Mendoza,Oscar Reyes
3629,135,3855,diagnostico y reparacion de cambio de aceite y filtro de aceite segun solicitud del cliente.,Finalizado,2026-03-19 00:00:00,2026-03-09 00:00:00,3232,Entregado,AKT,Ninja 400,Jose Ramirez,Henry Tellez
3630,4409,4511,correccion especializada de carroceria y suspension debido a desgaste.,Finalizado,2026-03-01 00:00:00,2026-03-03 00:00:00,1298,Entregado,Bajaj,FT150,Carlos Mendoza,Daniel Castillo
3631,2122,189,servicio integral para bateria y cableado debido a desgaste.,Finalizado,2026-03-03 00:00:00,2026-03-04 00:00:00,4474,Cliente informado,Suzuki,NKD 125,Carlos Mendoza,Kevin Torres
3632,2860,5193,mantenimiento preventivo en revision y chequeo por falla detectada.,Finalizado,2026-03-15 00:00:00,2026-03-15 00:00:00,6112,Cliente informado,KTM,RC 200,Jose Ramirez,Luis Martinez
3633,2895,4672,ajuste tecnico de revision general y revision general segun solicitud del cliente.,Finalizado,2026-03-12 00:00:00,2026-03-14 00:00:00,5058,Entregado,Suzuki,FZ16,Carlos Mendoza,Luis Martinez
3634,2968,936,servicio integral para falla y problema por falla detectada.,Finalizado,2026-03-12 00:00:00,2026-03-13 00:00:00,756,Entregado,Bajaj,FT150,Jose Ramirez,Mario Lopez
3635,4708,3694,optimizacion del sistema ruido y falla por falla detectada.,Finalizado,2026-03-13 00:00:00,2026-03-16 00:00:00,5859,Cliente informado,Yamaha,Pulsar NS200,Carlos Mendoza,Wilmer Soto
3636,1756,1635,servicio integral para test y inspeccion con pruebas posteriores.,Finalizado,2026-03-14 00:00:00,2026-03-17 00:00:00,6168,Entregado,Honda,GN125,Jose Ramirez,Edwin Chavez
3637,4085,3309,revision completa de centralita y cableado con pruebas posteriores.,Finalizado,2026-03-27 00:00:00,2026-03-31 00:00:00,762,Entregado,Honda,NKD 125,Carlos Mendoza,Carlos Mendoza
3638,1400,656,correccion especializada de revision y cambio de aceite y verificacion completa.,En proceso,2026-03-08 00:00:00,2026-03-08 00:00:00,1904,Cliente informado,Italika,Pulsar NS200,Carlos Mendoza,Eduardo Castro
3639,829,3315,inspeccion avanzada de eje y embrague y verificacion completa.,Finalizado,2026-03-26 00:00:00,2026-03-26 00:00:00,4942,Cliente informado,Honda,MT-07,Jose Ramirez,Victor Rivas
3640,4137,1039,inspeccion avanzada de sensores y alternador segun solicitud del cliente.,Finalizado,2026-03-23 00:00:00,2026-03-25 00:00:00,1262,Cliente informado,KTM,R15,Carlos Mendoza,Edwin Chavez
3641,4780,5251,revision completa de bujias y lubricacion con pruebas posteriores.,Finalizado,2026-03-17 00:00:00,2026-03-20 00:00:00,5254,Cliente informado,TVS,NKD 125,Carlos Mendoza,Wilmer Soto
3642,282,1951,revision completa de evaluacion y test segun solicitud del cliente.,Finalizado,2026-03-25 00:00:00,2026-03-15 00:00:00,3237,Entregado,Honda,Pulsar NS200,Jose Ramirez,Steven Rocha
3643,3759,2943,optimizacion del sistema cambio color y custom con pruebas posteriores.,Finalizado,2026-03-27 00:00:00,2026-03-31 00:00:00,5662,Cliente informado,Bajaj,CBR 600RR,Jose Ramirez,Miguel Garcia
3644,4489,3051,correccion especializada de embrague y carroceria y verificacion completa.,Finalizado,2026-03-15 00:00:00,2026-03-17 00:00:00,3450,Entregado,KTM,GSX-R750,Jose Ramirez,Andres Ruiz
3645,4393,2682,optimizacion del sistema alineacion y alineacion con pruebas posteriores.,Finalizado,2026-03-08 00:00:00,2026-03-09 00:00:00,5700,Cliente informado,Yamaha,Pulsar NS200,Carlos Mendoza,Julio Navarro
3646,3435,2139,ajuste tecnico de cableado y sistema electrico debido a desgaste.,Finalizado,2026-03-03 00:00:00,2026-03-06 00:00:00,1472,Cliente informado,KTM,XR150L,Carlos Mendoza,Roberto Flores
3647,3585,559,optimizacion del sistema diferencial y ciguenal por falla detectada.,Finalizado,2026-03-06 00:00:00,2026-03-07 00:00:00,2779,Entregado,Bajaj,GSX-R750,Jose Ramirez,Alexis Diaz
3648,3652,4244,inspeccion avanzada de suspension y frenos para mejorar rendimiento.,Finalizado,2026-03-02 00:00:00,2026-03-02 00:00:00,5985,Entregado,Yamaha,FT150,Carlos Mendoza,Francisco Blandon
3649,2659,4236,inspeccion avanzada de transmision y embrague debido a desgaste.,Finalizado,2026-03-28 00:00:00,2026-04-01 00:00:00,3001,Cliente informado,Honda,NKD 125,Jose Ramirez,Cristian Molina
3650,145,1400,revision completa de filtro de aire y alineacion debido a desgaste.,Finalizado,2026-03-07 00:00:00,2026-03-09 00:00:00,2553,Cliente informado,Italika,Gixxer 250,Jose Ramirez,Eduardo Castro
3651,3657,4196,diagnostico y reparacion de motor y biela por falla detectada.,Finalizado,2026-03-14 00:00:00,2026-03-17 00:00:00,6413,Cliente informado,Italika,MT-07,Jose Ramirez,Javier Morales
3652,2481,2099,correccion especializada de cableado y sensores por falla detectada.,Finalizado,2026-03-07 00:00:00,2026-03-08 00:00:00,5354,Entregado,Honda,GN125,Carlos Mendoza,Jose Ramirez
3653,4044,1153,instalacion y calibracion de sistema electrico y luces segun solicitud del cliente.,Finalizado,2026-03-21 00:00:00,2026-03-25 00:00:00,4211,Cliente informado,KTM,Boxer 150,Jose Ramirez,Javier Morales
3654,4980,2673,revision completa de potencia y pantalla segun solicitud del cliente.,Finalizado,2026-02-28 00:00:00,2026-03-04 00:00:00,1708,Entregado,AKT,Duke 390,Carlos Mendoza,Oscar Reyes
3655,182,134,revision completa de tuning y pantalla debido a desgaste.,Finalizado,2026-03-15 00:00:00,2026-03-19 00:00:00,2054,Entregado,Kawasaki,Apache RTR 200,Jose Ramirez,Brayan Silva
3656,3211,2692,ajuste tecnico de bateria y bateria para mejorar rendimiento.,Finalizado,2026-03-05 00:00:00,2026-03-05 00:00:00,5083,Entregado,Kawasaki,RC 200,Jose Ramirez,Andres Ruiz
3657,4406,3491,mantenimiento preventivo en personalizacion y pintar carroceria para mejorar rendimiento.,Finalizado,2026-03-04 00:00:00,2026-02-22 00:00:00,1741,Entregado,Suzuki,Z650,Jose Ramirez,Wilmer Soto
3658,3243,3177,correccion especializada de problema y inspeccion por falla detectada.,Finalizado,2026-03-11 00:00:00,2026-03-12 00:00:00,3725,Entregado,KTM,Boxer 150,Carlos Mendoza,Oscar Reyes
3659,3510,3426,mantenimiento preventivo en ciguenal y ciguenal segun solicitud del cliente.,Finalizado,2026-03-18 00:00:00,2026-03-19 00:00:00,3720,Cliente informado,Yamaha,CBR 600RR,Jose Ramirez,Fernando Herrera
3660,1371,1253,correccion especializada de cableado y luces incluyendo ajuste final.,Finalizado,2026-03-24 00:00:00,2026-03-25 00:00:00,5268,Cliente informado,Bajaj,CBR 600RR,Jose Ramirez,Juan Perez
3661,4445,1331,revision completa de niveles y revision debido a desgaste.,Finalizado,2026-03-04 00:00:00,2026-03-07 00:00:00,1284,Entregado,Suzuki,CB190R,Carlos Mendoza,Javier Morales
3662,3786,493,mantenimiento preventivo en cableado y fallo electrico por falla detectada.,Finalizado,2026-03-12 00:00:00,2026-03-13 00:00:00,829,Cliente informado,Honda,Apache RTR 200,Carlos Mendoza,Oscar Reyes
3663,1767,2420,diagnostico y reparacion de diferencial y distribucion para mejorar rendimiento.,Finalizado,2026-03-22 00:00:00,2026-03-23 00:00:00,2036,Entregado,Yamaha,CBR 600RR,Jose Ramirez,Edwin Chavez
3664,3395,346,instalacion y calibracion de test y diagnostico para mejorar rendimiento.,Finalizado,2026-03-09 00:00:00,2026-03-11 00:00:00,1064,Entregado,KTM,Ninja 400,Jose Ramirez,Carlos Mendoza
3665,3989,2360,servicio integral para suspension y transmision con pruebas posteriores.,Finalizado,2026-03-12 00:00:00,2026-03-13 00:00:00,682,Cliente informado,Bajaj,GN125,Carlos Mendoza,Carlos Mendoza
3666,717,4250,correccion especializada de frenos y ciguenal segun solicitud del cliente.,Finalizado,2026-03-04 00:00:00,2026-03-05 00:00:00,5353,Cliente informado,KTM,MT-07,Jose Ramirez,Kevin Torres
3667,3858,27,ajuste tecnico de ciguenal y eje y verificacion completa.,Finalizado,2026-03-23 00:00:00,2026-03-25 00:00:00,3981,Cliente informado,Suzuki,Boxer 150,Jose Ramirez,Mario Lopez
3668,2279,3464,mantenimiento preventivo en alineacion y filtro de aceite incluyendo ajuste final.,Finalizado,2026-03-06 00:00:00,2026-03-08 00:00:00,1966,Cliente informado,Yamaha,Boxer 150,Jose Ramirez,Daniel Castillo
3669,4381,2542,servicio integral para encendido y luces con pruebas posteriores.,Finalizado,2026-03-03 00:00:00,2026-03-07 00:00:00,600,Entregado,Bajaj,GSX-R750,Carlos Mendoza,Manuel Vargas
3670,3211,2692,ajuste tecnico de polarizado y escape deportivo debido a desgaste.,Finalizado,2026-03-05 00:00:00,2026-03-05 00:00:00,537,Entregado,Kawasaki,Ninja 400,Carlos Mendoza,Kevin Torres
3671,1862,3441,mantenimiento preventivo en evaluacion y evaluacion con pruebas posteriores.,Finalizado,2026-03-28 00:00:00,2026-03-30 00:00:00,5991,Cliente informado,Yamaha,GSX-R750,Jose Ramirez,Victor Rivas
3672,387,2342,inspeccion avanzada de evaluacion y falla segun solicitud del cliente.,Finalizado,2026-03-14 00:00:00,2026-03-15 00:00:00,3048,Entregado,Suzuki,Duke 390,Jose Ramirez,Luis Martinez
3673,1046,2124,optimizacion del sistema chequeo y escaneo debido a desgaste.,Finalizado,2026-03-23 00:00:00,2026-03-24 00:00:00,3632,Cliente informado,TVS,Apache RTR 200,Carlos Mendoza,Mario Lopez
3674,1809,1018,inspeccion avanzada de sensores y sistema electrico para mejorar rendimiento.,Finalizado,2026-03-03 00:00:00,2026-03-03 00:00:00,1718,Entregado,Bajaj,Pulsar NS200,Jose Ramirez,Javier Morales
3675,4276,4136,correccion especializada de chequeo y escaneo por falla detectada.,Finalizado,2026-03-03 00:00:00,2026-03-05 00:00:00,1732,Cliente informado,Italika,GN125,Carlos Mendoza,Alexis Diaz
3676,845,4467,revision completa de lubricacion y alineacion debido a desgaste.,Finalizado,2026-03-05 00:00:00,2026-03-05 00:00:00,5889,Entregado,Suzuki,FT150,Jose Ramirez,Cristian Molina
3677,4483,2879,correccion especializada de lubricacion y balanceo con pruebas posteriores.,Finalizado,2026-03-24 00:00:00,2026-03-25 00:00:00,2177,Cliente informado,Yamaha,FZ16,Carlos Mendoza,Francisco Blandon
3678,2516,4849,correccion especializada de culata y pistones por falla detectada.,Finalizado,2026-03-05 00:00:00,2026-03-05 00:00:00,4625,Entregado,KTM,GN125,Carlos Mendoza,Victor Rivas
3679,3275,788,ajuste tecnico de diagnostico y ruido por falla detectada.,Finalizado,2026-03-06 00:00:00,2026-03-10 00:00:00,2592,Cliente informado,Yamaha,GN125,Carlos Mendoza,Cristian Molina
3680,4017,3408,instalacion y calibracion de fallo electrico y fallo electrico incluyendo ajuste final.,Finalizado,2026-03-23 00:00:00,2026-03-23 00:00:00,6499,Cliente informado,KTM,Boxer 150,Carlos Mendoza,Steven Rocha
3681,213,363,optimizacion del sistema carroceria y caja de cambios debido a desgaste.,Finalizado,2026-03-21 00:00:00,2026-03-21 00:00:00,5070,Entregado,Suzuki,Z650,Jose Ramirez,Mario Lopez
3682,3282,4548,instalacion y calibracion de velocidad y kit aerodinamico segun solicitud del cliente.,Finalizado,2026-03-24 00:00:00,2026-03-14 00:00:00,1375,Cliente informado,Yamaha,Boxer 150,Carlos Mendoza,Cristian Molina
3683,3672,2900,correccion especializada de chequeo y test y verificacion completa.,Finalizado,2026-03-17 00:00:00,2026-03-20 00:00:00,5267,Cliente informado,Suzuki,DM200,Jose Ramirez,Juan Perez
3684,2226,1021,servicio integral para frenos deportivos y custom con pruebas posteriores.,Finalizado,2026-03-25 00:00:00,2026-03-25 00:00:00,647,Entregado,Suzuki,MT-07,Jose Ramirez,Daniel Castillo
3685,2411,4957,servicio integral para diagnostico y problema para mejorar rendimiento.,Finalizado,2026-03-20 00:00:00,2026-03-23 00:00:00,1528,Cliente informado,Yamaha,Apache RTR 200,Jose Ramirez,Henry Tellez
3686,3304,1765,inspeccion avanzada de problema y inspeccion segun solicitud del cliente.,Finalizado,2026-03-24 00:00:00,2026-03-24 00:00:00,1328,Cliente informado,AKT,R15,Jose Ramirez,Brayan Silva
3687,4860,2387,instalacion y calibracion de cambio de aceite y chequeo debido a desgaste.,Finalizado,2026-03-20 00:00:00,2026-03-21 00:00:00,5404,Cliente informado,AKT,R15,Carlos Mendoza,Steven Rocha
3688,640,350,mantenimiento preventivo en tuning y pantalla por falla detectada.,Finalizado,2026-03-20 00:00:00,2026-03-24 00:00:00,1760,Entregado,Kawasaki,FZ16,Jose Ramirez,Daniel Castillo
3689,1046,2124,optimizacion del sistema cableado y centralita segun solicitud del cliente.,Finalizado,2026-03-23 00:00:00,2026-03-24 00:00:00,5414,Cliente informado,Kawasaki,Apache RTR 200,Jose Ramirez,Luis Martinez
3690,2928,2742,inspeccion avanzada de niveles y filtro de aceite incluyendo ajuste final.,Finalizado,2026-03-22 00:00:00,2026-03-26 00:00:00,641,Cliente informado,Suzuki,FZ16,Carlos Mendoza,Julio Navarro
3691,1870,4841,servicio integral para filtro de aceite y balanceo y verificacion completa.,Finalizado,2026-03-27 00:00:00,2026-03-28 00:00:00,5211,Cliente informado,KTM,CBR 600RR,Carlos Mendoza,Samuel Cruz
3692,243,3276,revision completa de culata y culata con pruebas posteriores.,Finalizado,2026-03-06 00:00:00,2026-03-10 00:00:00,1057,Cliente informado,Kawasaki,Pulsar NS200,Jose Ramirez,Francisco Blandon
3693,2144,4165,servicio integral para filtro de aceite y alineacion con pruebas posteriores.,Finalizado,2026-03-08 00:00:00,2026-03-09 00:00:00,4896,Entregado,Honda,Duke 390,Carlos Mendoza,Alexis Diaz
3694,3541,2237,optimizacion del sistema distribucion y suspension por falla detectada.,Finalizado,2026-03-13 00:00:00,2026-03-17 00:00:00,1669,Cliente informado,Suzuki,GN125,Carlos Mendoza,Edwin Chavez
3695,1929,1875,mantenimiento preventivo en bujias y revision incluyendo ajuste final.,Finalizado,2026-03-10 00:00:00,2026-03-12 00:00:00,4631,Entregado,Honda,FT150,Carlos Mendoza,Javier Morales
3696,2146,3659,optimizacion del sistema chequeo y falla incluyendo ajuste final.,Finalizado,2026-03-05 00:00:00,2026-03-06 00:00:00,4915,Entregado,TVS,GSX-R750,Jose Ramirez,Wilmer Soto
3697,3304,1765,mantenimiento preventivo en encendido y alternador con pruebas posteriores.,Finalizado,2026-03-24 00:00:00,2026-03-24 00:00:00,4984,Cliente informado,Yamaha,RC 200,Carlos Mendoza,Andres Ruiz
3698,4165,3769,inspeccion avanzada de chequeo y cambio de aceite y verificacion completa.,Finalizado,2026-03-14 00:00:00,2026-03-17 00:00:00,1677,Cliente informado,Italika,DM200,Jose Ramirez,Juan Perez
3699,4017,3408,ajuste tecnico de filtro de aceite y filtro de aire debido a desgaste.,Finalizado,2026-03-23 00:00:00,2026-03-23 00:00:00,5135,Cliente informado,Kawasaki,DM200,Jose Ramirez,Erick Gutierrez
3700,696,537,ajuste tecnico de chequeo y evaluacion por falla detectada.,Finalizado,2026-03-27 00:00:00,2026-03-28 00:00:00,4855,Cliente informado,Italika,XR150L,Carlos Mendoza,Daniel Castillo
3701,485,1384,inspeccion avanzada de pantalla y escape deportivo por falla detectada.,Finalizado,2026-03-26 00:00:00,2026-03-30 00:00:00,5733,Entregado,Kawasaki,GN125,Carlos Mendoza,Manuel Vargas
3702,2200,479,ajuste tecnico de fallo electrico y motor de arranque con pruebas posteriores.,Finalizado,2026-03-07 00:00:00,2026-02-25 00:00:00,1427,Cliente informado,Italika,DM200,Jose Ramirez,Brayan Silva
3703,1891,2066,inspeccion avanzada de chasis y embrague debido a desgaste.,Finalizado,2026-03-18 00:00:00,2026-03-18 00:00:00,5049,Cliente informado,Kawasaki,FT150,Jose Ramirez,Manuel Vargas
3704,2791,4963,mantenimiento preventivo en niveles y revision segun solicitud del cliente.,Finalizado,2026-03-10 00:00:00,2026-03-10 00:00:00,5651,Entregado,Italika,Apache RTR 200,Carlos Mendoza,Eduardo Castro
3705,4445,1331,mantenimiento preventivo en centralita y alternador con pruebas posteriores.,Finalizado,2026-03-04 00:00:00,2026-03-07 00:00:00,3268,Entregado,Italika,CBR 600RR,Jose Ramirez,Francisco Blandon
3706,2922,599,correccion especializada de revision y chequeo por falla detectada.,Finalizado,2026-03-14 00:00:00,2026-03-04 00:00:00,1492,Cliente informado,Honda,NKD 125,Carlos Mendoza,Mario Lopez
3707,2268,104,optimizacion del sistema luces y encendido para mejorar rendimiento.,Finalizado,2026-03-03 00:00:00,2026-03-07 00:00:00,5267,Entregado,Italika,RC 200,Carlos Mendoza,Javier Morales
3708,299,58,mantenimiento preventivo en fibra de carbono y modificacion debido a desgaste.,Finalizado,2026-03-03 00:00:00,2026-03-05 00:00:00,5922,Entregado,Suzuki,CB190R,Jose Ramirez,Manuel Vargas
3709,4988,4827,servicio integral para lubricacion y lubricacion debido a desgaste.,Finalizado,2026-03-15 00:00:00,2026-03-19 00:00:00,1339,Entregado,AKT,Pulsar NS200,Carlos Mendoza,Eduardo Castro
3710,4120,995,revision completa de gps y modificacion por falla detectada.,Finalizado,2026-03-18 00:00:00,2026-03-20 00:00:00,2756,Cliente informado,Kawasaki,MT-07,Jose Ramirez,Miguel Garcia
3711,3635,4633,inspeccion avanzada de revision general y escaneo con pruebas posteriores.,Finalizado,2026-03-01 00:00:00,2026-03-04 00:00:00,4992,Cliente informado,KTM,XR150L,Carlos Mendoza,Edwin Chavez
3712,4237,5070,instalacion y calibracion de direccion y amortiguadores debido a desgaste.,Finalizado,2026-03-12 00:00:00,2026-03-12 00:00:00,1884,Cliente informado,Kawasaki,Ninja 400,Jose Ramirez,Oscar Reyes
3713,2121,4930,revision completa de chequeo y balanceo y verificacion completa.,Finalizado,2026-03-05 00:00:00,2026-03-06 00:00:00,1608,Entregado,Honda,Gixxer 250,Carlos Mendoza,Jose Ramirez
3714,3188,4791,instalacion y calibracion de inspeccion y evaluacion y verificacion completa.,Finalizado,2026-03-21 00:00:00,2026-03-25 00:00:00,5339,Cliente informado,KTM,R15,Carlos Mendoza,Cristian Molina
3715,1336,3821,optimizacion del sistema encendido y fallo electrico y verificacion completa.,Finalizado,2026-03-20 00:00:00,2026-03-24 00:00:00,1601,Entregado,Yamaha,Ninja 400,Jose Ramirez,Julio Navarro
3716,1217,2603,correccion especializada de actualizacion de software y performance incluyendo ajuste final.,Finalizado,2026-03-20 00:00:00,2026-03-22 00:00:00,1097,Cliente informado,Yamaha,CBR 600RR,Jose Ramirez,Samuel Cruz
3717,756,3657,mantenimiento preventivo en embrague y pistones y verificacion completa.,Finalizado,2026-03-07 00:00:00,2026-03-09 00:00:00,5285,Cliente informado,Italika,Boxer 150,Jose Ramirez,Henry Tellez
3718,3344,852,revision completa de balanceo y revision segun solicitud del cliente.,Finalizado,2026-02-28 00:00:00,2026-03-04 00:00:00,3473,Entregado,AKT,Z650,Jose Ramirez,Daniel Castillo
3719,2696,773,correccion especializada de fallo electrico y cableado incluyendo ajuste final.,Finalizado,2026-03-19 00:00:00,2026-03-22 00:00:00,5188,Entregado,Yamaha,GN125,Jose Ramirez,Kevin Torres
3720,4991,3490,mantenimiento preventivo en fallo electrico y motor de arranque con pruebas posteriores.,Finalizado,2026-03-12 00:00:00,2026-03-16 00:00:00,4015,Entregado,Italika,XR150L,Jose Ramirez,Henry Tellez
3721,2795,3364,ajuste tecnico de sensores de estacionamiento y aleron por falla detectada.,Entregado,2026-03-09 00:00:00,2026-03-10 00:00:00,5443,Cliente informado,Bajaj,Apache RTR 200,Carlos Mendoza,Miguel Garcia
3722,3806,2037,mantenimiento preventivo en pintar carroceria y actualizacion de software por falla detectada.,Entregado,2026-03-15 00:00:00,2026-03-19 00:00:00,3038,Cliente informado,KTM,R15,Jose Ramirez,Erick Gutierrez
3723,4913,5187,mantenimiento preventivo en polarizado y cambio color para mejorar rendimiento.,Finalizado,2026-03-04 00:00:00,2026-03-05 00:00:00,2343,Entregado,Honda,Apache RTR 200,Jose Ramirez,Daniel Castillo
3724,4652,4435,correccion especializada de direccion y chasis incluyendo ajuste final.,Finalizado,2026-03-25 00:00:00,2026-03-27 00:00:00,3783,Entregado,Kawasaki,CB190R,Carlos Mendoza,Erick Gutierrez
3725,2911,3616,optimizacion del sistema bujias y bujias y verificacion completa.,Finalizado,2026-03-01 00:00:00,2026-03-02 00:00:00,5150,Entregado,AKT,Apache RTR 200,Carlos Mendoza,Erick Gutierrez
3726,2071,3721,instalacion y calibracion de centralita y alternador por falla detectada.,Finalizado,2026-03-04 00:00:00,2026-03-05 00:00:00,4696,Cliente informado,Bajaj,RC 200,Jose Ramirez,Eduardo Castro
3727,2004,936,diagnostico y reparacion de revision general y evaluacion por falla detectada.,Finalizado,2026-03-14 00:00:00,2026-03-14 00:00:00,2008,Entregado,Suzuki,MT-07,Carlos Mendoza,Miguel Garcia
3728,3363,536,ajuste tecnico de ruido y escaneo con pruebas posteriores.,Finalizado,2026-03-29 00:00:00,2026-03-31 00:00:00,5900,Cliente informado,TVS,DM200,Carlos Mendoza,Wilmer Soto
3729,594,3326,optimizacion del sistema alineacion y revision para mejorar rendimiento.,Finalizado,2026-03-20 00:00:00,2026-03-24 00:00:00,4682,Cliente informado,TVS,FT150,Carlos Mendoza,Alexis Diaz
3730,3293,1184,inspeccion avanzada de test y chequeo debido a desgaste.,Finalizado,2026-03-14 00:00:00,2026-03-15 00:00:00,5269,Cliente informado,Kawasaki,Z650,Jose Ramirez,Alexis Diaz
3731,1160,3259,revision completa de lubricacion y filtro de aire y verificacion completa.,Finalizado,2026-03-21 00:00:00,2026-03-21 00:00:00,976,Cliente informado,AKT,Pulsar NS200,Carlos Mendoza,Cristian Molina
3732,1920,4634,ajuste tecnico de luces y luces para mejorar rendimiento.,Finalizado,2026-03-10 00:00:00,2026-03-14 00:00:00,4380,Entregado,TVS,GSX-R750,Carlos Mendoza,Fernando Herrera
3733,3770,1561,ajuste tecnico de cambio color y reprogramacion incluyendo ajuste final.,Finalizado,2026-03-11 00:00:00,2026-03-14 00:00:00,5501,Cliente informado,AKT,RC 200,Jose Ramirez,Manuel Vargas
3734,201,1463,instalacion y calibracion de bateria y alternador incluyendo ajuste final.,Entregado,2026-03-17 00:00:00,2026-03-18 00:00:00,3144,Cliente informado,Suzuki,RC 200,Carlos Mendoza,Miguel Garcia
3735,2279,3464,optimizacion del sistema suspension deportiva y cromado debido a desgaste.,Finalizado,2026-03-06 00:00:00,2026-03-08 00:00:00,6357,Cliente informado,Italika,MT-07,Jose Ramirez,Miguel Garcia
3736,3154,1059,diagnostico y reparacion de alternador y motor de arranque segun solicitud del cliente.,Entregado,2026-03-27 00:00:00,2026-03-27 00:00:00,4258,Cliente informado,Yamaha,GN125,Carlos Mendoza,Fernando Herrera
3737,84,1427,diagnostico y reparacion de diagnostico y chequeo segun solicitud del cliente.,Finalizado,2026-03-10 00:00:00,2026-03-12 00:00:00,3115,Entregado,Suzuki,NKD 125,Carlos Mendoza,Luis Martinez
3738,2934,5128,optimizacion del sistema velocidad y llantas deportivas por falla detectada.,Finalizado,2026-03-04 00:00:00,2026-02-22 00:00:00,5937,Entregado,AKT,XR150L,Carlos Mendoza,Manuel Vargas
3739,1401,2283,correccion especializada de gps y polarizado segun solicitud del cliente.,Finalizado,2026-03-13 00:00:00,2026-03-15 00:00:00,655,Entregado,Honda,NKD 125,Carlos Mendoza,Julio Navarro
3740,3001,2769,revision completa de eje y chasis para mejorar rendimiento.,Finalizado,2026-03-21 00:00:00,2026-03-23 00:00:00,6487,Cliente informado,Yamaha,CB190R,Carlos Mendoza,Carlos Mendoza
3741,1570,1604,ajuste tecnico de motor y amortiguadores y verificacion completa.,Finalizado,2026-03-05 00:00:00,2026-03-09 00:00:00,860,Entregado,Bajaj,R15,Jose Ramirez,Julio Navarro
3742,632,3003,correccion especializada de fibra de carbono y cromado incluyendo ajuste final.,Finalizado,2026-03-13 00:00:00,2026-03-14 00:00:00,4122,Cliente informado,AKT,GN125,Jose Ramirez,Andres Ruiz
3743,88,1038,ajuste tecnico de encendido y bateria con pruebas posteriores.,Finalizado,2026-03-19 00:00:00,2026-03-22 00:00:00,1982,Entregado,Honda,CB190R,Carlos Mendoza,Cristian Molina
3744,801,4236,revision completa de arbol de levas y transmision con pruebas posteriores.,Finalizado,2026-03-19 00:00:00,2026-03-20 00:00:00,2437,Entregado,Suzuki,Boxer 150,Jose Ramirez,Samuel Cruz
3745,2479,5175,correccion especializada de caja de cambios y suspension para mejorar rendimiento.,Finalizado,2026-03-19 00:00:00,2026-03-22 00:00:00,4112,Entregado,Kawasaki,Duke 390,Carlos Mendoza,Daniel Castillo
3746,2018,3369,optimizacion del sistema custom y reprogramacion segun solicitud del cliente.,Finalizado,2026-03-23 00:00:00,2026-03-23 00:00:00,3023,Entregado,KTM,FZ16,Carlos Mendoza,Alexis Diaz
3747,1767,2420,optimizacion del sistema frenos y motor segun solicitud del cliente.,Finalizado,2026-03-22 00:00:00,2026-03-23 00:00:00,852,Entregado,Italika,CBR 600RR,Jose Ramirez,Carlos Mendoza
3748,1732,3477,optimizacion del sistema test y problema incluyendo ajuste final.,Finalizado,2026-03-06 00:00:00,2026-03-10 00:00:00,4571,Cliente informado,Italika,Duke 390,Jose Ramirez,Francisco Blandon
3749,4623,3398,optimizacion del sistema llantas deportivas y calipers debido a desgaste.,Finalizado,2026-03-14 00:00:00,2026-03-04 00:00:00,6293,Cliente informado,Yamaha,Apache RTR 200,Jose Ramirez,Andres Ruiz
3750,1508,3606,mantenimiento preventivo en motor y motor con pruebas posteriores.,Finalizado,2026-03-26 00:00:00,2026-03-27 00:00:00,5812,Entregado,Honda,Pulsar NS200,Jose Ramirez,Edwin Chavez
3751,3243,3177,mantenimiento preventivo en diagnostico y revision general segun solicitud del cliente.,Finalizado,2026-03-11 00:00:00,2026-03-12 00:00:00,2836,Entregado,Italika,NKD 125,Jose Ramirez,Roberto Flores
3752,2257,4992,revision completa de pantalla y polarizado con pruebas posteriores.,Finalizado,2026-03-25 00:00:00,2026-03-25 00:00:00,3221,Entregado,Kawasaki,Apache RTR 200,Carlos Mendoza,Eduardo Castro
3753,3635,4633,revision completa de problema y revision general para mejorar rendimiento.,Finalizado,2026-03-01 00:00:00,2026-03-04 00:00:00,6415,Cliente informado,Yamaha,Apache RTR 200,Carlos Mendoza,Miguel Garcia
3754,4652,4435,servicio integral para sensores y encendido segun solicitud del cliente.,Finalizado,2026-03-25 00:00:00,2026-03-27 00:00:00,4922,Entregado,Bajaj,GN125,Jose Ramirez,Miguel Garcia
3755,758,570,inspeccion avanzada de calipers y potencia para mejorar rendimiento.,Finalizado,2026-03-26 00:00:00,2026-03-27 00:00:00,2284,Cliente informado,Yamaha,Ninja 400,Carlos Mendoza,Erick Gutierrez
3756,844,4307,mantenimiento preventivo en cromado y personalizacion debido a desgaste.,Finalizado,2026-03-02 00:00:00,2026-03-06 00:00:00,5848,Cliente informado,Yamaha,Duke 390,Carlos Mendoza,Francisco Blandon
3757,4551,37,instalacion y calibracion de revision general y test para mejorar rendimiento.,Finalizado,2026-03-22 00:00:00,2026-03-25 00:00:00,592,Cliente informado,Honda,XR150L,Jose Ramirez,Manuel Vargas
3758,3562,5193,instalacion y calibracion de suspension y carroceria segun solicitud del cliente.,Finalizado,2026-03-24 00:00:00,2026-03-24 00:00:00,2248,Entregado,Honda,Pulsar NS200,Carlos Mendoza,Kevin Torres
3759,4969,3990,mantenimiento preventivo en pintar carroceria y kit aerodinamico para mejorar rendimiento.,Finalizado,2026-03-23 00:00:00,2026-03-26 00:00:00,4817,Cliente informado,Honda,Ninja 400,Jose Ramirez,Steven Rocha
3760,3635,4633,mantenimiento preventivo en test y diagnostico segun solicitud del cliente.,Finalizado,2026-03-01 00:00:00,2026-03-04 00:00:00,1543,Cliente informado,Honda,R15,Jose Ramirez,Victor Rivas
3761,3464,4605,ajuste tecnico de encendido y sistema electrico para mejorar rendimiento.,Finalizado,2026-03-06 00:00:00,2026-03-06 00:00:00,4508,Cliente informado,KTM,Boxer 150,Jose Ramirez,Julio Navarro
3762,3852,1984,inspeccion avanzada de gps y gps para mejorar rendimiento.,Finalizado,2026-03-11 00:00:00,2026-03-15 00:00:00,3129,Entregado,Bajaj,FT150,Jose Ramirez,Victor Rivas
3763,2887,4433,diagnostico y reparacion de luces led y custom debido a desgaste.,Finalizado,2026-03-07 00:00:00,2026-03-09 00:00:00,3478,Entregado,Kawasaki,XR150L,Carlos Mendoza,Edwin Chavez
3764,3174,3681,diagnostico y reparacion de inspeccion y test segun solicitud del cliente.,Finalizado,2026-03-05 00:00:00,2026-03-06 00:00:00,5511,Entregado,Kawasaki,Apache RTR 200,Jose Ramirez,Juan Perez
3765,886,12,optimizacion del sistema gps y calipers segun solicitud del cliente.,Finalizado,2026-03-03 00:00:00,2026-03-03 00:00:00,1592,Entregado,Yamaha,MT-07,Jose Ramirez,Jose Ramirez
3766,1693,1184,diagnostico y reparacion de problema y ruido por falla detectada.,Finalizado,2026-03-16 00:00:00,2026-03-20 00:00:00,3419,Entregado,Italika,Boxer 150,Carlos Mendoza,Manuel Vargas
3767,43,251,optimizacion del sistema sistema electrico y cableado por falla detectada.,Finalizado,2026-03-14 00:00:00,2026-03-16 00:00:00,1318,Cliente informado,Suzuki,Pulsar NS200,Carlos Mendoza,Miguel Garcia
3768,638,748,inspeccion avanzada de motor de arranque y motor de arranque para mejorar rendimiento.,Finalizado,2026-03-08 00:00:00,2026-03-09 00:00:00,1418,Cliente informado,AKT,DM200,Carlos Mendoza,Francisco Blandon
3769,4073,3261,revision completa de evaluacion y test por falla detectada.,Finalizado,2026-03-26 00:00:00,2026-03-28 00:00:00,5101,Entregado,AKT,Apache RTR 200,Carlos Mendoza,Roberto Flores
3770,977,3741,diagnostico y reparacion de aleron y performance segun solicitud del cliente.,Finalizado,2026-03-14 00:00:00,2026-03-16 00:00:00,1011,Entregado,KTM,NKD 125,Jose Ramirez,Fernando Herrera
3771,3368,376,correccion especializada de chequeo y diagnostico debido a desgaste.,Finalizado,2026-03-06 00:00:00,2026-03-07 00:00:00,4969,Entregado,Kawasaki,Pulsar NS200,Jose Ramirez,Victor Rivas
3772,2546,4930,servicio integral para diagnostico y test incluyendo ajuste final.,Finalizado,2026-03-15 00:00:00,2026-03-18 00:00:00,3697,Entregado,Honda,NKD 125,Jose Ramirez,Oscar Reyes
3773,2353,2595,mantenimiento preventivo en ciguenal y frenos para mejorar rendimiento.,Finalizado,2026-03-10 00:00:00,2026-03-11 00:00:00,2799,Entregado,Honda,GN125,Jose Ramirez,Carlos Mendoza
3774,466,331,instalacion y calibracion de suspension y transmision debido a desgaste.,Finalizado,2026-03-10 00:00:00,2026-03-10 00:00:00,5117,Cliente informado,Honda,R15,Jose Ramirez,Erick Gutierrez
3775,762,2527,inspeccion avanzada de chequeo y inspeccion por falla detectada.,Finalizado,2026-03-07 00:00:00,2026-03-08 00:00:00,857,Cliente informado,Honda,Apache RTR 200,Jose Ramirez,Fernando Herrera
3776,3724,2393,instalacion y calibracion de pistones y motor con pruebas posteriores.,Finalizado,2026-03-23 00:00:00,2026-03-23 00:00:00,3548,Cliente informado,Kawasaki,CB190R,Carlos Mendoza,Andres Ruiz
3777,3720,3889,ajuste tecnico de performance y fibra de carbono debido a desgaste.,Finalizado,2026-03-26 00:00:00,2026-03-30 00:00:00,6281,Entregado,AKT,Duke 390,Jose Ramirez,Miguel Garcia
3778,4276,4136,ajuste tecnico de luces y fallo electrico segun solicitud del cliente.,Finalizado,2026-03-03 00:00:00,2026-03-05 00:00:00,2691,Cliente informado,KTM,Boxer 150,Jose Ramirez,Jose Ramirez
3779,3419,3398,mantenimiento preventivo en centralita y cableado por falla detectada.,Finalizado,2026-03-27 00:00:00,2026-03-27 00:00:00,3298,Entregado,Bajaj,CB190R,Jose Ramirez,Brayan Silva
3780,2403,769,servicio integral para problema y problema por falla detectada.,Finalizado,2026-03-07 00:00:00,2026-03-08 00:00:00,1276,Entregado,Yamaha,XR150L,Carlos Mendoza,Fernando Herrera
3781,3887,1284,instalacion y calibracion de escaneo y diagnostico y verificacion completa.,Finalizado,2026-02-28 00:00:00,2026-03-02 00:00:00,5488,Entregado,Italika,RC 200,Jose Ramirez,Victor Rivas
3782,3938,1211,mantenimiento preventivo en cableado y centralita debido a desgaste.,Finalizado,2026-03-08 00:00:00,2026-02-26 00:00:00,3186,Entregado,Suzuki,Apache RTR 200,Jose Ramirez,Victor Rivas
3783,4369,4843,ajuste tecnico de amortiguadores y distribucion segun solicitud del cliente.,Finalizado,2026-03-07 00:00:00,2026-03-10 00:00:00,5496,Cliente informado,Honda,Ninja 400,Jose Ramirez,Henry Tellez
3784,2018,3369,mantenimiento preventivo en calipers y frenos deportivos incluyendo ajuste final.,Finalizado,2026-03-23 00:00:00,2026-03-23 00:00:00,2476,Entregado,Bajaj,FT150,Jose Ramirez,Steven Rocha
3785,1649,773,ajuste tecnico de eje y suspension segun solicitud del cliente.,Finalizado,2026-03-16 00:00:00,2026-03-16 00:00:00,1634,Entregado,Honda,NKD 125,Jose Ramirez,Kevin Torres
3786,4449,923,mantenimiento preventivo en evaluacion y diagnostico por falla detectada.,Finalizado,2026-03-21 00:00:00,2026-03-21 00:00:00,851,Entregado,Yamaha,CB190R,Carlos Mendoza,Oscar Reyes
3787,844,4307,instalacion y calibracion de embrague y distribucion incluyendo ajuste final.,Finalizado,2026-03-02 00:00:00,2026-03-06 00:00:00,6256,Cliente informado,Yamaha,Z650,Carlos Mendoza,Miguel Garcia
3788,1274,4766,servicio integral para diagnostico y diagnostico y verificacion completa.,Finalizado,2026-03-09 00:00:00,2026-03-09 00:00:00,1309,Entregado,KTM,Z650,Jose Ramirez,Javier Morales
3789,52,2859,mantenimiento preventivo en caja de cambios y bomba de agua por falla detectada.,Finalizado,2026-03-29 00:00:00,2026-03-30 00:00:00,1992,Cliente informado,Suzuki,Apache RTR 200,Jose Ramirez,Wilmer Soto
3790,4955,2445,servicio integral para chequeo y revision para mejorar rendimiento.,Entregado,2026-03-15 00:00:00,2026-03-15 00:00:00,4336,Cliente informado,Yamaha,FZ16,Jose Ramirez,Samuel Cruz
3791,4538,1533,revision completa de motor de arranque y sensores debido a desgaste.,Finalizado,2026-03-08 00:00:00,2026-03-08 00:00:00,6181,Cliente informado,Suzuki,RC 200,Jose Ramirez,Eduardo Castro
3792,1809,1018,diagnostico y reparacion de problema y revision general debido a desgaste.,Finalizado,2026-03-03 00:00:00,2026-03-03 00:00:00,1158,Entregado,Yamaha,CBR 600RR,Carlos Mendoza,Jose Ramirez
3793,397,4584,diagnostico y reparacion de diferencial y radiador por falla detectada.,Entregado,2026-03-03 00:00:00,2026-03-03 00:00:00,6121,Cliente informado,Honda,MT-07,Carlos Mendoza,Manuel Vargas
3794,4154,4528,inspeccion avanzada de problema y problema incluyendo ajuste final.,Finalizado,2026-03-08 00:00:00,2026-03-12 00:00:00,1922,Entregado,AKT,XR150L,Jose Ramirez,Roberto Flores
3795,4788,3133,servicio integral para chequeo y cambio de aceite incluyendo ajuste final.,Finalizado,2026-03-18 00:00:00,2026-03-20 00:00:00,2225,Cliente informado,Honda,NKD 125,Carlos Mendoza,Mario Lopez
3796,4306,1278,revision completa de custom y llantas deportivas para mejorar rendimiento.,Finalizado,2026-03-03 00:00:00,2026-03-07 00:00:00,1162,Entregado,AKT,Boxer 150,Jose Ramirez,Steven Rocha
3797,4393,2682,revision completa de ciguenal y frenos incluyendo ajuste final.,Finalizado,2026-03-08 00:00:00,2026-03-09 00:00:00,6066,Cliente informado,KTM,FZ16,Carlos Mendoza,Julio Navarro
3798,3304,1765,instalacion y calibracion de bateria y sensores segun solicitud del cliente.,Finalizado,2026-03-24 00:00:00,2026-03-24 00:00:00,2265,Cliente informado,Italika,FT150,Jose Ramirez,Daniel Castillo
3799,4262,4895,instalacion y calibracion de niveles y lubricacion con pruebas posteriores.,Finalizado,2026-03-04 00:00:00,2026-03-04 00:00:00,3356,Entregado,KTM,GN125,Jose Ramirez,Henry Tellez
3800,857,1411,servicio integral para balanceo y alineacion incluyendo ajuste final.,Finalizado,2026-03-04 00:00:00,2026-03-04 00:00:00,5756,Entregado,KTM,GN125,Carlos Mendoza,Daniel Castillo
3801,1988,1627,ajuste tecnico de sonido y llantas deportivas con pruebas posteriores.,Finalizado,2026-03-29 00:00:00,2026-03-30 00:00:00,3853,Cliente informado,Yamaha,Pulsar NS200,Carlos Mendoza,Javier Morales
3802,1006,4633,revision completa de chasis y culata debido a desgaste.,Finalizado,2026-03-12 00:00:00,2026-03-15 00:00:00,561,Entregado,Suzuki,GN125,Jose Ramirez,Brayan Silva
3803,135,606,diagnostico y reparacion de chequeo y filtro de aire para mejorar rendimiento.,Finalizado,2026-03-14 00:00:00,2026-03-15 00:00:00,4786,Entregado,Kawasaki,DM200,Jose Ramirez,Samuel Cruz
3804,4939,503,instalacion y calibracion de distribucion y culata para mejorar rendimiento.,Finalizado,2026-03-28 00:00:00,2026-03-30 00:00:00,5778,Entregado,AKT,CB190R,Jose Ramirez,Julio Navarro
3805,1806,4494,revision completa de luces led y kit aerodinamico segun solicitud del cliente.,Finalizado,2026-03-01 00:00:00,2026-02-19 00:00:00,5492,Entregado,KTM,Duke 390,Carlos Mendoza,Wilmer Soto
3806,292,3440,optimizacion del sistema arbol de levas y culata por falla detectada.,Finalizado,2026-03-01 00:00:00,2026-03-02 00:00:00,5990,Entregado,Italika,GN125,Jose Ramirez,Manuel Vargas
3807,2873,2693,optimizacion del sistema sensores y cableado debido a desgaste.,Finalizado,2026-03-02 00:00:00,2026-03-05 00:00:00,3253,Cliente informado,Honda,Boxer 150,Jose Ramirez,Francisco Blandon
3808,4650,251,ajuste tecnico de suspension y embrague incluyendo ajuste final.,Finalizado,2026-03-23 00:00:00,2026-03-27 00:00:00,3543,Cliente informado,Yamaha,Gixxer 250,Jose Ramirez,Erick Gutierrez
3809,4073,3261,ajuste tecnico de motor y embrague para mejorar rendimiento.,Finalizado,2026-03-26 00:00:00,2026-03-28 00:00:00,1930,Entregado,TVS,Z650,Carlos Mendoza,Roberto Flores
3810,4674,4810,mantenimiento preventivo en chasis y motor y verificacion completa.,Finalizado,2026-03-12 00:00:00,2026-03-02 00:00:00,3856,Entregado,Bajaj,Z650,Jose Ramirez,Juan Perez
3811,4064,2203,correccion especializada de suspension deportiva y escape deportivo por falla detectada.,Finalizado,2026-03-21 00:00:00,2026-03-23 00:00:00,5787,Cliente informado,Yamaha,NKD 125,Carlos Mendoza,Kevin Torres
3812,4715,2721,ajuste tecnico de lubricacion y revision debido a desgaste.,Finalizado,2026-03-01 00:00:00,2026-03-01 00:00:00,1935,Cliente informado,KTM,GSX-R750,Carlos Mendoza,Kevin Torres
3813,795,2144,instalacion y calibracion de pintura y turbo para mejorar rendimiento.,Finalizado,2026-03-20 00:00:00,2026-03-24 00:00:00,4052,Cliente informado,AKT,Z650,Jose Ramirez,Fernando Herrera
3814,4610,3782,optimizacion del sistema filtro de aceite y balanceo incluyendo ajuste final.,Finalizado,2026-03-29 00:00:00,2026-04-02 00:00:00,2868,Entregado,Honda,NKD 125,Jose Ramirez,Luis Martinez
3815,3893,2560,optimizacion del sistema test y diagnostico debido a desgaste.,Finalizado,2026-03-03 00:00:00,2026-03-06 00:00:00,3002,Cliente informado,AKT,CB190R,Carlos Mendoza,Victor Rivas
3816,1524,940,inspeccion avanzada de niveles y revision y verificacion completa.,Finalizado,2026-03-02 00:00:00,2026-03-03 00:00:00,2796,Cliente informado,Yamaha,DM200,Carlos Mendoza,Jose Ramirez
3817,1564,1811,servicio integral para amortiguadores y arbol de levas segun solicitud del cliente.,Finalizado,2026-03-27 00:00:00,2026-03-29 00:00:00,2565,Entregado,Yamaha,FT150,Jose Ramirez,Carlos Mendoza
3818,4874,311,mantenimiento preventivo en vinilado y sonido por falla detectada.,Finalizado,2026-03-11 00:00:00,2026-03-14 00:00:00,2862,Entregado,KTM,GSX-R750,Carlos Mendoza,Henry Tellez
3819,844,4307,inspeccion avanzada de potencia y actualizacion de software y verificacion completa.,Finalizado,2026-03-02 00:00:00,2026-03-06 00:00:00,4494,Cliente informado,KTM,R15,Carlos Mendoza,Steven Rocha
3820,3585,559,servicio integral para arbol de levas y bomba de agua debido a desgaste.,Finalizado,2026-03-06 00:00:00,2026-03-07 00:00:00,2972,Entregado,Honda,RC 200,Jose Ramirez,Fernando Herrera
3821,2563,4306,instalacion y calibracion de modificacion y pintar carroceria con pruebas posteriores.,Finalizado,2026-03-24 00:00:00,2026-03-28 00:00:00,4580,Cliente informado,Suzuki,CB190R,Carlos Mendoza,Mario Lopez
3822,1904,4554,instalacion y calibracion de filtro de aceite y revision debido a desgaste.,Finalizado,2026-03-17 00:00:00,2026-03-20 00:00:00,4593,Cliente informado,KTM,XR150L,Jose Ramirez,Miguel Garcia
3823,4633,1876,diagnostico y reparacion de pantalla y aleron y verificacion completa.,Finalizado,2026-03-23 00:00:00,2026-03-24 00:00:00,1121,Cliente informado,Kawasaki,FT150,Jose Ramirez,Roberto Flores
3824,800,3519,optimizacion del sistema test y evaluacion para mejorar rendimiento.,Finalizado,2026-03-08 00:00:00,2026-03-10 00:00:00,3392,Entregado,Yamaha,NKD 125,Jose Ramirez,Edwin Chavez
3825,4154,4528,diagnostico y reparacion de chequeo y chequeo y verificacion completa.,Finalizado,2026-03-08 00:00:00,2026-03-12 00:00:00,1598,Entregado,Bajaj,GN125,Carlos Mendoza,Alexis Diaz
3826,3852,1984,ajuste tecnico de filtro de aceite y filtro de aire debido a desgaste.,Finalizado,2026-03-11 00:00:00,2026-03-15 00:00:00,6285,Entregado,Bajaj,MT-07,Jose Ramirez,Victor Rivas
3827,231,1844,ajuste tecnico de cambio de aceite y chequeo por falla detectada.,Finalizado,2026-03-18 00:00:00,2026-03-21 00:00:00,5199,Cliente informado,Yamaha,CB190R,Jose Ramirez,Daniel Castillo
3828,4140,4513,instalacion y calibracion de tuning y performance para mejorar rendimiento.,Finalizado,2026-03-08 00:00:00,2026-03-08 00:00:00,3614,Cliente informado,Honda,FT150,Carlos Mendoza,Julio Navarro
3829,2257,3895,revision completa de evaluacion y problema debido a desgaste.,Finalizado,2026-03-15 00:00:00,2026-03-19 00:00:00,3915,Entregado,KTM,MT-07,Jose Ramirez,Erick Gutierrez
3830,4538,1533,mantenimiento preventivo en encendido y cableado debido a desgaste.,Finalizado,2026-03-08 00:00:00,2026-03-08 00:00:00,5853,Cliente informado,Kawasaki,Pulsar NS200,Carlos Mendoza,Samuel Cruz
3831,717,4250,correccion especializada de ruido y problema para mejorar rendimiento.,Finalizado,2026-03-04 00:00:00,2026-03-05 00:00:00,1707,Cliente informado,KTM,CBR 600RR,Jose Ramirez,Cristian Molina
3832,4072,4080,correccion especializada de distribucion y caja de cambios debido a desgaste.,Finalizado,2026-03-29 00:00:00,2026-04-02 00:00:00,6103,Cliente informado,Suzuki,MT-07,Jose Ramirez,Miguel Garcia
3833,4823,1916,instalacion y calibracion de bujias y alineacion por falla detectada.,Finalizado,2026-03-15 00:00:00,2026-03-16 00:00:00,2414,Entregado,AKT,NKD 125,Carlos Mendoza,Cristian Molina
3834,2388,5026,ajuste tecnico de modificacion y pintura incluyendo ajuste final.,Finalizado,2026-03-11 00:00:00,2026-03-11 00:00:00,3706,Cliente informado,Suzuki,CBR 600RR,Jose Ramirez,Francisco Blandon
3835,4120,995,ajuste tecnico de lubricacion y cambio de aceite incluyendo ajuste final.,Finalizado,2026-03-18 00:00:00,2026-03-20 00:00:00,3357,Cliente informado,AKT,Pulsar NS200,Jose Ramirez,Oscar Reyes
3836,4823,1916,diagnostico y reparacion de cableado y encendido con pruebas posteriores.,Finalizado,2026-03-15 00:00:00,2026-03-16 00:00:00,4268,Entregado,Bajaj,GN125,Jose Ramirez,Daniel Castillo
3837,638,748,mantenimiento preventivo en chequeo y diagnostico segun solicitud del cliente.,Finalizado,2026-03-08 00:00:00,2026-03-09 00:00:00,4286,Cliente informado,KTM,GN125,Carlos Mendoza,Cristian Molina
3838,709,1627,mantenimiento preventivo en sonido y cambio color y verificacion completa.,Finalizado,2026-03-12 00:00:00,2026-03-15 00:00:00,5037,Cliente informado,TVS,GN125,Carlos Mendoza,Juan Perez
3839,2700,4017,servicio integral para radiador y radiador con pruebas posteriores.,Finalizado,2026-03-25 00:00:00,2026-03-27 00:00:00,2487,Entregado,Suzuki,Duke 390,Carlos Mendoza,Brayan Silva
3840,3413,2716,correccion especializada de problema y revision general y verificacion completa.,Finalizado,2026-03-25 00:00:00,2026-03-26 00:00:00,5195,Cliente informado,Yamaha,Gixxer 250,Jose Ramirez,Francisco Blandon
3841,935,3572,correccion especializada de chequeo y filtro de aire por falla detectada.,Finalizado,2026-03-15 00:00:00,2026-03-17 00:00:00,4681,Entregado,Bajaj,CB190R,Carlos Mendoza,Victor Rivas
3842,1707,3637,correccion especializada de direccion y amortiguadores con pruebas posteriores.,Finalizado,2026-03-08 00:00:00,2026-03-12 00:00:00,1099,Cliente informado,KTM,CB190R,Jose Ramirez,Fernando Herrera
3843,4019,1202,instalacion y calibracion de pintura y escape deportivo y verificacion completa.,Finalizado,2026-03-21 00:00:00,2026-03-21 00:00:00,6440,Entregado,Honda,CBR 600RR,Jose Ramirez,Manuel Vargas
3844,1801,4163,revision completa de balanceo y lubricacion incluyendo ajuste final.,Finalizado,2026-03-09 00:00:00,2026-03-12 00:00:00,4734,Cliente informado,TVS,Z650,Jose Ramirez,Fernando Herrera
3845,28,3267,ajuste tecnico de cambio de aceite y filtro de aceite para mejorar rendimiento.,Finalizado,2026-03-15 00:00:00,2026-03-18 00:00:00,2695,Cliente informado,KTM,R15,Carlos Mendoza,Eduardo Castro
3846,3416,621,revision completa de revision y filtro de aceite y verificacion completa.,Finalizado,2026-03-26 00:00:00,2026-03-29 00:00:00,2584,Cliente informado,Italika,GN125,Jose Ramirez,Alexis Diaz
3847,2792,791,ajuste tecnico de cableado y luces segun solicitud del cliente.,Finalizado,2026-03-27 00:00:00,2026-03-28 00:00:00,2330,Entregado,Suzuki,XR150L,Jose Ramirez,Henry Tellez
3848,4234,4130,inspeccion avanzada de distribucion y chasis para mejorar rendimiento.,Finalizado,2026-03-06 00:00:00,2026-03-07 00:00:00,6047,Entregado,Honda,Z650,Carlos Mendoza,Victor Rivas
3849,4973,621,servicio integral para frenos deportivos y actualizacion de software y verificacion completa.,Entregado,2026-03-19 00:00:00,2026-03-23 00:00:00,3133,Cliente informado,TVS,NKD 125,Carlos Mendoza,Luis Martinez
3850,795,3736,ajuste tecnico de bujias y balanceo por falla detectada.,Finalizado,2026-03-22 00:00:00,2026-03-12 00:00:00,4650,Cliente informado,TVS,Gixxer 250,Carlos Mendoza,Wilmer Soto
3851,3961,4270,revision completa de revision y filtro de aire y verificacion completa.,Finalizado,2026-03-03 00:00:00,2026-03-05 00:00:00,4480,Entregado,Kawasaki,DM200,Carlos Mendoza,Samuel Cruz
3852,2617,2520,revision completa de problema y evaluacion con pruebas posteriores.,Finalizado,2026-03-11 00:00:00,2026-03-11 00:00:00,3598,Cliente informado,Italika,Duke 390,Jose Ramirez,Daniel Castillo
3853,3658,2567,optimizacion del sistema sistema electrico y fallo electrico con pruebas posteriores.,Finalizado,2026-03-17 00:00:00,2026-03-17 00:00:00,6202,Cliente informado,Bajaj,MT-07,Carlos Mendoza,Fernando Herrera
3854,504,3267,instalacion y calibracion de fallo electrico y luces incluyendo ajuste final.,Finalizado,2026-03-04 00:00:00,2026-03-05 00:00:00,1726,Cliente informado,Suzuki,RC 200,Jose Ramirez,Roberto Flores
3855,4894,2139,mantenimiento preventivo en cambio de aceite y lubricacion por falla detectada.,Entregado,2026-03-03 00:00:00,2026-03-07 00:00:00,3147,Cliente informado,Suzuki,Z650,Jose Ramirez,Victor Rivas
3856,4068,1264,mantenimiento preventivo en cambio de aceite y lubricacion segun solicitud del cliente.,En proceso,2026-03-26 00:00:00,2026-03-26 00:00:00,996,Cliente informado,KTM,R15,Carlos Mendoza,Wilmer Soto
3857,943,1999,correccion especializada de fallo electrico y bateria por falla detectada.,Finalizado,2026-03-01 00:00:00,2026-03-05 00:00:00,2704,Cliente informado,KTM,Duke 390,Carlos Mendoza,Eduardo Castro
3858,4924,2464,mantenimiento preventivo en escape deportivo y reprogramacion y verificacion completa.,Finalizado,2026-03-23 00:00:00,2026-03-26 00:00:00,4017,Entregado,KTM,DM200,Jose Ramirez,Javier Morales
3859,575,5077,revision completa de amortiguadores y frenos y verificacion completa.,Finalizado,2026-03-22 00:00:00,2026-03-22 00:00:00,6149,Cliente informado,Kawasaki,GN125,Carlos Mendoza,Henry Tellez
3860,2130,4496,ajuste tecnico de sistema electrico y sistema electrico con pruebas posteriores.,Finalizado,2026-03-04 00:00:00,2026-03-06 00:00:00,1320,Entregado,TVS,DM200,Jose Ramirez,Julio Navarro
3861,2122,189,instalacion y calibracion de test y ruido con pruebas posteriores.,Finalizado,2026-03-03 00:00:00,2026-03-04 00:00:00,3420,Cliente informado,Bajaj,Apache RTR 200,Jose Ramirez,Manuel Vargas
3862,3938,1211,servicio integral para escaneo y problema y verificacion completa.,Finalizado,2026-03-08 00:00:00,2026-02-26 00:00:00,2369,Entregado,Bajaj,MT-07,Carlos Mendoza,Miguel Garcia
3863,3517,3276,mantenimiento preventivo en motor y chasis para mejorar rendimiento.,Finalizado,2026-03-01 00:00:00,2026-03-02 00:00:00,1752,Cliente informado,Honda,FZ16,Jose Ramirez,Carlos Mendoza
3864,10,4188,servicio integral para bujias y niveles y verificacion completa.,Finalizado,2026-03-22 00:00:00,2026-03-26 00:00:00,1852,Entregado,Yamaha,Duke 390,Jose Ramirez,Miguel Garcia
3865,786,2305,ajuste tecnico de balanceo y filtro de aceite con pruebas posteriores.,Finalizado,2026-03-24 00:00:00,2026-03-25 00:00:00,5385,Entregado,Bajaj,MT-07,Carlos Mendoza,Eduardo Castro
3866,587,446,instalacion y calibracion de motor y embrague segun solicitud del cliente.,Finalizado,2026-03-28 00:00:00,2026-03-28 00:00:00,3507,Entregado,Kawasaki,GSX-R750,Jose Ramirez,Edwin Chavez
3867,2918,3833,ajuste tecnico de luces y encendido por falla detectada.,Finalizado,2026-03-01 00:00:00,2026-03-01 00:00:00,4436,Entregado,KTM,RC 200,Jose Ramirez,Francisco Blandon
3868,4415,656,servicio integral para escape deportivo y frenos deportivos incluyendo ajuste final.,Finalizado,2026-03-01 00:00:00,2026-03-03 00:00:00,4951,Entregado,KTM,Duke 390,Carlos Mendoza,Oscar Reyes
3869,137,4511,inspeccion avanzada de sistema electrico y encendido por falla detectada.,Finalizado,2026-03-16 00:00:00,2026-03-19 00:00:00,3546,Cliente informado,AKT,FT150,Jose Ramirez,Kevin Torres
3870,3513,2464,ajuste tecnico de sistema electrico y alternador y verificacion completa.,Finalizado,2026-03-02 00:00:00,2026-03-05 00:00:00,5725,Cliente informado,Suzuki,FT150,Jose Ramirez,Miguel Garcia
3871,2396,3570,correccion especializada de cableado y bateria por falla detectada.,Finalizado,2026-03-10 00:00:00,2026-03-12 00:00:00,6222,Entregado,Italika,DM200,Jose Ramirez,Alexis Diaz
3872,4443,2716,diagnostico y reparacion de encendido y cableado segun solicitud del cliente.,Finalizado,2026-03-11 00:00:00,2026-03-13 00:00:00,4166,Cliente informado,Yamaha,CBR 600RR,Jose Ramirez,Brayan Silva
3873,4794,4493,ajuste tecnico de radiador y embrague incluyendo ajuste final.,Finalizado,2026-03-02 00:00:00,2026-03-06 00:00:00,3455,Cliente informado,Bajaj,FT150,Carlos Mendoza,Juan Perez
3874,1249,3244,diagnostico y reparacion de sistema electrico y luces por falla detectada.,Finalizado,2026-03-14 00:00:00,2026-03-16 00:00:00,5588,Entregado,Yamaha,Ninja 400,Jose Ramirez,Francisco Blandon
3875,1392,2945,inspeccion avanzada de revision general y problema segun solicitud del cliente.,Finalizado,2026-03-08 00:00:00,2026-02-26 00:00:00,3470,Cliente informado,Suzuki,Gixxer 250,Jose Ramirez,Henry Tellez
3876,1273,3166,servicio integral para test y inspeccion segun solicitud del cliente.,Finalizado,2026-03-01 00:00:00,2026-03-02 00:00:00,4141,Entregado,TVS,DM200,Carlos Mendoza,Jose Ramirez
3877,338,982,mantenimiento preventivo en sistema electrico y luces para mejorar rendimiento.,Finalizado,2026-03-28 00:00:00,2026-04-01 00:00:00,4720,Entregado,Yamaha,Duke 390,Carlos Mendoza,Luis Martinez
3878,969,2859,correccion especializada de balanceo y revision con pruebas posteriores.,Finalizado,2026-03-14 00:00:00,2026-03-15 00:00:00,2023,Entregado,Suzuki,NKD 125,Carlos Mendoza,Eduardo Castro
3879,2325,3308,mantenimiento preventivo en problema y escaneo debido a desgaste.,Finalizado,2026-03-23 00:00:00,2026-03-26 00:00:00,4213,Entregado,Suzuki,FZ16,Jose Ramirez,Carlos Mendoza
3880,2546,429,correccion especializada de centralita y sistema electrico debido a desgaste.,Finalizado,2026-03-08 00:00:00,2026-03-10 00:00:00,876,Cliente informado,Suzuki,Duke 390,Carlos Mendoza,Cristian Molina
3881,2911,3616,ajuste tecnico de escaneo y revision general por falla detectada.,Finalizado,2026-03-01 00:00:00,2026-03-02 00:00:00,5937,Entregado,Italika,RC 200,Jose Ramirez,Edwin Chavez
3882,3163,2619,mantenimiento preventivo en sensores y encendido con pruebas posteriores.,Finalizado,2026-03-28 00:00:00,2026-03-30 00:00:00,5828,Cliente informado,Italika,CBR 600RR,Carlos Mendoza,Alexis Diaz
3883,580,1811,servicio integral para chequeo y escaneo y verificacion completa.,Finalizado,2026-03-16 00:00:00,2026-03-17 00:00:00,5002,Cliente informado,Bajaj,MT-07,Jose Ramirez,Alexis Diaz
3884,4207,3151,revision completa de sonido y luces led para mejorar rendimiento.,Finalizado,2026-03-23 00:00:00,2026-03-13 00:00:00,1854,Cliente informado,Honda,FT150,Jose Ramirez,Steven Rocha
3885,144,2369,diagnostico y reparacion de calipers y kit aerodinamico segun solicitud del cliente.,Finalizado,2026-03-21 00:00:00,2026-03-25 00:00:00,524,Cliente informado,AKT,GN125,Carlos Mendoza,Juan Perez
3886,480,3819,mantenimiento preventivo en diferencial y suspension incluyendo ajuste final.,Finalizado,2026-03-09 00:00:00,2026-03-09 00:00:00,899,Entregado,TVS,Z650,Carlos Mendoza,Cristian Molina
3887,2449,1778,revision completa de pintura y aleron debido a desgaste.,Finalizado,2026-03-04 00:00:00,2026-02-22 00:00:00,5184,Cliente informado,Kawasaki,GSX-R750,Jose Ramirez,Kevin Torres
3888,3563,591,mantenimiento preventivo en alternador y sistema electrico debido a desgaste.,Finalizado,2026-03-24 00:00:00,2026-03-25 00:00:00,1408,Cliente informado,Honda,Duke 390,Jose Ramirez,Henry Tellez
3889,2098,2476,ajuste tecnico de chasis y bomba de agua con pruebas posteriores.,Finalizado,2026-03-17 00:00:00,2026-03-21 00:00:00,4022,Entregado,Honda,NKD 125,Carlos Mendoza,Manuel Vargas
3890,4798,637,diagnostico y reparacion de sensores y sistema electrico y verificacion completa.,Finalizado,2026-03-13 00:00:00,2026-03-15 00:00:00,1817,Cliente informado,KTM,CBR 600RR,Carlos Mendoza,Kevin Torres
3891,1032,1808,instalacion y calibracion de diagnostico y diagnostico para mejorar rendimiento.,Finalizado,2026-02-28 00:00:00,2026-03-01 00:00:00,556,Cliente informado,Bajaj,GSX-R750,Carlos Mendoza,Juan Perez
3892,4766,3833,revision completa de calipers y suspension deportiva por falla detectada.,Finalizado,2026-03-11 00:00:00,2026-03-14 00:00:00,949,Cliente informado,Honda,XR150L,Jose Ramirez,Brayan Silva
3893,788,2774,mantenimiento preventivo en chequeo y revision por falla detectada.,Finalizado,2026-03-07 00:00:00,2026-03-09 00:00:00,2208,Cliente informado,KTM,FZ16,Carlos Mendoza,Cristian Molina
3894,3979,4752,revision completa de diagnostico y chequeo con pruebas posteriores.,Finalizado,2026-03-18 00:00:00,2026-03-21 00:00:00,1075,Entregado,KTM,Z650,Jose Ramirez,Samuel Cruz
3895,3887,1284,servicio integral para lubricacion y filtro de aceite segun solicitud del cliente.,Finalizado,2026-02-28 00:00:00,2026-03-02 00:00:00,2761,Entregado,Yamaha,CB190R,Jose Ramirez,Andres Ruiz
3896,524,60,diagnostico y reparacion de bujias y niveles segun solicitud del cliente.,Finalizado,2026-03-06 00:00:00,2026-03-10 00:00:00,5056,Entregado,Suzuki,Z650,Jose Ramirez,Daniel Castillo
3897,3315,1733,ajuste tecnico de luces y sensores para mejorar rendimiento.,Finalizado,2026-03-02 00:00:00,2026-03-06 00:00:00,589,Cliente informado,Yamaha,FZ16,Carlos Mendoza,Eduardo Castro
3898,4276,4136,instalacion y calibracion de revision y chequeo y verificacion completa.,Finalizado,2026-03-03 00:00:00,2026-03-05 00:00:00,6137,Cliente informado,Bajaj,R15,Jose Ramirez,Andres Ruiz
3899,3424,2871,instalacion y calibracion de chequeo y test incluyendo ajuste final.,Finalizado,2026-03-15 00:00:00,2026-03-15 00:00:00,1799,Cliente informado,Yamaha,RC 200,Jose Ramirez,Samuel Cruz
3900,4860,2387,correccion especializada de sistema electrico y sensores incluyendo ajuste final.,Finalizado,2026-03-20 00:00:00,2026-03-21 00:00:00,2251,Cliente informado,Honda,CBR 600RR,Jose Ramirez,Edwin Chavez
3901,3344,852,ajuste tecnico de chequeo y chequeo por falla detectada.,Finalizado,2026-02-28 00:00:00,2026-03-04 00:00:00,4282,Entregado,Kawasaki,Duke 390,Jose Ramirez,Alexis Diaz
3902,4939,503,optimizacion del sistema llantas deportivas y actualizacion de software por falla detectada.,Finalizado,2026-03-28 00:00:00,2026-03-30 00:00:00,2645,Entregado,Bajaj,CB190R,Carlos Mendoza,Cristian Molina
3903,57,5056,diagnostico y reparacion de lubricacion y revision segun solicitud del cliente.,Finalizado,2026-03-02 00:00:00,2026-03-05 00:00:00,5371,Cliente informado,Suzuki,Pulsar NS200,Carlos Mendoza,Steven Rocha
3904,4900,560,instalacion y calibracion de distribucion y distribucion y verificacion completa.,Finalizado,2026-03-06 00:00:00,2026-03-07 00:00:00,1783,Cliente informado,Suzuki,Boxer 150,Jose Ramirez,Samuel Cruz
3905,2409,3572,optimizacion del sistema custom y actualizacion de software debido a desgaste.,Finalizado,2026-03-10 00:00:00,2026-03-13 00:00:00,694,Cliente informado,Kawasaki,Boxer 150,Jose Ramirez,Luis Martinez
3906,829,3315,revision completa de reprogramacion y turbo debido a desgaste.,Finalizado,2026-03-26 00:00:00,2026-03-26 00:00:00,5954,Cliente informado,Yamaha,FZ16,Carlos Mendoza,Andres Ruiz
3907,1298,1103,servicio integral para filtro de aire y filtro de aire y verificacion completa.,Finalizado,2026-03-23 00:00:00,2026-03-27 00:00:00,1557,Entregado,Suzuki,Gixxer 250,Carlos Mendoza,Julio Navarro
3908,1862,3441,diagnostico y reparacion de distribucion y ciguenal por falla detectada.,Finalizado,2026-03-28 00:00:00,2026-03-30 00:00:00,5521,Cliente informado,TVS,FT150,Jose Ramirez,Cristian Molina
3909,4064,2203,inspeccion avanzada de lubricacion y revision por falla detectada.,Finalizado,2026-03-21 00:00:00,2026-03-23 00:00:00,2397,Cliente informado,Bajaj,FT150,Carlos Mendoza,Miguel Garcia
3910,4489,3051,ajuste tecnico de caja de cambios y caja de cambios y verificacion completa.,Finalizado,2026-03-15 00:00:00,2026-03-17 00:00:00,2042,Entregado,Bajaj,CB190R,Jose Ramirez,Samuel Cruz
3911,1238,3159,revision completa de carroceria y culata segun solicitud del cliente.,En proceso,2026-03-20 00:00:00,2026-03-21 00:00:00,5902,Entregado,Honda,Pulsar NS200,Carlos Mendoza,Julio Navarro
3912,2407,1791,servicio integral para filtro de aceite y filtro de aceite segun solicitud del cliente.,Finalizado,2026-03-14 00:00:00,2026-03-17 00:00:00,4730,Cliente informado,Yamaha,GSX-R750,Jose Ramirez,Juan Perez
3913,5,55,diagnostico y reparacion de filtro de aire y niveles por falla detectada.,Finalizado,2026-03-11 00:00:00,2026-03-14 00:00:00,3181,Entregado,AKT,MT-07,Jose Ramirez,Victor Rivas
3914,845,4467,optimizacion del sistema bateria y alternador debido a desgaste.,Finalizado,2026-03-05 00:00:00,2026-03-05 00:00:00,5693,Entregado,Honda,R15,Carlos Mendoza,Fernando Herrera
3915,4471,257,servicio integral para filtro de aire y filtro de aire con pruebas posteriores.,Finalizado,2026-03-15 00:00:00,2026-03-17 00:00:00,1676,Entregado,Italika,MT-07,Carlos Mendoza,Jose Ramirez
3916,4286,502,inspeccion avanzada de filtro de aceite y chequeo por falla detectada.,Finalizado,2026-03-23 00:00:00,2026-03-27 00:00:00,1254,Entregado,Yamaha,Boxer 150,Jose Ramirez,Fernando Herrera
3917,1869,68,inspeccion avanzada de test y chequeo por falla detectada.,Finalizado,2026-03-14 00:00:00,2026-03-14 00:00:00,4894,Cliente informado,Suzuki,FT150,Carlos Mendoza,Jose Ramirez
3918,2282,5037,optimizacion del sistema escape deportivo y cambio color para mejorar rendimiento.,Finalizado,2026-03-24 00:00:00,2026-03-28 00:00:00,1675,Cliente informado,Suzuki,Apache RTR 200,Jose Ramirez,Henry Tellez
3919,3166,4505,optimizacion del sistema escaneo y test incluyendo ajuste final.,Finalizado,2026-03-26 00:00:00,2026-03-30 00:00:00,4768,Cliente informado,Suzuki,XR150L,Carlos Mendoza,Brayan Silva
3920,4127,3315,revision completa de gps y actualizacion de software segun solicitud del cliente.,Finalizado,2026-03-29 00:00:00,2026-03-30 00:00:00,1902,Cliente informado,Suzuki,RC 200,Carlos Mendoza,Juan Perez
3921,1891,2066,instalacion y calibracion de falla y falla debido a desgaste.,Finalizado,2026-03-18 00:00:00,2026-03-18 00:00:00,3087,Cliente informado,Kawasaki,Apache RTR 200,Jose Ramirez,Henry Tellez
3922,136,3821,diagnostico y reparacion de revision y chequeo y verificacion completa.,Finalizado,2026-03-15 00:00:00,2026-03-16 00:00:00,3722,Cliente informado,Suzuki,GN125,Jose Ramirez,Mario Lopez
3923,1632,2973,optimizacion del sistema luces led y audio y verificacion completa.,Finalizado,2026-03-15 00:00:00,2026-03-17 00:00:00,5595,Cliente informado,Yamaha,Ninja 400,Carlos Mendoza,Henry Tellez
3924,4522,4978,instalacion y calibracion de camara y reprogramacion y verificacion completa.,Finalizado,2026-03-11 00:00:00,2026-03-11 00:00:00,606,Entregado,TVS,R15,Jose Ramirez,Eduardo Castro
3925,4137,1039,correccion especializada de chip y potencia segun solicitud del cliente.,Finalizado,2026-03-23 00:00:00,2026-03-25 00:00:00,5721,Cliente informado,Honda,CB190R,Carlos Mendoza,Wilmer Soto
3926,1006,4633,servicio integral para cambio de aceite y bujias y verificacion completa.,Finalizado,2026-03-12 00:00:00,2026-03-15 00:00:00,3589,Entregado,Bajaj,Z650,Carlos Mendoza,Cristian Molina
3927,2533,2190,inspeccion avanzada de diagnostico y chequeo para mejorar rendimiento.,Finalizado,2026-03-25 00:00:00,2026-03-29 00:00:00,2374,Entregado,Kawasaki,Duke 390,Carlos Mendoza,Julio Navarro
3928,3293,1184,mantenimiento preventivo en velocidad y escape deportivo para mejorar rendimiento.,Finalizado,2026-03-14 00:00:00,2026-03-15 00:00:00,5751,Cliente informado,Italika,NKD 125,Jose Ramirez,Francisco Blandon
3929,3315,1733,ajuste tecnico de niveles y filtro de aire debido a desgaste.,Finalizado,2026-03-02 00:00:00,2026-03-06 00:00:00,3219,Cliente informado,KTM,CB190R,Carlos Mendoza,Alexis Diaz
3930,2739,78,correccion especializada de inspeccion y problema incluyendo ajuste final.,Finalizado,2026-03-19 00:00:00,2026-03-09 00:00:00,1307,Entregado,Suzuki,Duke 390,Carlos Mendoza,Fernando Herrera
3931,57,5056,diagnostico y reparacion de pintar carroceria y velocidad con pruebas posteriores.,Finalizado,2026-03-02 00:00:00,2026-03-05 00:00:00,4821,Cliente informado,TVS,R15,Jose Ramirez,Roberto Flores
3932,2964,4413,correccion especializada de filtro de aceite y filtro de aceite y verificacion completa.,Finalizado,2026-03-23 00:00:00,2026-03-13 00:00:00,3367,Cliente informado,Italika,FT150,Jose Ramirez,Erick Gutierrez
3933,3893,2560,servicio integral para biela y embrague incluyendo ajuste final.,Finalizado,2026-03-03 00:00:00,2026-03-06 00:00:00,1572,Cliente informado,KTM,NKD 125,Carlos Mendoza,Francisco Blandon
3934,3284,2324,ajuste tecnico de carroceria y caja de cambios para mejorar rendimiento.,Finalizado,2026-03-16 00:00:00,2026-03-17 00:00:00,5758,Cliente informado,Italika,XR150L,Jose Ramirez,Eduardo Castro
3935,2563,4306,ajuste tecnico de cambio de aceite y filtro de aceite debido a desgaste.,Finalizado,2026-03-24 00:00:00,2026-03-28 00:00:00,2379,Cliente informado,Suzuki,FZ16,Jose Ramirez,Roberto Flores
3936,3510,3426,inspeccion avanzada de niveles y chequeo con pruebas posteriores.,Finalizado,2026-03-18 00:00:00,2026-03-19 00:00:00,5536,Cliente informado,Yamaha,GSX-R750,Jose Ramirez,Manuel Vargas
3937,1874,4946,inspeccion avanzada de encendido y cableado incluyendo ajuste final.,Finalizado,2026-03-20 00:00:00,2026-03-23 00:00:00,4500,Entregado,Kawasaki,MT-07,Jose Ramirez,Wilmer Soto
3938,1898,4483,mantenimiento preventivo en pistones y motor incluyendo ajuste final.,Finalizado,2026-03-18 00:00:00,2026-03-22 00:00:00,4921,Entregado,TVS,Apache RTR 200,Jose Ramirez,Jose Ramirez
3939,2723,3492,ajuste tecnico de fallo electrico y cableado incluyendo ajuste final.,En proceso,2026-03-05 00:00:00,2026-03-06 00:00:00,622,Cliente informado,Italika,Ninja 400,Jose Ramirez,Luis Martinez
3940,97,3693,mantenimiento preventivo en alternador y luces y verificacion completa.,En proceso,2026-03-09 00:00:00,2026-03-13 00:00:00,6377,Cliente informado,KTM,Duke 390,Jose Ramirez,Javier Morales
3941,2813,4926,optimizacion del sistema bomba de agua y amortiguadores con pruebas posteriores.,Finalizado,2026-03-02 00:00:00,2026-03-03 00:00:00,6242,Entregado,Yamaha,GN125,Jose Ramirez,Juan Perez
3942,383,4981,mantenimiento preventivo en balanceo y bujias segun solicitud del cliente.,Entregado,2026-03-23 00:00:00,2026-03-27 00:00:00,3190,Cliente informado,Kawasaki,CB190R,Jose Ramirez,Brayan Silva
3943,924,2487,mantenimiento preventivo en calipers y calipers con pruebas posteriores.,Finalizado,2026-03-29 00:00:00,2026-03-31 00:00:00,1825,Cliente informado,Suzuki,Ninja 400,Jose Ramirez,Francisco Blandon
3944,4409,4511,instalacion y calibracion de frenos y eje segun solicitud del cliente.,Finalizado,2026-03-01 00:00:00,2026-03-03 00:00:00,1922,Entregado,Suzuki,Pulsar NS200,Carlos Mendoza,Juan Perez
3945,2277,2131,instalacion y calibracion de sistema electrico y sistema electrico por falla detectada.,Entregado,2026-03-23 00:00:00,2026-03-26 00:00:00,2852,Entregado,Italika,Boxer 150,Carlos Mendoza,Cristian Molina
3946,3574,2443,optimizacion del sistema revision y alineacion con pruebas posteriores.,Finalizado,2026-03-26 00:00:00,2026-03-28 00:00:00,4250,Cliente informado,Yamaha,Z650,Carlos Mendoza,Victor Rivas
3947,756,3657,inspeccion avanzada de carroceria y direccion y verificacion completa.,Finalizado,2026-03-07 00:00:00,2026-03-09 00:00:00,3677,Cliente informado,Honda,RC 200,Carlos Mendoza,Javier Morales
3948,844,4307,diagnostico y reparacion de camara y polarizado para mejorar rendimiento.,Finalizado,2026-03-02 00:00:00,2026-03-06 00:00:00,6098,Cliente informado,Suzuki,Pulsar NS200,Jose Ramirez,Cristian Molina
3949,3724,2393,revision completa de revision general y escaneo incluyendo ajuste final.,Finalizado,2026-03-23 00:00:00,2026-03-23 00:00:00,5685,Cliente informado,Honda,NKD 125,Carlos Mendoza,Andres Ruiz
3950,3462,3276,mantenimiento preventivo en falla y falla por falla detectada.,Finalizado,2026-03-06 00:00:00,2026-03-07 00:00:00,4659,Cliente informado,AKT,XR150L,Jose Ramirez,Oscar Reyes
3951,3938,1211,optimizacion del sistema luces y cableado con pruebas posteriores.,Finalizado,2026-03-08 00:00:00,2026-02-26 00:00:00,4341,Entregado,Yamaha,Apache RTR 200,Jose Ramirez,Francisco Blandon
3952,3476,1832,mantenimiento preventivo en problema y test para mejorar rendimiento.,Finalizado,2026-03-16 00:00:00,2026-03-18 00:00:00,5837,Entregado,Honda,RC 200,Jose Ramirez,Erick Gutierrez
3953,977,3741,ajuste tecnico de luces led y pintar carroceria incluyendo ajuste final.,Finalizado,2026-03-14 00:00:00,2026-03-16 00:00:00,1330,Entregado,Italika,Gixxer 250,Jose Ramirez,Erick Gutierrez
3954,3870,5192,mantenimiento preventivo en evaluacion y ruido por falla detectada.,Finalizado,2026-03-05 00:00:00,2026-03-08 00:00:00,3115,Entregado,Bajaj,Ninja 400,Jose Ramirez,Victor Rivas
3955,2447,387,mantenimiento preventivo en distribucion y distribucion para mejorar rendimiento.,Finalizado,2026-03-24 00:00:00,2026-03-25 00:00:00,3223,Entregado,Suzuki,RC 200,Carlos Mendoza,Steven Rocha
3956,3574,2443,ajuste tecnico de direccion y biela para mejorar rendimiento.,Finalizado,2026-03-26 00:00:00,2026-03-28 00:00:00,1205,Cliente informado,AKT,Duke 390,Carlos Mendoza,Roberto Flores
3957,4515,2714,inspeccion avanzada de balanceo y filtro de aceite para mejorar rendimiento.,Finalizado,2026-03-28 00:00:00,2026-03-31 00:00:00,5355,Cliente informado,KTM,GSX-R750,Jose Ramirez,Francisco Blandon
3958,2395,2543,correccion especializada de revision y revision y verificacion completa.,Finalizado,2026-03-25 00:00:00,2026-03-25 00:00:00,2796,Entregado,TVS,MT-07,Carlos Mendoza,Kevin Torres
3959,182,134,revision completa de pistones y eje debido a desgaste.,Finalizado,2026-03-15 00:00:00,2026-03-19 00:00:00,2285,Entregado,Kawasaki,CB190R,Jose Ramirez,Eduardo Castro
3960,2496,180,inspeccion avanzada de chasis y distribucion debido a desgaste.,En proceso,2026-03-07 00:00:00,2026-03-07 00:00:00,655,Entregado,Honda,CB190R,Carlos Mendoza,Kevin Torres
3961,4991,635,correccion especializada de revision general y diagnostico por falla detectada.,Finalizado,2026-03-03 00:00:00,2026-03-06 00:00:00,2984,Cliente informado,Yamaha,CBR 600RR,Carlos Mendoza,Cristian Molina
3962,1806,4494,ajuste tecnico de sensores y alternador y verificacion completa.,Finalizado,2026-03-01 00:00:00,2026-02-19 00:00:00,1683,Entregado,Honda,Gixxer 250,Carlos Mendoza,Miguel Garcia
3963,2634,4648,diagnostico y reparacion de sistema electrico y luces para mejorar rendimiento.,En proceso,2026-03-08 00:00:00,2026-03-10 00:00:00,674,Cliente informado,Bajaj,Ninja 400,Jose Ramirez,Miguel Garcia
3964,386,419,revision completa de distribucion y distribucion con pruebas posteriores.,Finalizado,2026-03-19 00:00:00,2026-03-19 00:00:00,991,Entregado,Honda,Boxer 150,Carlos Mendoza,Henry Tellez
3965,4938,1938,correccion especializada de centralita y luces debido a desgaste.,Finalizado,2026-03-13 00:00:00,2026-03-16 00:00:00,1626,Cliente informado,Suzuki,XR150L,Carlos Mendoza,Jose Ramirez
3966,1524,940,instalacion y calibracion de ciguenal y frenos y verificacion completa.,Finalizado,2026-03-02 00:00:00,2026-03-03 00:00:00,6491,Cliente informado,Bajaj,Apache RTR 200,Jose Ramirez,Carlos Mendoza
3967,83,2646,optimizacion del sistema personalizacion y camara incluyendo ajuste final.,Finalizado,2026-03-01 00:00:00,2026-03-01 00:00:00,3672,Entregado,Honda,Apache RTR 200,Jose Ramirez,Mario Lopez
3968,2479,5175,diagnostico y reparacion de alternador y luces por falla detectada.,Finalizado,2026-03-19 00:00:00,2026-03-22 00:00:00,1202,Entregado,Suzuki,R15,Jose Ramirez,Victor Rivas
3969,566,4348,mantenimiento preventivo en transmision y amortiguadores con pruebas posteriores.,Finalizado,2026-03-10 00:00:00,2026-03-13 00:00:00,1328,Entregado,Honda,Ninja 400,Jose Ramirez,Daniel Castillo
3970,632,3003,inspeccion avanzada de frenos y direccion debido a desgaste.,Finalizado,2026-03-13 00:00:00,2026-03-14 00:00:00,4314,Cliente informado,Yamaha,Duke 390,Jose Ramirez,Steven Rocha
3971,902,5131,servicio integral para pantalla y escape deportivo incluyendo ajuste final.,Finalizado,2026-03-25 00:00:00,2026-03-26 00:00:00,2977,Cliente informado,Bajaj,NKD 125,Carlos Mendoza,Andres Ruiz
3972,654,4404,diagnostico y reparacion de fallo electrico y centralita por falla detectada.,Finalizado,2026-03-14 00:00:00,2026-03-15 00:00:00,2436,Cliente informado,Kawasaki,CB190R,Jose Ramirez,Daniel Castillo
3973,739,2603,correccion especializada de chequeo y niveles segun solicitud del cliente.,Finalizado,2026-03-29 00:00:00,2026-03-29 00:00:00,4906,Cliente informado,Suzuki,FT150,Jose Ramirez,Julio Navarro
3974,1845,232,mantenimiento preventivo en pistones y transmision para mejorar rendimiento.,Finalizado,2026-03-22 00:00:00,2026-03-24 00:00:00,5386,Cliente informado,KTM,Pulsar NS200,Carlos Mendoza,Juan Perez
3975,3381,5,mantenimiento preventivo en inspeccion y test y verificacion completa.,Finalizado,2026-03-07 00:00:00,2026-03-09 00:00:00,2496,Entregado,Italika,GN125,Jose Ramirez,Jose Ramirez
3976,1845,232,diagnostico y reparacion de calipers y fibra de carbono con pruebas posteriores.,Finalizado,2026-03-22 00:00:00,2026-03-24 00:00:00,3988,Cliente informado,Yamaha,FZ16,Carlos Mendoza,Manuel Vargas
3977,3969,2837,optimizacion del sistema chasis y culata segun solicitud del cliente.,Finalizado,2026-03-02 00:00:00,2026-03-06 00:00:00,3404,Entregado,Bajaj,CB190R,Carlos Mendoza,Andres Ruiz
3978,574,2405,optimizacion del sistema chequeo y chequeo con pruebas posteriores.,Finalizado,2026-03-12 00:00:00,2026-03-13 00:00:00,5096,Cliente informado,Honda,MT-07,Carlos Mendoza,Brayan Silva
3979,814,325,ajuste tecnico de falla y falla y verificacion completa.,Finalizado,2026-03-17 00:00:00,2026-03-20 00:00:00,5156,Entregado,Italika,Boxer 150,Carlos Mendoza,Samuel Cruz
3980,1542,3918,revision completa de llantas deportivas y kit aerodinamico y verificacion completa.,En proceso,2026-03-18 00:00:00,2026-03-20 00:00:00,1474,Cliente informado,Yamaha,Boxer 150,Carlos Mendoza,Roberto Flores
3981,2257,3895,diagnostico y reparacion de revision general y ruido y verificacion completa.,Finalizado,2026-03-15 00:00:00,2026-03-19 00:00:00,2365,Entregado,Honda,Pulsar NS200,Jose Ramirez,Samuel Cruz
3982,2449,1778,inspeccion avanzada de camara y polarizado debido a desgaste.,Finalizado,2026-03-04 00:00:00,2026-02-22 00:00:00,3494,Cliente informado,Bajaj,FZ16,Carlos Mendoza,Fernando Herrera
3983,52,2859,revision completa de caja de cambios y eje por falla detectada.,Finalizado,2026-03-29 00:00:00,2026-03-30 00:00:00,1514,Cliente informado,Suzuki,FT150,Carlos Mendoza,Cristian Molina
3984,2353,2595,ajuste tecnico de alternador y luces por falla detectada.,Finalizado,2026-03-10 00:00:00,2026-03-11 00:00:00,5318,Entregado,Yamaha,GSX-R750,Carlos Mendoza,Henry Tellez
3985,4121,3388,ajuste tecnico de chequeo y evaluacion segun solicitud del cliente.,Finalizado,2026-03-18 00:00:00,2026-03-18 00:00:00,4508,Cliente informado,TVS,DM200,Jose Ramirez,Roberto Flores
3986,1376,1996,revision completa de motor y diferencial y verificacion completa.,Finalizado,2026-03-17 00:00:00,2026-03-18 00:00:00,998,Entregado,Honda,GSX-R750,Jose Ramirez,Oscar Reyes
3987,3295,3651,revision completa de pistones y biela con pruebas posteriores.,Finalizado,2026-03-19 00:00:00,2026-03-21 00:00:00,5574,Entregado,Kawasaki,Z650,Carlos Mendoza,Roberto Flores
3988,3709,3907,revision completa de fallo electrico y fallo electrico incluyendo ajuste final.,Finalizado,2026-03-21 00:00:00,2026-03-22 00:00:00,1240,Cliente informado,TVS,Boxer 150,Jose Ramirez,Carlos Mendoza
3989,246,918,instalacion y calibracion de escaneo y falla incluyendo ajuste final.,Finalizado,2026-03-05 00:00:00,2026-02-23 00:00:00,1201,Cliente informado,Italika,XR150L,Jose Ramirez,Wilmer Soto
3990,554,1574,inspeccion avanzada de sistema electrico y encendido para mejorar rendimiento.,Finalizado,2026-03-27 00:00:00,2026-03-28 00:00:00,2952,Cliente informado,Kawasaki,MT-07,Carlos Mendoza,Brayan Silva
3991,3156,4101,inspeccion avanzada de problema y revision general incluyendo ajuste final.,Finalizado,2026-03-08 00:00:00,2026-03-12 00:00:00,6452,Entregado,KTM,Z650,Carlos Mendoza,Oscar Reyes
3992,4522,4978,ajuste tecnico de tuning y potencia segun solicitud del cliente.,Finalizado,2026-03-11 00:00:00,2026-03-11 00:00:00,4496,Entregado,Honda,RC 200,Carlos Mendoza,Miguel Garcia
3993,2977,2733,servicio integral para cableado y motor de arranque con pruebas posteriores.,Finalizado,2026-03-17 00:00:00,2026-03-21 00:00:00,2430,Entregado,KTM,Gixxer 250,Jose Ramirez,Julio Navarro
3994,3633,4118,revision completa de chequeo y niveles incluyendo ajuste final.,Finalizado,2026-03-26 00:00:00,2026-03-27 00:00:00,4187,Cliente informado,Yamaha,MT-07,Jose Ramirez,Daniel Castillo
3995,4406,4924,revision completa de llantas deportivas y actualizacion de software con pruebas posteriores.,En proceso,2026-03-11 00:00:00,2026-03-15 00:00:00,3209,Entregado,Honda,R15,Jose Ramirez,Brayan Silva
3996,780,2223,revision completa de revision y filtro de aceite incluyendo ajuste final.,Finalizado,2026-03-16 00:00:00,2026-03-18 00:00:00,2820,Cliente informado,TVS,Z650,Carlos Mendoza,Samuel Cruz
3997,4146,1331,mantenimiento preventivo en chequeo y balanceo con pruebas posteriores.,Finalizado,2026-03-04 00:00:00,2026-03-06 00:00:00,5428,Entregado,TVS,Duke 390,Carlos Mendoza,Oscar Reyes
3998,2866,1158,ajuste tecnico de actualizacion de software y frenos deportivos segun solicitud del cliente.,Finalizado,2026-03-20 00:00:00,2026-03-10 00:00:00,3331,Cliente informado,Yamaha,XR150L,Carlos Mendoza,Eduardo Castro
3999,1542,4580,revision completa de pistones y diferencial y verificacion completa.,Finalizado,2026-03-18 00:00:00,2026-03-19 00:00:00,6262,Cliente informado,Yamaha,R15,Carlos Mendoza,Kevin Torres
4000,3722,460,mantenimiento preventivo en sonido y cambio color segun solicitud del cliente.,Finalizado,2026-02-28 00:00:00,2026-02-28 00:00:00,1065,Cliente informado,Italika,CB190R,Carlos Mendoza,Henry Tellez
4001,2563,2610,diagnostico y reparacion de bomba de agua y direccion con pruebas posteriores.,Finalizado,2026-03-28 00:00:00,2026-03-28 00:00:00,6100,Entregado,Suzuki,FZ16,Carlos Mendoza,Kevin Torres
4002,554,1574,optimizacion del sistema bateria y sistema electrico segun solicitud del cliente.,Finalizado,2026-03-27 00:00:00,2026-03-28 00:00:00,3061,Cliente informado,Kawasaki,Boxer 150,Carlos Mendoza,Edwin Chavez
4003,1112,1234,ajuste tecnico de vinilado y chip y verificacion completa.,Finalizado,2026-03-15 00:00:00,2026-03-17 00:00:00,944,Cliente informado,Bajaj,MT-07,Jose Ramirez,Miguel Garcia
4004,4858,2655,correccion especializada de niveles y bujias debido a desgaste.,Finalizado,2026-03-16 00:00:00,2026-03-17 00:00:00,5351,Cliente informado,Honda,GSX-R750,Jose Ramirez,Fernando Herrera
4005,4106,2717,ajuste tecnico de revision general y test debido a desgaste.,Finalizado,2026-03-21 00:00:00,2026-03-22 00:00:00,4038,Entregado,Bajaj,R15,Carlos Mendoza,Edwin Chavez
4006,1542,4580,servicio integral para ciguenal y biela incluyendo ajuste final.,Finalizado,2026-03-18 00:00:00,2026-03-19 00:00:00,5434,Cliente informado,Bajaj,Boxer 150,Carlos Mendoza,Carlos Mendoza
4007,1103,2649,revision completa de revision general y problema y verificacion completa.,Finalizado,2026-03-10 00:00:00,2026-03-12 00:00:00,1738,Cliente informado,Suzuki,Ninja 400,Carlos Mendoza,Alexis Diaz
4008,3024,6,servicio integral para audio y fibra de carbono con pruebas posteriores.,Finalizado,2026-03-08 00:00:00,2026-03-10 00:00:00,698,Cliente informado,TVS,FZ16,Jose Ramirez,Javier Morales
4009,3273,4195,ajuste tecnico de camara y pintura para mejorar rendimiento.,Finalizado,2026-03-16 00:00:00,2026-03-19 00:00:00,2895,Cliente informado,KTM,GN125,Jose Ramirez,Mario Lopez
4010,3794,4821,instalacion y calibracion de pintura y calipers debido a desgaste.,Finalizado,2026-03-20 00:00:00,2026-03-24 00:00:00,2233,Entregado,KTM,Gixxer 250,Jose Ramirez,Andres Ruiz
4011,3420,2400,optimizacion del sistema cambio de aceite y niveles debido a desgaste.,Finalizado,2026-03-13 00:00:00,2026-03-14 00:00:00,3831,Entregado,Honda,Boxer 150,Carlos Mendoza,Wilmer Soto
4012,1238,3159,servicio integral para chasis y pistones con pruebas posteriores.,En proceso,2026-03-20 00:00:00,2026-03-21 00:00:00,3282,Entregado,Italika,Boxer 150,Carlos Mendoza,Javier Morales
4013,2137,4386,optimizacion del sistema amortiguadores y direccion segun solicitud del cliente.,Finalizado,2026-03-03 00:00:00,2026-03-03 00:00:00,4744,Entregado,Italika,Apache RTR 200,Jose Ramirez,Alexis Diaz
4014,2130,4496,servicio integral para sistema electrico y sistema electrico segun solicitud del cliente.,Finalizado,2026-03-04 00:00:00,2026-03-06 00:00:00,2869,Entregado,Yamaha,Pulsar NS200,Jose Ramirez,Henry Tellez
4015,1702,1801,correccion especializada de motor de arranque y bateria y verificacion completa.,Finalizado,2026-03-05 00:00:00,2026-02-23 00:00:00,4407,Entregado,TVS,Duke 390,Carlos Mendoza,Manuel Vargas
4016,4545,405,correccion especializada de velocidad y llantas deportivas incluyendo ajuste final.,Finalizado,2026-02-28 00:00:00,2026-02-28 00:00:00,1080,Entregado,Suzuki,MT-07,Carlos Mendoza,Luis Martinez
4017,3464,4605,instalacion y calibracion de diferencial y suspension incluyendo ajuste final.,Finalizado,2026-03-06 00:00:00,2026-03-06 00:00:00,3226,Cliente informado,Suzuki,Ninja 400,Jose Ramirez,Javier Morales
4018,4755,5309,correccion especializada de tuning y potencia y verificacion completa.,Finalizado,2026-02-28 00:00:00,2026-02-18 00:00:00,2648,Cliente informado,Bajaj,RC 200,Carlos Mendoza,Wilmer Soto
4019,4334,192,correccion especializada de gps y escape deportivo incluyendo ajuste final.,Finalizado,2026-03-16 00:00:00,2026-03-19 00:00:00,4996,Entregado,KTM,Duke 390,Jose Ramirez,Julio Navarro
4020,207,1353,inspeccion avanzada de biela y embrague por falla detectada.,Finalizado,2026-03-22 00:00:00,2026-03-22 00:00:00,1487,Entregado,Yamaha,Boxer 150,Jose Ramirez,Luis Martinez
4021,4223,2008,ajuste tecnico de luces y bateria segun solicitud del cliente.,Finalizado,2026-03-19 00:00:00,2026-03-09 00:00:00,1397,Entregado,Yamaha,MT-07,Carlos Mendoza,Kevin Torres
4022,135,3855,mantenimiento preventivo en fallo electrico y sensores con pruebas posteriores.,Finalizado,2026-03-19 00:00:00,2026-03-09 00:00:00,5258,Entregado,KTM,Duke 390,Carlos Mendoza,Miguel Garcia
4023,1805,3628,instalacion y calibracion de test y test y verificacion completa.,Finalizado,2026-03-22 00:00:00,2026-03-23 00:00:00,1400,Cliente informado,AKT,DM200,Jose Ramirez,Juan Perez
4024,2986,1912,ajuste tecnico de cambio de aceite y cambio de aceite por falla detectada.,Finalizado,2026-03-23 00:00:00,2026-03-23 00:00:00,2786,Entregado,Kawasaki,R15,Jose Ramirez,Fernando Herrera
4025,3140,621,optimizacion del sistema encendido y centralita debido a desgaste.,Finalizado,2026-03-09 00:00:00,2026-03-11 00:00:00,5701,Cliente informado,KTM,Duke 390,Carlos Mendoza,Eduardo Castro
4026,2931,1494,mantenimiento preventivo en pintar carroceria y potencia debido a desgaste.,Finalizado,2026-03-11 00:00:00,2026-03-15 00:00:00,4787,Entregado,Kawasaki,Apache RTR 200,Carlos Mendoza,Manuel Vargas
4027,4838,2954,correccion especializada de evaluacion y escaneo incluyendo ajuste final.,Finalizado,2026-03-02 00:00:00,2026-03-05 00:00:00,6046,Entregado,Yamaha,CB190R,Jose Ramirez,Miguel Garcia
4028,2257,4992,correccion especializada de bujias y bujias y verificacion completa.,Finalizado,2026-03-25 00:00:00,2026-03-25 00:00:00,4722,Entregado,Honda,MT-07,Carlos Mendoza,Cristian Molina
4029,84,1427,correccion especializada de suspension deportiva y tuning para mejorar rendimiento.,Finalizado,2026-03-10 00:00:00,2026-03-12 00:00:00,4101,Entregado,Honda,Gixxer 250,Carlos Mendoza,Carlos Mendoza
4030,948,186,servicio integral para biela y suspension por falla detectada.,Finalizado,2026-03-07 00:00:00,2026-03-10 00:00:00,6042,Entregado,Suzuki,R15,Carlos Mendoza,Fernando Herrera
4031,4137,1039,revision completa de encendido y alternador por falla detectada.,Finalizado,2026-03-23 00:00:00,2026-03-25 00:00:00,3334,Cliente informado,TVS,CB190R,Carlos Mendoza,Wilmer Soto
4032,4988,4827,mantenimiento preventivo en ciguenal y motor con pruebas posteriores.,Finalizado,2026-03-15 00:00:00,2026-03-19 00:00:00,6482,Entregado,Kawasaki,GSX-R750,Carlos Mendoza,Jose Ramirez
4033,2697,2328,inspeccion avanzada de fibra de carbono y cambio color para mejorar rendimiento.,Finalizado,2026-03-25 00:00:00,2026-03-25 00:00:00,1697,Entregado,Bajaj,Duke 390,Carlos Mendoza,Juan Perez
4034,948,186,optimizacion del sistema cableado y cableado con pruebas posteriores.,Finalizado,2026-03-07 00:00:00,2026-03-10 00:00:00,4543,Entregado,Suzuki,FZ16,Carlos Mendoza,Erick Gutierrez
4035,1554,4676,instalacion y calibracion de centralita y bateria debido a desgaste.,Finalizado,2026-03-20 00:00:00,2026-03-22 00:00:00,2575,Cliente informado,Bajaj,GSX-R750,Jose Ramirez,Mario Lopez
4036,3570,2549,revision completa de escape deportivo y chip por falla detectada.,Finalizado,2026-03-24 00:00:00,2026-03-25 00:00:00,2656,Cliente informado,Honda,GSX-R750,Jose Ramirez,Andres Ruiz
4037,1685,5131,instalacion y calibracion de pistones y suspension segun solicitud del cliente.,Finalizado,2026-03-16 00:00:00,2026-03-19 00:00:00,4926,Cliente informado,Yamaha,Gixxer 250,Carlos Mendoza,Andres Ruiz
4038,1103,2649,inspeccion avanzada de falla y problema debido a desgaste.,Finalizado,2026-03-10 00:00:00,2026-03-12 00:00:00,2376,Cliente informado,Honda,Boxer 150,Jose Ramirez,Julio Navarro
4039,4949,2492,diagnostico y reparacion de sistema electrico y motor de arranque incluyendo ajuste final.,Entregado,2026-03-01 00:00:00,2026-03-02 00:00:00,3065,Entregado,AKT,RC 200,Jose Ramirez,Juan Perez
4040,4223,2008,servicio integral para culata y frenos debido a desgaste.,Finalizado,2026-03-19 00:00:00,2026-03-09 00:00:00,1079,Entregado,Suzuki,FZ16,Carlos Mendoza,Brayan Silva
4041,4780,5251,inspeccion avanzada de motor de arranque y alternador debido a desgaste.,Finalizado,2026-03-17 00:00:00,2026-03-20 00:00:00,5786,Cliente informado,Bajaj,Apache RTR 200,Carlos Mendoza,Eduardo Castro
4042,2277,2131,mantenimiento preventivo en luces led y pintar carroceria y verificacion completa.,Entregado,2026-03-23 00:00:00,2026-03-26 00:00:00,1457,Entregado,Yamaha,NKD 125,Carlos Mendoza,Luis Martinez
4043,3722,460,diagnostico y reparacion de bujias y alineacion incluyendo ajuste final.,Finalizado,2026-02-28 00:00:00,2026-02-28 00:00:00,5627,Cliente informado,Yamaha,CBR 600RR,Jose Ramirez,Jose Ramirez
4044,486,792,optimizacion del sistema pantalla y aleron debido a desgaste.,Finalizado,2026-03-24 00:00:00,2026-03-14 00:00:00,2285,Entregado,AKT,DM200,Jose Ramirez,Carlos Mendoza
4045,3005,2798,correccion especializada de filtro de aire y alineacion incluyendo ajuste final.,Finalizado,2026-03-03 00:00:00,2026-03-03 00:00:00,6188,Entregado,KTM,Gixxer 250,Jose Ramirez,Alexis Diaz
4046,1401,2283,diagnostico y reparacion de problema y revision general por falla detectada.,Finalizado,2026-03-13 00:00:00,2026-03-15 00:00:00,511,Entregado,Kawasaki,NKD 125,Jose Ramirez,Edwin Chavez
4047,800,3519,correccion especializada de llantas deportivas y velocidad por falla detectada.,Finalizado,2026-03-08 00:00:00,2026-03-10 00:00:00,2986,Entregado,Yamaha,Boxer 150,Jose Ramirez,Kevin Torres
4048,3535,3808,revision completa de alineacion y cambio de aceite por falla detectada.,Finalizado,2026-03-10 00:00:00,2026-03-14 00:00:00,4959,Cliente informado,Yamaha,MT-07,Carlos Mendoza,Roberto Flores
4049,480,3819,servicio integral para chequeo y filtro de aire incluyendo ajuste final.,Finalizado,2026-03-09 00:00:00,2026-03-09 00:00:00,4425,Entregado,Suzuki,Boxer 150,Carlos Mendoza,Alexis Diaz
4050,2697,2328,diagnostico y reparacion de evaluacion y falla debido a desgaste.,Finalizado,2026-03-25 00:00:00,2026-03-25 00:00:00,2377,Entregado,Suzuki,MT-07,Carlos Mendoza,Daniel Castillo
4051,3295,3651,servicio integral para cambio color y llantas deportivas debido a desgaste.,Finalizado,2026-03-19 00:00:00,2026-03-21 00:00:00,5200,Entregado,Yamaha,Boxer 150,Jose Ramirez,Alexis Diaz
4052,4829,1653,servicio integral para alternador y sensores debido a desgaste.,Finalizado,2026-03-29 00:00:00,2026-03-30 00:00:00,2232,Entregado,Suzuki,Ninja 400,Carlos Mendoza,Javier Morales
4053,2723,3492,optimizacion del sistema culata y eje y verificacion completa.,En proceso,2026-03-05 00:00:00,2026-03-06 00:00:00,3512,Cliente informado,Suzuki,DM200,Jose Ramirez,Javier Morales
4054,1038,925,correccion especializada de chequeo y revision debido a desgaste.,Finalizado,2026-03-07 00:00:00,2026-03-08 00:00:00,4740,Entregado,TVS,CBR 600RR,Carlos Mendoza,Manuel Vargas
4055,4486,539,inspeccion avanzada de niveles y filtro de aire con pruebas posteriores.,Finalizado,2026-03-01 00:00:00,2026-03-04 00:00:00,5885,Entregado,Yamaha,CBR 600RR,Carlos Mendoza,Samuel Cruz
4056,2409,3572,revision completa de fallo electrico y motor de arranque para mejorar rendimiento.,Finalizado,2026-03-10 00:00:00,2026-03-13 00:00:00,5368,Cliente informado,Yamaha,Gixxer 250,Jose Ramirez,Daniel Castillo
4057,91,4109,servicio integral para frenos y suspension segun solicitud del cliente.,Finalizado,2026-03-08 00:00:00,2026-03-12 00:00:00,4893,Cliente informado,Yamaha,Gixxer 250,Carlos Mendoza,Kevin Torres
4058,2303,2554,mantenimiento preventivo en centralita y fallo electrico debido a desgaste.,Finalizado,2026-03-07 00:00:00,2026-03-10 00:00:00,3693,Cliente informado,Italika,Duke 390,Jose Ramirez,Eduardo Castro
4059,3563,591,diagnostico y reparacion de evaluacion y revision general para mejorar rendimiento.,Finalizado,2026-03-24 00:00:00,2026-03-25 00:00:00,4994,Cliente informado,Italika,DM200,Jose Ramirez,Carlos Mendoza
4060,3212,3463,mantenimiento preventivo en chequeo y niveles con pruebas posteriores.,Finalizado,2026-03-22 00:00:00,2026-03-25 00:00:00,5054,Cliente informado,Suzuki,RC 200,Carlos Mendoza,Wilmer Soto
4061,2997,3553,optimizacion del sistema chequeo y chequeo y verificacion completa.,Finalizado,2026-03-18 00:00:00,2026-03-18 00:00:00,5215,Cliente informado,Honda,GSX-R750,Carlos Mendoza,Wilmer Soto
4062,3242,3935,servicio integral para vinilado y calipers con pruebas posteriores.,Finalizado,2026-03-16 00:00:00,2026-03-17 00:00:00,2602,Entregado,Italika,FZ16,Jose Ramirez,Francisco Blandon
4063,4938,1938,correccion especializada de reprogramacion y gps segun solicitud del cliente.,Finalizado,2026-03-13 00:00:00,2026-03-16 00:00:00,1731,Cliente informado,Honda,GN125,Carlos Mendoza,Oscar Reyes
4064,1007,3991,mantenimiento preventivo en diferencial y radiador con pruebas posteriores.,Finalizado,2026-03-11 00:00:00,2026-03-14 00:00:00,2150,Entregado,Italika,Pulsar NS200,Jose Ramirez,Javier Morales
4065,2481,2099,diagnostico y reparacion de inspeccion y inspeccion por falla detectada.,Finalizado,2026-03-07 00:00:00,2026-03-08 00:00:00,3423,Entregado,KTM,CBR 600RR,Carlos Mendoza,Eduardo Castro
4066,325,1695,optimizacion del sistema ciguenal y amortiguadores segun solicitud del cliente.,Finalizado,2026-03-09 00:00:00,2026-02-27 00:00:00,577,Entregado,TVS,Z650,Jose Ramirez,Victor Rivas
4067,1268,5173,optimizacion del sistema lubricacion y bujias segun solicitud del cliente.,Entregado,2026-03-24 00:00:00,2026-03-27 00:00:00,6179,Cliente informado,TVS,DM200,Jose Ramirez,Jose Ramirez
4068,4626,200,instalacion y calibracion de sensores de estacionamiento y llantas deportivas y verificacion completa.,Finalizado,2026-03-17 00:00:00,2026-03-07 00:00:00,6408,Entregado,Kawasaki,R15,Jose Ramirez,Andres Ruiz
4069,1942,5132,optimizacion del sistema fallo electrico y bateria con pruebas posteriores.,Finalizado,2026-03-24 00:00:00,2026-03-24 00:00:00,1843,Entregado,Honda,FZ16,Jose Ramirez,Steven Rocha
4070,1436,2188,inspeccion avanzada de alternador y sistema electrico incluyendo ajuste final.,Finalizado,2026-03-01 00:00:00,2026-03-04 00:00:00,3072,Cliente informado,Italika,GN125,Carlos Mendoza,Daniel Castillo
4071,4140,4513,inspeccion avanzada de llantas deportivas y velocidad y verificacion completa.,Finalizado,2026-03-08 00:00:00,2026-03-08 00:00:00,5951,Cliente informado,Honda,Duke 390,Jose Ramirez,Victor Rivas
4072,4121,3388,correccion especializada de luces y alternador debido a desgaste.,Finalizado,2026-03-18 00:00:00,2026-03-18 00:00:00,4403,Cliente informado,Kawasaki,CB190R,Carlos Mendoza,Julio Navarro
4073,1952,3674,instalacion y calibracion de fibra de carbono y estetico incluyendo ajuste final.,Finalizado,2026-03-13 00:00:00,2026-03-14 00:00:00,4569,Cliente informado,Suzuki,CB190R,Carlos Mendoza,Steven Rocha
4074,2797,1674,mantenimiento preventivo en pintura y actualizacion de software debido a desgaste.,Finalizado,2026-03-26 00:00:00,2026-03-27 00:00:00,5949,Entregado,Honda,R15,Carlos Mendoza,Edwin Chavez
4075,2881,1593,inspeccion avanzada de performance y custom con pruebas posteriores.,Finalizado,2026-03-05 00:00:00,2026-03-06 00:00:00,2672,Entregado,AKT,MT-07,Jose Ramirez,Oscar Reyes
4076,3657,4196,ajuste tecnico de lubricacion y balanceo con pruebas posteriores.,Finalizado,2026-03-14 00:00:00,2026-03-17 00:00:00,3430,Cliente informado,TVS,Duke 390,Carlos Mendoza,Kevin Torres
4077,246,918,correccion especializada de cambio de aceite y lubricacion con pruebas posteriores.,Finalizado,2026-03-05 00:00:00,2026-02-23 00:00:00,6253,Cliente informado,Bajaj,Ninja 400,Jose Ramirez,Juan Perez
4078,4381,3015,inspeccion avanzada de niveles y bujias incluyendo ajuste final.,Finalizado,2026-03-23 00:00:00,2026-03-25 00:00:00,5031,Cliente informado,Honda,GSX-R750,Carlos Mendoza,Francisco Blandon
4079,4153,4138,inspeccion avanzada de sistema electrico y sistema electrico segun solicitud del cliente.,Finalizado,2026-03-14 00:00:00,2026-03-16 00:00:00,2786,Entregado,Yamaha,FZ16,Carlos Mendoza,Manuel Vargas
4080,4860,2387,diagnostico y reparacion de distribucion y amortiguadores segun solicitud del cliente.,Finalizado,2026-03-20 00:00:00,2026-03-21 00:00:00,5652,Cliente informado,Yamaha,GN125,Carlos Mendoza,Manuel Vargas
4081,504,3267,ajuste tecnico de suspension y eje y verificacion completa.,Finalizado,2026-03-04 00:00:00,2026-03-05 00:00:00,975,Cliente informado,Italika,CB190R,Jose Ramirez,Jose Ramirez
4082,1008,1828,servicio integral para centralita y centralita incluyendo ajuste final.,Finalizado,2026-03-07 00:00:00,2026-03-09 00:00:00,3158,Entregado,Kawasaki,DM200,Carlos Mendoza,Francisco Blandon
4083,1688,396,diagnostico y reparacion de evaluacion y evaluacion debido a desgaste.,Finalizado,2026-03-23 00:00:00,2026-03-27 00:00:00,4817,Cliente informado,Italika,R15,Jose Ramirez,Carlos Mendoza
4084,4804,3937,correccion especializada de luces y luces y verificacion completa.,Finalizado,2026-03-08 00:00:00,2026-03-09 00:00:00,1986,Cliente informado,Italika,RC 200,Carlos Mendoza,Edwin Chavez
4085,4808,2204,mantenimiento preventivo en motor de arranque y encendido por falla detectada.,Finalizado,2026-03-04 00:00:00,2026-03-07 00:00:00,2626,Entregado,Italika,Gixxer 250,Jose Ramirez,Fernando Herrera
4086,207,1353,mantenimiento preventivo en diagnostico y diagnostico y verificacion completa.,Finalizado,2026-03-22 00:00:00,2026-03-22 00:00:00,5389,Entregado,Suzuki,R15,Jose Ramirez,Mario Lopez
4087,2257,4992,ajuste tecnico de audio y custom con pruebas posteriores.,Finalizado,2026-03-25 00:00:00,2026-03-25 00:00:00,3940,Entregado,Honda,GN125,Jose Ramirez,Daniel Castillo
4088,4766,3833,servicio integral para cableado y centralita segun solicitud del cliente.,Finalizado,2026-03-11 00:00:00,2026-03-14 00:00:00,2000,Cliente informado,KTM,Boxer 150,Carlos Mendoza,Daniel Castillo
4089,207,1353,ajuste tecnico de carroceria y direccion por falla detectada.,Finalizado,2026-03-22 00:00:00,2026-03-22 00:00:00,2928,Entregado,Honda,XR150L,Jose Ramirez,Erick Gutierrez
4090,201,1463,diagnostico y reparacion de potencia y luces led y verificacion completa.,Entregado,2026-03-17 00:00:00,2026-03-18 00:00:00,4922,Cliente informado,Kawasaki,R15,Carlos Mendoza,Jose Ramirez
4091,4980,2673,optimizacion del sistema pistones y carroceria con pruebas posteriores.,Finalizado,2026-02-28 00:00:00,2026-03-04 00:00:00,6092,Entregado,Italika,R15,Carlos Mendoza,Carlos Mendoza
4092,4715,2721,optimizacion del sistema motor de arranque y alternador segun solicitud del cliente.,Finalizado,2026-03-01 00:00:00,2026-03-01 00:00:00,3360,Cliente informado,KTM,Apache RTR 200,Jose Ramirez,Steven Rocha
4093,2805,4927,diagnostico y reparacion de luces y centralita incluyendo ajuste final.,Finalizado,2026-03-28 00:00:00,2026-03-30 00:00:00,6103,Entregado,KTM,XR150L,Jose Ramirez,Andres Ruiz
4094,2098,2476,correccion especializada de revision general y chequeo debido a desgaste.,Finalizado,2026-03-17 00:00:00,2026-03-21 00:00:00,4385,Entregado,KTM,Ninja 400,Carlos Mendoza,Eduardo Castro
4095,1632,2973,instalacion y calibracion de estetico y audio con pruebas posteriores.,Finalizado,2026-03-15 00:00:00,2026-03-17 00:00:00,571,Cliente informado,Bajaj,Ninja 400,Jose Ramirez,Kevin Torres
4096,1098,459,optimizacion del sistema pintura y fibra de carbono para mejorar rendimiento.,Finalizado,2026-03-03 00:00:00,2026-03-06 00:00:00,3563,Cliente informado,Kawasaki,R15,Carlos Mendoza,Samuel Cruz
4097,4127,3315,servicio integral para bateria y encendido segun solicitud del cliente.,Finalizado,2026-03-29 00:00:00,2026-03-30 00:00:00,5660,Cliente informado,Yamaha,RC 200,Carlos Mendoza,Juan Perez
4098,2557,1522,optimizacion del sistema cambio color y custom para mejorar rendimiento.,Finalizado,2026-03-03 00:00:00,2026-03-06 00:00:00,5282,Cliente informado,Bajaj,XR150L,Carlos Mendoza,Andres Ruiz
4099,43,251,instalacion y calibracion de modificacion y chip incluyendo ajuste final.,Finalizado,2026-03-14 00:00:00,2026-03-16 00:00:00,5163,Cliente informado,Italika,R15,Jose Ramirez,Eduardo Castro
4100,310,1255,servicio integral para diagnostico y chequeo con pruebas posteriores.,En proceso,2026-03-18 00:00:00,2026-03-19 00:00:00,4719,Entregado,KTM,DM200,Carlos Mendoza,Daniel Castillo
4101,273,460,servicio integral para frenos y direccion debido a desgaste.,Finalizado,2026-03-20 00:00:00,2026-03-24 00:00:00,5127,Entregado,TVS,Gixxer 250,Carlos Mendoza,Roberto Flores
4102,1988,3917,ajuste tecnico de bujias y chequeo incluyendo ajuste final.,Finalizado,2026-03-13 00:00:00,2026-03-17 00:00:00,4088,Entregado,Suzuki,DM200,Jose Ramirez,Mario Lopez
4103,4486,539,ajuste tecnico de fibra de carbono y luces led incluyendo ajuste final.,Finalizado,2026-03-01 00:00:00,2026-03-04 00:00:00,5401,Entregado,Suzuki,Duke 390,Jose Ramirez,Samuel Cruz
4104,4755,5309,instalacion y calibracion de cableado y sistema electrico y verificacion completa.,Finalizado,2026-02-28 00:00:00,2026-02-18 00:00:00,1727,Cliente informado,Suzuki,Ninja 400,Carlos Mendoza,Henry Tellez
4105,1317,4365,ajuste tecnico de alternador y luces con pruebas posteriores.,Finalizado,2026-03-22 00:00:00,2026-03-22 00:00:00,4231,Cliente informado,Kawasaki,Boxer 150,Jose Ramirez,Fernando Herrera
4106,4416,773,ajuste tecnico de diagnostico y diagnostico debido a desgaste.,Finalizado,2026-03-07 00:00:00,2026-03-10 00:00:00,650,Entregado,Bajaj,Ninja 400,Jose Ramirez,Daniel Castillo
4107,1478,3089,optimizacion del sistema pantalla y pintar carroceria segun solicitud del cliente.,Finalizado,2026-03-03 00:00:00,2026-03-06 00:00:00,6280,Entregado,AKT,Pulsar NS200,Jose Ramirez,Cristian Molina
4108,299,58,ajuste tecnico de sensores de estacionamiento y vinilado segun solicitud del cliente.,Finalizado,2026-03-03 00:00:00,2026-03-05 00:00:00,2606,Entregado,Kawasaki,DM200,Jose Ramirez,Daniel Castillo
4109,3035,4531,instalacion y calibracion de fallo electrico y alternador por falla detectada.,Entregado,2026-03-18 00:00:00,2026-03-18 00:00:00,4797,Cliente informado,TVS,Ninja 400,Carlos Mendoza,Victor Rivas
4110,1693,1184,correccion especializada de test y test para mejorar rendimiento.,Finalizado,2026-03-16 00:00:00,2026-03-20 00:00:00,4784,Entregado,Italika,Apache RTR 200,Carlos Mendoza,Javier Morales
4111,1009,2926,correccion especializada de filtro de aceite y revision segun solicitud del cliente.,Finalizado,2026-03-05 00:00:00,2026-03-08 00:00:00,4985,Cliente informado,Honda,Boxer 150,Jose Ramirez,Manuel Vargas
4112,295,2386,servicio integral para evaluacion y escaneo con pruebas posteriores.,Finalizado,2026-03-01 00:00:00,2026-03-03 00:00:00,4048,Entregado,Italika,MT-07,Jose Ramirez,Victor Rivas
4113,2774,3021,correccion especializada de aleron y actualizacion de software incluyendo ajuste final.,En proceso,2026-03-24 00:00:00,2026-03-25 00:00:00,1213,Cliente informado,Yamaha,FT150,Jose Ramirez,Victor Rivas
4114,1244,1736,inspeccion avanzada de evaluacion y ruido para mejorar rendimiento.,Finalizado,2026-03-10 00:00:00,2026-03-11 00:00:00,2519,Entregado,KTM,GSX-R750,Carlos Mendoza,Manuel Vargas
4115,4261,4486,inspeccion avanzada de problema y ruido segun solicitud del cliente.,Finalizado,2026-03-07 00:00:00,2026-03-11 00:00:00,3923,Cliente informado,Suzuki,Boxer 150,Jose Ramirez,Erick Gutierrez
4116,1631,1774,revision completa de kit aerodinamico y potencia segun solicitud del cliente.,Finalizado,2026-03-17 00:00:00,2026-03-20 00:00:00,4059,Entregado,Suzuki,RC 200,Carlos Mendoza,Edwin Chavez
4117,96,914,optimizacion del sistema cableado y centralita por falla detectada.,Finalizado,2026-03-04 00:00:00,2026-03-08 00:00:00,5744,Entregado,Bajaj,CB190R,Jose Ramirez,Luis Martinez
4118,1406,2443,inspeccion avanzada de cableado y bateria para mejorar rendimiento.,Finalizado,2026-03-14 00:00:00,2026-03-15 00:00:00,2357,Entregado,Kawasaki,DM200,Carlos Mendoza,Edwin Chavez
4119,4409,4511,servicio integral para revision general y falla con pruebas posteriores.,Finalizado,2026-03-01 00:00:00,2026-03-03 00:00:00,3590,Entregado,Yamaha,Apache RTR 200,Carlos Mendoza,Samuel Cruz
4120,4884,1811,correccion especializada de centralita y centralita incluyendo ajuste final.,Finalizado,2026-03-01 00:00:00,2026-03-05 00:00:00,5718,Entregado,Italika,FZ16,Carlos Mendoza,Andres Ruiz
4121,829,1334,optimizacion del sistema reprogramacion y kit aerodinamico por falla detectada.,Finalizado,2026-03-13 00:00:00,2026-03-16 00:00:00,5217,Entregado,Honda,Z650,Carlos Mendoza,Luis Martinez
4122,1492,1627,inspeccion avanzada de lubricacion y filtro de aire con pruebas posteriores.,Finalizado,2026-03-10 00:00:00,2026-03-13 00:00:00,6365,Cliente informado,TVS,XR150L,Jose Ramirez,Brayan Silva
4123,3254,5214,diagnostico y reparacion de eje y pistones incluyendo ajuste final.,Finalizado,2026-03-23 00:00:00,2026-03-25 00:00:00,4019,Cliente informado,Yamaha,CB190R,Carlos Mendoza,Fernando Herrera
4124,4144,4130,revision completa de luces led y turbo con pruebas posteriores.,Finalizado,2026-03-24 00:00:00,2026-03-28 00:00:00,1967,Entregado,KTM,FT150,Jose Ramirez,Daniel Castillo
4125,753,2384,mantenimiento preventivo en fibra de carbono y custom incluyendo ajuste final.,Finalizado,2026-03-22 00:00:00,2026-03-22 00:00:00,1349,Cliente informado,TVS,CB190R,Jose Ramirez,Victor Rivas
4126,1524,940,revision completa de sensores y sensores debido a desgaste.,Finalizado,2026-03-02 00:00:00,2026-03-03 00:00:00,1037,Cliente informado,Honda,MT-07,Carlos Mendoza,Steven Rocha
4127,4449,923,inspeccion avanzada de ruido y diagnostico y verificacion completa.,Finalizado,2026-03-21 00:00:00,2026-03-21 00:00:00,3215,Entregado,Suzuki,Duke 390,Carlos Mendoza,Andres Ruiz
4128,4073,3261,mantenimiento preventivo en alineacion y niveles incluyendo ajuste final.,Finalizado,2026-03-26 00:00:00,2026-03-28 00:00:00,843,Entregado,Suzuki,Duke 390,Carlos Mendoza,Cristian Molina
4129,1707,3637,diagnostico y reparacion de sensores y sistema electrico incluyendo ajuste final.,Finalizado,2026-03-08 00:00:00,2026-03-12 00:00:00,3808,Cliente informado,Honda,R15,Jose Ramirez,Fernando Herrera
4130,2563,2610,ajuste tecnico de radiador y transmision y verificacion completa.,Finalizado,2026-03-28 00:00:00,2026-03-28 00:00:00,1432,Entregado,Suzuki,Duke 390,Jose Ramirez,Andres Ruiz
4131,4894,429,correccion especializada de cambio color y llantas deportivas para mejorar rendimiento.,Finalizado,2026-03-14 00:00:00,2026-03-17 00:00:00,5062,Cliente informado,Suzuki,Pulsar NS200,Jose Ramirez,Alexis Diaz
4132,2508,5186,diagnostico y reparacion de inspeccion y problema para mejorar rendimiento.,Finalizado,2026-03-11 00:00:00,2026-03-13 00:00:00,5896,Entregado,TVS,FT150,Carlos Mendoza,Henry Tellez
4133,3212,3463,servicio integral para personalizacion y personalizacion con pruebas posteriores.,Finalizado,2026-03-22 00:00:00,2026-03-25 00:00:00,4422,Cliente informado,Kawasaki,FZ16,Jose Ramirez,Daniel Castillo
4134,15,3767,optimizacion del sistema centralita y alternador y verificacion completa.,Finalizado,2026-03-20 00:00:00,2026-03-22 00:00:00,3629,Cliente informado,Honda,CB190R,Carlos Mendoza,Mario Lopez
4135,900,3754,inspeccion avanzada de alternador y sistema electrico incluyendo ajuste final.,Finalizado,2026-03-06 00:00:00,2026-03-07 00:00:00,5982,Entregado,Suzuki,Pulsar NS200,Jose Ramirez,Francisco Blandon
4136,4289,905,ajuste tecnico de sensores de estacionamiento y personalizacion para mejorar rendimiento.,Finalizado,2026-03-08 00:00:00,2026-03-09 00:00:00,2530,Entregado,Honda,CB190R,Jose Ramirez,Andres Ruiz
4137,3304,1765,correccion especializada de tuning y fibra de carbono segun solicitud del cliente.,Finalizado,2026-03-24 00:00:00,2026-03-24 00:00:00,5528,Cliente informado,Honda,DM200,Jose Ramirez,Oscar Reyes
4138,1374,2616,inspeccion avanzada de fibra de carbono y turbo debido a desgaste.,Finalizado,2026-03-22 00:00:00,2026-03-23 00:00:00,5894,Cliente informado,Kawasaki,XR150L,Jose Ramirez,Francisco Blandon
4139,4191,4269,correccion especializada de pistones y diferencial por falla detectada.,Finalizado,2026-03-07 00:00:00,2026-03-10 00:00:00,771,Entregado,Bajaj,Z650,Carlos Mendoza,Andres Ruiz
4140,2043,1768,inspeccion avanzada de ruido y problema debido a desgaste.,Finalizado,2026-03-26 00:00:00,2026-03-26 00:00:00,668,Entregado,Italika,DM200,Carlos Mendoza,Steven Rocha
4141,2529,4751,ajuste tecnico de velocidad y camara para mejorar rendimiento.,Finalizado,2026-03-01 00:00:00,2026-02-19 00:00:00,3888,Entregado,Bajaj,NKD 125,Jose Ramirez,Fernando Herrera
4142,1436,2188,inspeccion avanzada de inspeccion y diagnostico debido a desgaste.,Finalizado,2026-03-01 00:00:00,2026-03-04 00:00:00,3213,Cliente informado,Suzuki,RC 200,Carlos Mendoza,Brayan Silva
4143,1752,4569,ajuste tecnico de niveles y lubricacion y verificacion completa.,Finalizado,2026-03-17 00:00:00,2026-03-21 00:00:00,1432,Entregado,KTM,CBR 600RR,Carlos Mendoza,Francisco Blandon
4144,2538,3262,diagnostico y reparacion de bateria y luces por falla detectada.,Finalizado,2026-03-14 00:00:00,2026-03-18 00:00:00,5158,Entregado,Kawasaki,DM200,Carlos Mendoza,Victor Rivas
4145,264,2667,mantenimiento preventivo en frenos deportivos y vinilado por falla detectada.,Finalizado,2026-03-15 00:00:00,2026-03-19 00:00:00,812,Entregado,KTM,Duke 390,Carlos Mendoza,Steven Rocha
4146,4695,5320,correccion especializada de cableado y alternador debido a desgaste.,Finalizado,2026-03-23 00:00:00,2026-03-24 00:00:00,5482,Entregado,Yamaha,DM200,Jose Ramirez,Daniel Castillo
4147,4471,257,servicio integral para transmision y chasis debido a desgaste.,Finalizado,2026-03-15 00:00:00,2026-03-17 00:00:00,6070,Entregado,Suzuki,CBR 600RR,Carlos Mendoza,Manuel Vargas
4148,3156,4101,inspeccion avanzada de bateria y encendido y verificacion completa.,Finalizado,2026-03-08 00:00:00,2026-03-12 00:00:00,5151,Entregado,Suzuki,CB190R,Carlos Mendoza,Mario Lopez
4149,4148,591,inspeccion avanzada de escape deportivo y gps y verificacion completa.,Finalizado,2026-03-18 00:00:00,2026-03-21 00:00:00,997,Entregado,Kawasaki,GN125,Jose Ramirez,Erick Gutierrez
4150,780,2223,revision completa de bateria y bateria para mejorar rendimiento.,Finalizado,2026-03-16 00:00:00,2026-03-18 00:00:00,1336,Cliente informado,Kawasaki,Duke 390,Carlos Mendoza,Fernando Herrera
4151,857,1411,optimizacion del sistema distribucion y frenos debido a desgaste.,Finalizado,2026-03-04 00:00:00,2026-03-04 00:00:00,4276,Entregado,Bajaj,Z650,Carlos Mendoza,Manuel Vargas
4152,863,2202,ajuste tecnico de performance y custom y verificacion completa.,En proceso,2026-03-22 00:00:00,2026-03-24 00:00:00,5623,Cliente informado,Suzuki,Apache RTR 200,Carlos Mendoza,Javier Morales
4153,2546,429,inspeccion avanzada de alternador y sensores y verificacion completa.,Finalizado,2026-03-08 00:00:00,2026-03-10 00:00:00,516,Cliente informado,Bajaj,R15,Carlos Mendoza,Eduardo Castro
4154,466,331,inspeccion avanzada de arbol de levas y motor por falla detectada.,Finalizado,2026-03-10 00:00:00,2026-03-10 00:00:00,4128,Cliente informado,KTM,FZ16,Carlos Mendoza,Erick Gutierrez
4155,4806,3666,inspeccion avanzada de diagnostico y test por falla detectada.,Finalizado,2026-03-07 00:00:00,2026-03-08 00:00:00,1092,Entregado,Italika,Gixxer 250,Carlos Mendoza,Mario Lopez
4156,1845,232,optimizacion del sistema suspension y motor por falla detectada.,Finalizado,2026-03-22 00:00:00,2026-03-24 00:00:00,1266,Cliente informado,Suzuki,Z650,Jose Ramirez,Edwin Chavez
4157,4421,3643,servicio integral para cableado y luces y verificacion completa.,Finalizado,2026-02-28 00:00:00,2026-03-04 00:00:00,4058,Cliente informado,Kawasaki,R15,Jose Ramirez,Juan Perez
4158,597,2954,ajuste tecnico de inspeccion y inspeccion incluyendo ajuste final.,Finalizado,2026-03-25 00:00:00,2026-03-27 00:00:00,5833,Cliente informado,Bajaj,GSX-R750,Carlos Mendoza,Victor Rivas
4159,4222,1635,inspeccion avanzada de chasis y embrague con pruebas posteriores.,En proceso,2026-03-10 00:00:00,2026-03-10 00:00:00,1431,Entregado,Kawasaki,RC 200,Carlos Mendoza,Steven Rocha
4160,3462,3276,optimizacion del sistema diagnostico y chequeo debido a desgaste.,Finalizado,2026-03-06 00:00:00,2026-03-07 00:00:00,6268,Cliente informado,Honda,GSX-R750,Carlos Mendoza,Roberto Flores
4161,567,904,mantenimiento preventivo en falla y falla segun solicitud del cliente.,Finalizado,2026-03-11 00:00:00,2026-03-15 00:00:00,2615,Cliente informado,Kawasaki,R15,Jose Ramirez,Roberto Flores
4162,4884,3833,instalacion y calibracion de ruido y escaneo para mejorar rendimiento.,Finalizado,2026-03-05 00:00:00,2026-03-05 00:00:00,3625,Entregado,KTM,Z650,Jose Ramirez,Juan Perez
4163,4483,2879,inspeccion avanzada de personalizacion y sonido y verificacion completa.,Finalizado,2026-03-24 00:00:00,2026-03-25 00:00:00,5799,Cliente informado,Suzuki,GN125,Carlos Mendoza,Fernando Herrera
4164,1949,949,inspeccion avanzada de distribucion y carroceria y verificacion completa.,Finalizado,2026-03-12 00:00:00,2026-03-15 00:00:00,1709,Entregado,Italika,R15,Jose Ramirez,Juan Perez
4165,2200,479,diagnostico y reparacion de bomba de agua y pistones segun solicitud del cliente.,Finalizado,2026-03-07 00:00:00,2026-02-25 00:00:00,2956,Cliente informado,AKT,Boxer 150,Jose Ramirez,Samuel Cruz
4166,4838,2954,servicio integral para ruido y problema segun solicitud del cliente.,Finalizado,2026-03-02 00:00:00,2026-03-05 00:00:00,3626,Entregado,Bajaj,XR150L,Jose Ramirez,Luis Martinez
4167,1707,3637,ajuste tecnico de filtro de aire y cambio de aceite por falla detectada.,Finalizado,2026-03-08 00:00:00,2026-03-12 00:00:00,986,Cliente informado,Bajaj,FT150,Carlos Mendoza,Alexis Diaz
4168,1532,4786,ajuste tecnico de carroceria y chasis segun solicitud del cliente.,Finalizado,2026-03-22 00:00:00,2026-03-24 00:00:00,5898,Entregado,AKT,FZ16,Carlos Mendoza,Oscar Reyes
4169,2563,2610,inspeccion avanzada de diagnostico y revision general incluyendo ajuste final.,Finalizado,2026-03-28 00:00:00,2026-03-28 00:00:00,4162,Entregado,Suzuki,Gixxer 250,Carlos Mendoza,Henry Tellez
4170,3118,1347,ajuste tecnico de frenos y embrague por falla detectada.,Finalizado,2026-03-12 00:00:00,2026-03-13 00:00:00,2334,Cliente informado,Bajaj,GSX-R750,Jose Ramirez,Miguel Garcia
4171,4809,3545,optimizacion del sistema motor de arranque y sistema electrico para mejorar rendimiento.,Finalizado,2026-03-13 00:00:00,2026-03-17 00:00:00,4497,Cliente informado,KTM,CBR 600RR,Carlos Mendoza,Erick Gutierrez
4172,3762,611,correccion especializada de bateria y fallo electrico para mejorar rendimiento.,Finalizado,2026-03-13 00:00:00,2026-03-16 00:00:00,3598,Entregado,Suzuki,Duke 390,Jose Ramirez,Francisco Blandon
4173,1946,4566,optimizacion del sistema bujias y lubricacion para mejorar rendimiento.,Finalizado,2026-03-12 00:00:00,2026-03-14 00:00:00,2408,Entregado,Honda,Boxer 150,Jose Ramirez,Samuel Cruz
4174,1393,12,ajuste tecnico de pintura y personalizacion incluyendo ajuste final.,Entregado,2026-03-15 00:00:00,2026-03-15 00:00:00,4704,Cliente informado,Italika,Boxer 150,Carlos Mendoza,Julio Navarro
4175,135,3855,optimizacion del sistema pintar carroceria y luces led y verificacion completa.,Finalizado,2026-03-19 00:00:00,2026-03-09 00:00:00,5737,Entregado,Bajaj,Apache RTR 200,Carlos Mendoza,Alexis Diaz
4176,1304,1900,correccion especializada de motor de arranque y sistema electrico por falla detectada.,Finalizado,2026-03-01 00:00:00,2026-03-04 00:00:00,3196,Entregado,KTM,Duke 390,Jose Ramirez,Manuel Vargas
4177,3166,4505,instalacion y calibracion de amortiguadores y frenos y verificacion completa.,Finalizado,2026-03-26 00:00:00,2026-03-30 00:00:00,6376,Cliente informado,Italika,Boxer 150,Jose Ramirez,Henry Tellez
4178,780,2223,inspeccion avanzada de alternador y encendido y verificacion completa.,Finalizado,2026-03-16 00:00:00,2026-03-18 00:00:00,999,Cliente informado,Italika,XR150L,Carlos Mendoza,Daniel Castillo
4179,391,2742,ajuste tecnico de motor y distribucion segun solicitud del cliente.,Finalizado,2026-03-29 00:00:00,2026-03-29 00:00:00,5394,Cliente informado,Honda,NKD 125,Jose Ramirez,Henry Tellez
4180,1754,4107,correccion especializada de sensores de estacionamiento y velocidad debido a desgaste.,Finalizado,2026-03-03 00:00:00,2026-03-07 00:00:00,2932,Entregado,TVS,CB190R,Carlos Mendoza,Henry Tellez
4181,3154,1059,inspeccion avanzada de chip y custom por falla detectada.,Entregado,2026-03-27 00:00:00,2026-03-27 00:00:00,906,Cliente informado,Bajaj,RC 200,Jose Ramirez,Steven Rocha
4182,4404,4099,inspeccion avanzada de revision y cambio de aceite debido a desgaste.,En proceso,2026-03-19 00:00:00,2026-03-22 00:00:00,875,Cliente informado,KTM,CBR 600RR,Carlos Mendoza,Luis Martinez
4183,1588,418,diagnostico y reparacion de lubricacion y filtro de aire incluyendo ajuste final.,En proceso,2026-03-25 00:00:00,2026-03-26 00:00:00,4364,Entregado,Suzuki,RC 200,Jose Ramirez,Steven Rocha
4184,4697,4363,optimizacion del sistema revision y filtro de aire debido a desgaste.,Finalizado,2026-03-13 00:00:00,2026-03-13 00:00:00,2149,Entregado,Bajaj,RC 200,Jose Ramirez,Mario Lopez
4185,3088,1475,ajuste tecnico de fibra de carbono y camara para mejorar rendimiento.,Finalizado,2026-03-23 00:00:00,2026-03-23 00:00:00,2416,Cliente informado,KTM,GSX-R750,Jose Ramirez,Fernando Herrera
4186,4068,1264,instalacion y calibracion de radiador y pistones incluyendo ajuste final.,En proceso,2026-03-26 00:00:00,2026-03-26 00:00:00,6264,Cliente informado,Honda,XR150L,Jose Ramirez,Henry Tellez
4187,3476,2810,optimizacion del sistema fallo electrico y fallo electrico debido a desgaste.,En proceso,2026-03-12 00:00:00,2026-03-13 00:00:00,2294,Cliente informado,Suzuki,Boxer 150,Carlos Mendoza,Carlos Mendoza
4188,397,4584,revision completa de transmision y pistones debido a desgaste.,Entregado,2026-03-03 00:00:00,2026-03-03 00:00:00,2806,Cliente informado,Suzuki,GSX-R750,Jose Ramirez,Steven Rocha
4189,3250,1019,optimizacion del sistema lubricacion y cambio de aceite y verificacion completa.,Finalizado,2026-03-16 00:00:00,2026-03-19 00:00:00,4308,Cliente informado,Yamaha,Pulsar NS200,Jose Ramirez,Samuel Cruz
4190,4623,3398,optimizacion del sistema reprogramacion y tuning debido a desgaste.,Finalizado,2026-03-14 00:00:00,2026-03-04 00:00:00,3685,Cliente informado,Honda,FT150,Carlos Mendoza,Javier Morales
4191,225,4981,ajuste tecnico de arbol de levas y radiador por falla detectada.,Finalizado,2026-03-03 00:00:00,2026-02-21 00:00:00,2279,Cliente informado,Honda,Z650,Jose Ramirez,Mario Lopez
4192,1785,3695,correccion especializada de escaneo y escaneo con pruebas posteriores.,Finalizado,2026-03-08 00:00:00,2026-03-11 00:00:00,4635,Cliente informado,TVS,Boxer 150,Jose Ramirez,Daniel Castillo
4193,4874,311,correccion especializada de radiador y embrague incluyendo ajuste final.,Finalizado,2026-03-11 00:00:00,2026-03-14 00:00:00,3696,Entregado,Kawasaki,GN125,Jose Ramirez,Daniel Castillo
4194,4271,3014,revision completa de potencia y pintura y verificacion completa.,Finalizado,2026-03-26 00:00:00,2026-03-28 00:00:00,5935,Cliente informado,Yamaha,NKD 125,Jose Ramirez,Brayan Silva
4195,3863,2714,mantenimiento preventivo en evaluacion y escaneo y verificacion completa.,Finalizado,2026-03-03 00:00:00,2026-03-05 00:00:00,2649,Cliente informado,Suzuki,Ninja 400,Carlos Mendoza,Erick Gutierrez
4196,863,2202,ajuste tecnico de diagnostico y falla con pruebas posteriores.,En proceso,2026-03-22 00:00:00,2026-03-24 00:00:00,6480,Cliente informado,Honda,GN125,Jose Ramirez,Edwin Chavez
4197,534,2037,servicio integral para cableado y centralita segun solicitud del cliente.,Finalizado,2026-03-28 00:00:00,2026-03-28 00:00:00,5569,Entregado,AKT,MT-07,Carlos Mendoza,Javier Morales
4198,1610,3118,instalacion y calibracion de ruido y chequeo incluyendo ajuste final.,Finalizado,2026-03-16 00:00:00,2026-03-06 00:00:00,5971,Entregado,Suzuki,GN125,Jose Ramirez,Andres Ruiz
4199,1649,773,servicio integral para suspension y motor incluyendo ajuste final.,Finalizado,2026-03-16 00:00:00,2026-03-16 00:00:00,5063,Entregado,Kawasaki,FZ16,Carlos Mendoza,Kevin Torres
4200,2885,786,ajuste tecnico de inspeccion y revision general incluyendo ajuste final.,Finalizado,2026-03-09 00:00:00,2026-03-12 00:00:00,4189,Entregado,Suzuki,Duke 390,Carlos Mendoza,Javier Morales
4201,4649,3875,ajuste tecnico de sensores y encendido por falla detectada.,Finalizado,2026-03-09 00:00:00,2026-03-09 00:00:00,2176,Entregado,Kawasaki,CBR 600RR,Carlos Mendoza,Manuel Vargas
4202,1767,2420,ajuste tecnico de chequeo y problema debido a desgaste.,Finalizado,2026-03-22 00:00:00,2026-03-23 00:00:00,6371,Entregado,AKT,FZ16,Carlos Mendoza,Oscar Reyes
4203,2697,2328,revision completa de lubricacion y filtro de aceite para mejorar rendimiento.,Finalizado,2026-03-25 00:00:00,2026-03-25 00:00:00,1766,Entregado,Kawasaki,NKD 125,Jose Ramirez,Francisco Blandon
4204,1631,1774,instalacion y calibracion de evaluacion y inspeccion debido a desgaste.,Finalizado,2026-03-17 00:00:00,2026-03-20 00:00:00,3100,Entregado,TVS,R15,Carlos Mendoza,Daniel Castillo
4205,2934,5128,instalacion y calibracion de ciguenal y radiador por falla detectada.,Finalizado,2026-03-04 00:00:00,2026-02-22 00:00:00,970,Entregado,Bajaj,Z650,Carlos Mendoza,Luis Martinez
4206,4545,405,mantenimiento preventivo en radiador y motor con pruebas posteriores.,Finalizado,2026-02-28 00:00:00,2026-02-28 00:00:00,1038,Entregado,KTM,Boxer 150,Jose Ramirez,Victor Rivas
4207,795,2144,mantenimiento preventivo en radiador y ciguenal incluyendo ajuste final.,Finalizado,2026-03-20 00:00:00,2026-03-24 00:00:00,3326,Cliente informado,Suzuki,MT-07,Carlos Mendoza,Cristian Molina
4208,2458,2190,inspeccion avanzada de cambio de aceite y alineacion incluyendo ajuste final.,Finalizado,2026-03-07 00:00:00,2026-03-08 00:00:00,3948,Cliente informado,Kawasaki,Pulsar NS200,Carlos Mendoza,Luis Martinez
4209,1631,1774,inspeccion avanzada de revision y chequeo por falla detectada.,Finalizado,2026-03-17 00:00:00,2026-03-20 00:00:00,1867,Entregado,Suzuki,Boxer 150,Carlos Mendoza,Henry Tellez
4210,4144,4130,correccion especializada de cambio de aceite y cambio de aceite por falla detectada.,Finalizado,2026-03-24 00:00:00,2026-03-28 00:00:00,3875,Entregado,Italika,Gixxer 250,Jose Ramirez,Fernando Herrera
4211,3604,4644,diagnostico y reparacion de modificacion y pintura segun solicitud del cliente.,Finalizado,2026-03-06 00:00:00,2026-03-07 00:00:00,3748,Cliente informado,Italika,Gixxer 250,Carlos Mendoza,Julio Navarro
4212,584,62,correccion especializada de pistones y pistones para mejorar rendimiento.,Finalizado,2026-03-18 00:00:00,2026-03-21 00:00:00,3923,Entregado,KTM,CBR 600RR,Carlos Mendoza,Manuel Vargas
4213,4116,41,revision completa de alineacion y bujias por falla detectada.,Finalizado,2026-03-05 00:00:00,2026-03-08 00:00:00,695,Cliente informado,Italika,NKD 125,Jose Ramirez,Fernando Herrera
4214,1066,2938,inspeccion avanzada de diferencial y bomba de agua incluyendo ajuste final.,Finalizado,2026-03-27 00:00:00,2026-03-27 00:00:00,2271,Entregado,Honda,Duke 390,Carlos Mendoza,Erick Gutierrez
4215,4301,1700,servicio integral para calipers y custom debido a desgaste.,Finalizado,2026-03-25 00:00:00,2026-03-27 00:00:00,4414,Entregado,KTM,Gixxer 250,Carlos Mendoza,Julio Navarro
4216,2016,4735,mantenimiento preventivo en balanceo y niveles segun solicitud del cliente.,Finalizado,2026-03-04 00:00:00,2026-03-04 00:00:00,5627,Entregado,Suzuki,Gixxer 250,Jose Ramirez,Samuel Cruz
4217,4234,4130,diagnostico y reparacion de sensores y alternador para mejorar rendimiento.,Finalizado,2026-03-06 00:00:00,2026-03-07 00:00:00,3193,Entregado,Yamaha,Apache RTR 200,Carlos Mendoza,Carlos Mendoza
4218,2066,5162,mantenimiento preventivo en sensores y bateria incluyendo ajuste final.,Finalizado,2026-03-25 00:00:00,2026-03-28 00:00:00,5556,Cliente informado,Bajaj,FZ16,Jose Ramirez,Roberto Flores
4219,4160,3694,optimizacion del sistema distribucion y pistones para mejorar rendimiento.,Finalizado,2026-03-22 00:00:00,2026-03-23 00:00:00,4110,Entregado,Suzuki,FT150,Carlos Mendoza,Steven Rocha
4220,4409,5122,ajuste tecnico de revision general y problema y verificacion completa.,Finalizado,2026-03-24 00:00:00,2026-03-25 00:00:00,1128,Entregado,Italika,Gixxer 250,Jose Ramirez,Andres Ruiz
4221,3484,5027,diagnostico y reparacion de vinilado y frenos deportivos con pruebas posteriores.,Finalizado,2026-03-05 00:00:00,2026-02-23 00:00:00,1897,Cliente informado,Suzuki,XR150L,Carlos Mendoza,Wilmer Soto
4222,4486,539,diagnostico y reparacion de revision y bujias debido a desgaste.,Finalizado,2026-03-01 00:00:00,2026-03-04 00:00:00,3133,Entregado,Italika,GSX-R750,Carlos Mendoza,Cristian Molina
4223,1392,2945,correccion especializada de pintar carroceria y custom y verificacion completa.,Finalizado,2026-03-08 00:00:00,2026-02-26 00:00:00,3196,Cliente informado,Honda,FZ16,Jose Ramirez,Mario Lopez
4224,4838,2954,optimizacion del sistema test y falla debido a desgaste.,Finalizado,2026-03-02 00:00:00,2026-03-05 00:00:00,4667,Entregado,Bajaj,GN125,Carlos Mendoza,Wilmer Soto
4225,4369,4843,revision completa de sonido y llantas deportivas debido a desgaste.,Finalizado,2026-03-07 00:00:00,2026-03-10 00:00:00,6449,Cliente informado,Suzuki,NKD 125,Jose Ramirez,Juan Perez
4226,1028,905,optimizacion del sistema pistones y amortiguadores con pruebas posteriores.,Finalizado,2026-03-21 00:00:00,2026-03-23 00:00:00,2387,Entregado,TVS,Gixxer 250,Jose Ramirez,Brayan Silva
4227,1430,5059,optimizacion del sistema bomba de agua y distribucion y verificacion completa.,Finalizado,2026-03-08 00:00:00,2026-03-12 00:00:00,5047,Cliente informado,KTM,XR150L,Jose Ramirez,Francisco Blandon
4228,3454,766,optimizacion del sistema chequeo y problema por falla detectada.,Finalizado,2026-03-11 00:00:00,2026-03-14 00:00:00,1431,Cliente informado,AKT,MT-07,Jose Ramirez,Jose Ramirez
4229,1148,1056,ajuste tecnico de problema y ruido debido a desgaste.,Finalizado,2026-03-25 00:00:00,2026-03-28 00:00:00,1381,Cliente informado,Yamaha,FT150,Jose Ramirez,Andres Ruiz
4230,1103,2649,revision completa de chequeo y falla por falla detectada.,Finalizado,2026-03-10 00:00:00,2026-03-12 00:00:00,6458,Cliente informado,Kawasaki,CB190R,Carlos Mendoza,Henry Tellez
4231,800,5194,instalacion y calibracion de direccion y pistones por falla detectada.,Finalizado,2026-03-01 00:00:00,2026-03-05 00:00:00,1722,Entregado,KTM,XR150L,Carlos Mendoza,Alexis Diaz
4232,504,3267,ajuste tecnico de alineacion y niveles para mejorar rendimiento.,Finalizado,2026-03-04 00:00:00,2026-03-05 00:00:00,5688,Cliente informado,Kawasaki,RC 200,Carlos Mendoza,Henry Tellez
4233,1795,4343,ajuste tecnico de balanceo y cambio de aceite y verificacion completa.,Finalizado,2026-03-29 00:00:00,2026-03-31 00:00:00,3493,Cliente informado,Honda,Gixxer 250,Jose Ramirez,Victor Rivas
4234,758,570,correccion especializada de frenos deportivos y performance con pruebas posteriores.,Finalizado,2026-03-26 00:00:00,2026-03-27 00:00:00,2481,Cliente informado,Yamaha,R15,Jose Ramirez,Kevin Torres
4235,3379,1932,servicio integral para sistema electrico y sensores para mejorar rendimiento.,Finalizado,2026-03-27 00:00:00,2026-03-30 00:00:00,4502,Cliente informado,Kawasaki,Boxer 150,Carlos Mendoza,Steven Rocha
4236,291,4745,inspeccion avanzada de sonido y fibra de carbono para mejorar rendimiento.,Finalizado,2026-03-09 00:00:00,2026-03-11 00:00:00,6453,Entregado,Yamaha,MT-07,Carlos Mendoza,Francisco Blandon
4237,2563,4306,ajuste tecnico de test y ruido y verificacion completa.,Finalizado,2026-03-24 00:00:00,2026-03-28 00:00:00,6421,Cliente informado,Kawasaki,FT150,Jose Ramirez,Wilmer Soto
4238,3282,925,instalacion y calibracion de bateria y alternador segun solicitud del cliente.,Finalizado,2026-03-19 00:00:00,2026-03-19 00:00:00,3191,Cliente informado,Kawasaki,MT-07,Jose Ramirez,Cristian Molina
4239,4645,1560,instalacion y calibracion de ciguenal y direccion con pruebas posteriores.,Finalizado,2026-03-15 00:00:00,2026-03-16 00:00:00,4657,Cliente informado,Honda,Gixxer 250,Jose Ramirez,Fernando Herrera
4240,246,918,optimizacion del sistema arbol de levas y bomba de agua incluyendo ajuste final.,Finalizado,2026-03-05 00:00:00,2026-02-23 00:00:00,2807,Cliente informado,Bajaj,Boxer 150,Jose Ramirez,Victor Rivas
4241,3722,460,revision completa de motor de arranque y encendido y verificacion completa.,Finalizado,2026-02-28 00:00:00,2026-02-28 00:00:00,3341,Cliente informado,Honda,Ninja 400,Jose Ramirez,Mario Lopez
4242,4196,4672,diagnostico y reparacion de bateria y sensores para mejorar rendimiento.,Finalizado,2026-03-08 00:00:00,2026-03-09 00:00:00,3629,Cliente informado,KTM,GSX-R750,Jose Ramirez,Alexis Diaz
4243,4551,37,inspeccion avanzada de chip y potencia segun solicitud del cliente.,Finalizado,2026-03-22 00:00:00,2026-03-25 00:00:00,5464,Cliente informado,AKT,FT150,Jose Ramirez,Wilmer Soto
4244,834,2118,diagnostico y reparacion de pistones y biela debido a desgaste.,Finalizado,2026-03-02 00:00:00,2026-02-20 00:00:00,3079,Cliente informado,Suzuki,Z650,Jose Ramirez,Daniel Castillo
4245,3717,4753,diagnostico y reparacion de diagnostico y diagnostico por falla detectada.,Finalizado,2026-03-23 00:00:00,2026-03-25 00:00:00,4966,Entregado,Suzuki,Apache RTR 200,Jose Ramirez,Jose Ramirez
4246,4652,4435,servicio integral para sistema electrico y encendido con pruebas posteriores.,Finalizado,2026-03-25 00:00:00,2026-03-27 00:00:00,1471,Entregado,Yamaha,Gixxer 250,Jose Ramirez,Edwin Chavez
4247,2580,3814,inspeccion avanzada de chip y velocidad con pruebas posteriores.,Finalizado,2026-03-13 00:00:00,2026-03-16 00:00:00,4948,Entregado,Kawasaki,MT-07,Carlos Mendoza,Eduardo Castro
4248,4741,3736,ajuste tecnico de lubricacion y niveles debido a desgaste.,Finalizado,2026-03-14 00:00:00,2026-03-17 00:00:00,3200,Entregado,Yamaha,RC 200,Jose Ramirez,Steven Rocha
4249,3267,1097,mantenimiento preventivo en pintura y actualizacion de software con pruebas posteriores.,Finalizado,2026-03-24 00:00:00,2026-03-24 00:00:00,5493,Cliente informado,Yamaha,R15,Carlos Mendoza,Miguel Garcia
4250,2263,3844,inspeccion avanzada de distribucion y ciguenal incluyendo ajuste final.,Finalizado,2026-03-23 00:00:00,2026-03-23 00:00:00,6074,Entregado,Honda,Boxer 150,Carlos Mendoza,Carlos Mendoza
4251,2791,4963,correccion especializada de embrague y bomba de agua debido a desgaste.,Finalizado,2026-03-10 00:00:00,2026-03-10 00:00:00,4543,Entregado,Italika,XR150L,Carlos Mendoza,Francisco Blandon
4252,4631,2878,ajuste tecnico de biela y bomba de agua con pruebas posteriores.,Finalizado,2026-03-07 00:00:00,2026-03-07 00:00:00,5951,Entregado,Italika,RC 200,Carlos Mendoza,Wilmer Soto
4253,4902,4493,revision completa de filtro de aire y revision con pruebas posteriores.,Finalizado,2026-03-06 00:00:00,2026-03-10 00:00:00,6194,Entregado,Kawasaki,RC 200,Carlos Mendoza,Victor Rivas
4254,3648,1756,optimizacion del sistema fallo electrico y alternador y verificacion completa.,Finalizado,2026-03-07 00:00:00,2026-03-10 00:00:00,2692,Cliente informado,Suzuki,Boxer 150,Jose Ramirez,Alexis Diaz
4255,3389,4365,diagnostico y reparacion de sonido y cambio color segun solicitud del cliente.,Finalizado,2026-03-07 00:00:00,2026-03-09 00:00:00,2348,Entregado,Italika,XR150L,Carlos Mendoza,Cristian Molina
4256,1616,1055,servicio integral para cambio de aceite y filtro de aire incluyendo ajuste final.,Finalizado,2026-03-18 00:00:00,2026-03-19 00:00:00,1703,Entregado,TVS,GN125,Jose Ramirez,Alexis Diaz
4257,4072,4080,instalacion y calibracion de falla y ruido debido a desgaste.,Finalizado,2026-03-29 00:00:00,2026-04-02 00:00:00,4217,Cliente informado,Honda,GN125,Carlos Mendoza,Francisco Blandon
4258,383,4981,instalacion y calibracion de cambio de aceite y chequeo incluyendo ajuste final.,Entregado,2026-03-23 00:00:00,2026-03-27 00:00:00,6389,Cliente informado,Yamaha,R15,Jose Ramirez,Francisco Blandon
4259,2407,1791,diagnostico y reparacion de chequeo y ruido con pruebas posteriores.,Finalizado,2026-03-14 00:00:00,2026-03-17 00:00:00,4383,Cliente informado,Kawasaki,FZ16,Jose Ramirez,Julio Navarro
4260,3909,2476,ajuste tecnico de audio y velocidad por falla detectada.,Finalizado,2026-02-28 00:00:00,2026-03-01 00:00:00,2406,Entregado,Kawasaki,Gixxer 250,Jose Ramirez,Wilmer Soto
4261,3839,3244,revision completa de niveles y revision para mejorar rendimiento.,Finalizado,2026-03-21 00:00:00,2026-03-25 00:00:00,3470,Cliente informado,Honda,RC 200,Carlos Mendoza,Erick Gutierrez
4262,2852,4691,instalacion y calibracion de inspeccion y chequeo por falla detectada.,Finalizado,2026-03-03 00:00:00,2026-03-05 00:00:00,3027,Cliente informado,Yamaha,GN125,Jose Ramirez,Edwin Chavez
4263,1767,5194,correccion especializada de falla y chequeo segun solicitud del cliente.,Finalizado,2026-03-18 00:00:00,2026-03-20 00:00:00,3741,Cliente informado,Yamaha,RC 200,Carlos Mendoza,Miguel Garcia
4264,4395,2737,mantenimiento preventivo en centralita y cableado debido a desgaste.,Finalizado,2026-03-15 00:00:00,2026-03-17 00:00:00,2649,Entregado,Yamaha,CB190R,Carlos Mendoza,Wilmer Soto
4265,3717,4753,inspeccion avanzada de radiador y frenos para mejorar rendimiento.,Finalizado,2026-03-23 00:00:00,2026-03-25 00:00:00,6480,Entregado,AKT,RC 200,Jose Ramirez,Julio Navarro
4266,4381,3015,optimizacion del sistema cambio de aceite y lubricacion debido a desgaste.,Finalizado,2026-03-23 00:00:00,2026-03-25 00:00:00,5996,Cliente informado,Honda,R15,Carlos Mendoza,Oscar Reyes
4267,2805,4927,mantenimiento preventivo en chequeo y alineacion debido a desgaste.,Finalizado,2026-03-28 00:00:00,2026-03-30 00:00:00,1145,Entregado,Honda,MT-07,Jose Ramirez,Brayan Silva
4268,2809,3741,correccion especializada de sistema electrico y encendido para mejorar rendimiento.,Finalizado,2026-03-22 00:00:00,2026-03-25 00:00:00,5761,Cliente informado,Italika,Pulsar NS200,Carlos Mendoza,Erick Gutierrez
4269,1400,656,instalacion y calibracion de chequeo y diagnostico segun solicitud del cliente.,En proceso,2026-03-08 00:00:00,2026-03-08 00:00:00,5971,Cliente informado,Suzuki,MT-07,Jose Ramirez,Manuel Vargas
4270,1803,3061,inspeccion avanzada de motor de arranque y luces por falla detectada.,En proceso,2026-03-28 00:00:00,2026-03-30 00:00:00,5030,Entregado,Honda,FZ16,Carlos Mendoza,Jose Ramirez
4271,3658,2567,mantenimiento preventivo en lubricacion y niveles debido a desgaste.,Finalizado,2026-03-17 00:00:00,2026-03-17 00:00:00,1447,Cliente informado,TVS,FZ16,Jose Ramirez,Javier Morales
4272,1616,1055,mantenimiento preventivo en bomba de agua y radiador por falla detectada.,Finalizado,2026-03-18 00:00:00,2026-03-19 00:00:00,5006,Entregado,Honda,FT150,Jose Ramirez,Juan Perez
4273,3389,4365,revision completa de inspeccion y evaluacion incluyendo ajuste final.,Finalizado,2026-03-07 00:00:00,2026-03-09 00:00:00,5034,Entregado,KTM,RC 200,Jose Ramirez,Manuel Vargas
4274,4545,405,ajuste tecnico de fallo electrico y sensores debido a desgaste.,Finalizado,2026-02-28 00:00:00,2026-02-28 00:00:00,3968,Entregado,Italika,Pulsar NS200,Carlos Mendoza,Carlos Mendoza
4275,4873,2053,revision completa de llantas deportivas y personalizacion con pruebas posteriores.,Finalizado,2026-03-22 00:00:00,2026-03-22 00:00:00,5034,Cliente informado,KTM,GSX-R750,Jose Ramirez,Manuel Vargas
4276,4897,2116,correccion especializada de estetico y reprogramacion incluyendo ajuste final.,Entregado,2026-03-21 00:00:00,2026-03-23 00:00:00,1207,Entregado,AKT,MT-07,Jose Ramirez,Mario Lopez
4277,2617,2520,mantenimiento preventivo en lubricacion y alineacion segun solicitud del cliente.,Finalizado,2026-03-11 00:00:00,2026-03-11 00:00:00,1018,Cliente informado,Bajaj,NKD 125,Carlos Mendoza,Mario Lopez
4278,4808,2204,correccion especializada de falla y evaluacion para mejorar rendimiento.,Finalizado,2026-03-04 00:00:00,2026-03-07 00:00:00,1529,Entregado,TVS,XR150L,Carlos Mendoza,Kevin Torres
4279,4415,656,mantenimiento preventivo en luces led y reprogramacion segun solicitud del cliente.,Finalizado,2026-03-01 00:00:00,2026-03-03 00:00:00,2442,Entregado,Italika,Gixxer 250,Carlos Mendoza,Fernando Herrera
4280,1664,2688,mantenimiento preventivo en problema y inspeccion por falla detectada.,Finalizado,2026-03-21 00:00:00,2026-03-24 00:00:00,2201,Cliente informado,Honda,Apache RTR 200,Carlos Mendoza,Cristian Molina
4281,1916,3153,diagnostico y reparacion de audio y calipers para mejorar rendimiento.,Finalizado,2026-02-28 00:00:00,2026-03-02 00:00:00,2644,Cliente informado,Honda,Ninja 400,Jose Ramirez,Julio Navarro
4282,3473,214,mantenimiento preventivo en problema y evaluacion para mejorar rendimiento.,Finalizado,2026-03-16 00:00:00,2026-03-06 00:00:00,3122,Entregado,Yamaha,CB190R,Carlos Mendoza,Miguel Garcia
4283,1632,2973,optimizacion del sistema motor de arranque y alternador y verificacion completa.,Finalizado,2026-03-15 00:00:00,2026-03-17 00:00:00,3243,Cliente informado,Honda,Z650,Carlos Mendoza,Erick Gutierrez
4284,4366,4693,instalacion y calibracion de distribucion y pistones segun solicitud del cliente.,Finalizado,2026-03-18 00:00:00,2026-03-19 00:00:00,5491,Entregado,Yamaha,MT-07,Jose Ramirez,Miguel Garcia
4285,3344,852,servicio integral para centralita y bateria incluyendo ajuste final.,Finalizado,2026-02-28 00:00:00,2026-03-04 00:00:00,5220,Entregado,Kawasaki,FZ16,Jose Ramirez,Cristian Molina
4286,2553,1018,inspeccion avanzada de arbol de levas y distribucion incluyendo ajuste final.,Finalizado,2026-03-04 00:00:00,2026-03-08 00:00:00,2287,Cliente informado,TVS,CBR 600RR,Jose Ramirez,Samuel Cruz
4287,3239,273,diagnostico y reparacion de eje y radiador por falla detectada.,Finalizado,2026-03-07 00:00:00,2026-03-11 00:00:00,5195,Cliente informado,Bajaj,GSX-R750,Carlos Mendoza,Alexis Diaz
4288,2481,2099,diagnostico y reparacion de ruido y chequeo segun solicitud del cliente.,Finalizado,2026-03-07 00:00:00,2026-03-08 00:00:00,1129,Entregado,TVS,Gixxer 250,Jose Ramirez,Edwin Chavez
4289,2492,2461,inspeccion avanzada de llantas deportivas y personalizacion incluyendo ajuste final.,Finalizado,2026-03-01 00:00:00,2026-03-04 00:00:00,4672,Entregado,Suzuki,XR150L,Carlos Mendoza,Francisco Blandon
4290,1344,3238,correccion especializada de filtro de aire y cambio de aceite y verificacion completa.,Finalizado,2026-03-07 00:00:00,2026-03-08 00:00:00,1854,Entregado,Yamaha,GN125,Jose Ramirez,Fernando Herrera
4291,1064,4365,diagnostico y reparacion de sistema electrico y cableado debido a desgaste.,Finalizado,2026-02-28 00:00:00,2026-03-04 00:00:00,6152,Entregado,Honda,CBR 600RR,Jose Ramirez,Fernando Herrera
4292,2224,1264,instalacion y calibracion de diagnostico y escaneo por falla detectada.,Finalizado,2026-03-23 00:00:00,2026-03-26 00:00:00,790,Cliente informado,Kawasaki,NKD 125,Carlos Mendoza,Edwin Chavez
4293,800,5194,correccion especializada de encendido y cableado y verificacion completa.,Finalizado,2026-03-01 00:00:00,2026-03-05 00:00:00,4034,Entregado,Suzuki,FZ16,Jose Ramirez,Daniel Castillo
4294,2043,1768,diagnostico y reparacion de distribucion y motor segun solicitud del cliente.,Finalizado,2026-03-26 00:00:00,2026-03-26 00:00:00,3994,Entregado,Honda,Apache RTR 200,Jose Ramirez,Daniel Castillo
4295,725,4790,mantenimiento preventivo en custom y turbo y verificacion completa.,Finalizado,2026-02-28 00:00:00,2026-03-02 00:00:00,4591,Cliente informado,Yamaha,Z650,Jose Ramirez,Cristian Molina
4296,135,606,mantenimiento preventivo en bateria y fallo electrico incluyendo ajuste final.,Finalizado,2026-03-14 00:00:00,2026-03-15 00:00:00,591,Entregado,KTM,NKD 125,Carlos Mendoza,Edwin Chavez
4297,1588,606,mantenimiento preventivo en problema y problema debido a desgaste.,Finalizado,2026-03-20 00:00:00,2026-03-24 00:00:00,586,Entregado,Honda,CB190R,Carlos Mendoza,Kevin Torres
4298,4540,1036,diagnostico y reparacion de centralita y luces con pruebas posteriores.,Finalizado,2026-03-12 00:00:00,2026-03-12 00:00:00,4526,Entregado,AKT,Ninja 400,Carlos Mendoza,Andres Ruiz
4299,3768,3163,optimizacion del sistema chequeo y alineacion por falla detectada.,Finalizado,2026-03-18 00:00:00,2026-03-21 00:00:00,5754,Entregado,Yamaha,NKD 125,Jose Ramirez,Brayan Silva
4300,2563,2610,instalacion y calibracion de biela y radiador debido a desgaste.,Finalizado,2026-03-28 00:00:00,2026-03-28 00:00:00,917,Entregado,Bajaj,Z650,Carlos Mendoza,Javier Morales
4301,2263,3844,instalacion y calibracion de motor de arranque y alternador para mejorar rendimiento.,Finalizado,2026-03-23 00:00:00,2026-03-23 00:00:00,4931,Entregado,Italika,FT150,Carlos Mendoza,Julio Navarro
4302,4155,3460,instalacion y calibracion de revision y filtro de aire incluyendo ajuste final.,Finalizado,2026-03-11 00:00:00,2026-03-11 00:00:00,1570,Cliente informado,Suzuki,NKD 125,Jose Ramirez,Juan Perez
4303,2809,3741,optimizacion del sistema test y test y verificacion completa.,Finalizado,2026-03-22 00:00:00,2026-03-25 00:00:00,5959,Cliente informado,Kawasaki,Boxer 150,Jose Ramirez,Mario Lopez
4304,1125,1519,mantenimiento preventivo en inspeccion y revision general por falla detectada.,Finalizado,2026-03-12 00:00:00,2026-03-12 00:00:00,912,Cliente informado,Suzuki,GN125,Carlos Mendoza,Daniel Castillo
4305,1758,826,revision completa de audio y performance incluyendo ajuste final.,Finalizado,2026-03-04 00:00:00,2026-03-04 00:00:00,5677,Entregado,Honda,RC 200,Carlos Mendoza,Luis Martinez
4306,3282,925,mantenimiento preventivo en balanceo y filtro de aire segun solicitud del cliente.,Finalizado,2026-03-19 00:00:00,2026-03-19 00:00:00,4242,Cliente informado,Bajaj,Ninja 400,Jose Ramirez,Erick Gutierrez
4307,1134,1039,servicio integral para diagnostico y inspeccion por falla detectada.,Finalizado,2026-03-18 00:00:00,2026-03-08 00:00:00,4909,Cliente informado,Honda,GSX-R750,Jose Ramirez,Manuel Vargas
4308,3434,220,diagnostico y reparacion de audio y chip incluyendo ajuste final.,Finalizado,2026-03-27 00:00:00,2026-03-31 00:00:00,814,Entregado,TVS,GN125,Jose Ramirez,Cristian Molina
4309,1946,4566,diagnostico y reparacion de escaneo y falla con pruebas posteriores.,Finalizado,2026-03-12 00:00:00,2026-03-14 00:00:00,6094,Entregado,Honda,Ninja 400,Jose Ramirez,Roberto Flores
4310,575,5077,revision completa de cambio de aceite y filtro de aire para mejorar rendimiento.,Finalizado,2026-03-22 00:00:00,2026-03-22 00:00:00,1279,Cliente informado,Suzuki,R15,Carlos Mendoza,Francisco Blandon
4311,1032,1808,ajuste tecnico de cambio de aceite y niveles segun solicitud del cliente.,Finalizado,2026-02-28 00:00:00,2026-03-01 00:00:00,783,Cliente informado,Kawasaki,Ninja 400,Carlos Mendoza,Edwin Chavez
4312,91,4109,servicio integral para sensores y alternador para mejorar rendimiento.,Finalizado,2026-03-08 00:00:00,2026-03-12 00:00:00,1407,Cliente informado,Honda,FZ16,Jose Ramirez,Carlos Mendoza
4313,1870,4841,optimizacion del sistema bateria y sensores para mejorar rendimiento.,Finalizado,2026-03-27 00:00:00,2026-03-28 00:00:00,3270,Cliente informado,KTM,FZ16,Jose Ramirez,Steven Rocha
4314,1213,3594,inspeccion avanzada de sensores y centralita debido a desgaste.,Finalizado,2026-03-12 00:00:00,2026-03-02 00:00:00,2441,Cliente informado,Suzuki,Gixxer 250,Carlos Mendoza,Fernando Herrera
4315,1767,2420,servicio integral para motor de arranque y sistema electrico con pruebas posteriores.,Finalizado,2026-03-22 00:00:00,2026-03-23 00:00:00,4919,Entregado,KTM,GN125,Carlos Mendoza,Francisco Blandon
4316,3802,1909,mantenimiento preventivo en falla y diagnostico por falla detectada.,Finalizado,2026-03-12 00:00:00,2026-03-12 00:00:00,3159,Entregado,KTM,Pulsar NS200,Jose Ramirez,Roberto Flores
4317,2395,2543,diagnostico y reparacion de chip y custom con pruebas posteriores.,Finalizado,2026-03-25 00:00:00,2026-03-25 00:00:00,6438,Entregado,TVS,CBR 600RR,Carlos Mendoza,Manuel Vargas
4318,1112,1234,optimizacion del sistema alternador y luces y verificacion completa.,Finalizado,2026-03-15 00:00:00,2026-03-17 00:00:00,6158,Cliente informado,Italika,Z650,Carlos Mendoza,Wilmer Soto
4319,2852,4691,revision completa de chequeo y chequeo para mejorar rendimiento.,Finalizado,2026-03-03 00:00:00,2026-03-05 00:00:00,3319,Cliente informado,Kawasaki,GSX-R750,Jose Ramirez,Andres Ruiz
4320,1966,1739,revision completa de lubricacion y filtro de aceite con pruebas posteriores.,Finalizado,2026-03-07 00:00:00,2026-03-10 00:00:00,1361,Entregado,Kawasaki,Z650,Carlos Mendoza,Andres Ruiz
4321,3304,1765,mantenimiento preventivo en motor y diferencial por falla detectada.,Finalizado,2026-03-24 00:00:00,2026-03-24 00:00:00,6484,Cliente informado,AKT,R15,Jose Ramirez,Wilmer Soto
4322,58,3681,revision completa de pantalla y fibra de carbono para mejorar rendimiento.,Finalizado,2026-03-29 00:00:00,2026-04-02 00:00:00,2058,Cliente informado,KTM,CB190R,Carlos Mendoza,Oscar Reyes
4323,967,4338,optimizacion del sistema alineacion y balanceo por falla detectada.,Finalizado,2026-03-04 00:00:00,2026-03-06 00:00:00,1773,Cliente informado,Suzuki,Boxer 150,Jose Ramirez,Julio Navarro
4324,2873,2693,correccion especializada de bujias y revision debido a desgaste.,Finalizado,2026-03-02 00:00:00,2026-03-05 00:00:00,3758,Cliente informado,Suzuki,NKD 125,Jose Ramirez,Daniel Castillo
4325,902,5131,optimizacion del sistema niveles y cambio de aceite con pruebas posteriores.,Finalizado,2026-03-25 00:00:00,2026-03-26 00:00:00,3529,Cliente informado,Suzuki,GSX-R750,Jose Ramirez,Cristian Molina
4326,1066,2938,optimizacion del sistema modificacion y potencia con pruebas posteriores.,Finalizado,2026-03-27 00:00:00,2026-03-27 00:00:00,3380,Entregado,Yamaha,R15,Jose Ramirez,Oscar Reyes
4327,4207,3151,diagnostico y reparacion de radiador y pistones debido a desgaste.,Finalizado,2026-03-23 00:00:00,2026-03-13 00:00:00,813,Cliente informado,TVS,CB190R,Carlos Mendoza,Alexis Diaz
4328,2314,1378,optimizacion del sistema inspeccion y test para mejorar rendimiento.,Finalizado,2026-03-08 00:00:00,2026-03-09 00:00:00,4956,Cliente informado,Yamaha,GSX-R750,Carlos Mendoza,Juan Perez
4329,1087,2469,instalacion y calibracion de velocidad y luces led para mejorar rendimiento.,Finalizado,2026-03-12 00:00:00,2026-03-12 00:00:00,6270,Entregado,Bajaj,GN125,Jose Ramirez,Carlos Mendoza
4330,3195,248,correccion especializada de diagnostico y escaneo incluyendo ajuste final.,Entregado,2026-03-05 00:00:00,2026-03-09 00:00:00,927,Cliente informado,Yamaha,RC 200,Carlos Mendoza,Cristian Molina
4331,391,2742,servicio integral para problema y chequeo para mejorar rendimiento.,Finalizado,2026-03-29 00:00:00,2026-03-29 00:00:00,3355,Cliente informado,Italika,Ninja 400,Carlos Mendoza,Steven Rocha
4332,3688,429,inspeccion avanzada de bomba de agua y transmision por falla detectada.,Finalizado,2026-03-01 00:00:00,2026-03-04 00:00:00,2702,Cliente informado,Yamaha,Z650,Jose Ramirez,Andres Ruiz
4333,397,4584,servicio integral para revision y chequeo y verificacion completa.,Entregado,2026-03-03 00:00:00,2026-03-03 00:00:00,6217,Cliente informado,Honda,Apache RTR 200,Jose Ramirez,Manuel Vargas
4334,1791,2788,inspeccion avanzada de falla y test segun solicitud del cliente.,Finalizado,2026-03-25 00:00:00,2026-03-26 00:00:00,3775,Cliente informado,Honda,MT-07,Carlos Mendoza,Julio Navarro
4335,2474,5253,instalacion y calibracion de transmision y eje con pruebas posteriores.,Finalizado,2026-03-18 00:00:00,2026-03-21 00:00:00,4847,Cliente informado,Yamaha,CB190R,Carlos Mendoza,Juan Perez
4336,3473,214,servicio integral para aleron y fibra de carbono por falla detectada.,Finalizado,2026-03-16 00:00:00,2026-03-06 00:00:00,4272,Entregado,KTM,RC 200,Carlos Mendoza,Cristian Molina
4337,534,2037,diagnostico y reparacion de cambio de aceite y cambio de aceite por falla detectada.,Finalizado,2026-03-28 00:00:00,2026-03-28 00:00:00,4811,Entregado,AKT,R15,Jose Ramirez,Juan Perez
4338,587,446,servicio integral para inspeccion y diagnostico para mejorar rendimiento.,Finalizado,2026-03-28 00:00:00,2026-03-28 00:00:00,1567,Entregado,Yamaha,GN125,Jose Ramirez,Juan Perez
4339,2675,2783,optimizacion del sistema frenos y arbol de levas y verificacion completa.,Finalizado,2026-03-18 00:00:00,2026-03-20 00:00:00,4487,Cliente informado,Honda,RC 200,Carlos Mendoza,Fernando Herrera
4340,3535,3808,ajuste tecnico de sensores y motor de arranque segun solicitud del cliente.,Finalizado,2026-03-10 00:00:00,2026-03-14 00:00:00,3970,Cliente informado,Yamaha,Ninja 400,Carlos Mendoza,Samuel Cruz
4341,1573,5279,correccion especializada de alineacion y niveles debido a desgaste.,Finalizado,2026-03-11 00:00:00,2026-03-14 00:00:00,680,Entregado,AKT,R15,Carlos Mendoza,Miguel Garcia
4342,243,3276,revision completa de reprogramacion y chip incluyendo ajuste final.,Finalizado,2026-03-06 00:00:00,2026-03-10 00:00:00,6016,Cliente informado,Yamaha,R15,Jose Ramirez,Erick Gutierrez
4343,1018,37,servicio integral para gps y cambio color incluyendo ajuste final.,Finalizado,2026-03-29 00:00:00,2026-03-31 00:00:00,2718,Cliente informado,Kawasaki,Ninja 400,Jose Ramirez,Brayan Silva
4344,3562,5193,optimizacion del sistema distribucion y diferencial y verificacion completa.,Finalizado,2026-03-24 00:00:00,2026-03-24 00:00:00,3868,Entregado,Honda,CB190R,Jose Ramirez,Brayan Silva
4345,3893,2560,diagnostico y reparacion de culata y carroceria incluyendo ajuste final.,Finalizado,2026-03-03 00:00:00,2026-03-06 00:00:00,847,Cliente informado,Yamaha,FZ16,Carlos Mendoza,Samuel Cruz
4346,4518,4325,optimizacion del sistema falla y falla por falla detectada.,Finalizado,2026-03-01 00:00:00,2026-03-02 00:00:00,2717,Entregado,Kawasaki,Duke 390,Carlos Mendoza,Fernando Herrera
4347,3425,4400,ajuste tecnico de audio y sonido y verificacion completa.,Finalizado,2026-03-04 00:00:00,2026-03-04 00:00:00,5472,Cliente informado,Suzuki,Gixxer 250,Carlos Mendoza,Luis Martinez
4348,2449,443,inspeccion avanzada de fallo electrico y fallo electrico para mejorar rendimiento.,Finalizado,2026-03-17 00:00:00,2026-03-17 00:00:00,1052,Entregado,Kawasaki,Apache RTR 200,Jose Ramirez,Fernando Herrera
4349,3814,826,inspeccion avanzada de encendido y centralita con pruebas posteriores.,Finalizado,2026-03-13 00:00:00,2026-03-14 00:00:00,582,Cliente informado,TVS,Pulsar NS200,Jose Ramirez,Eduardo Castro
4350,1901,3769,revision completa de problema y ruido con pruebas posteriores.,Finalizado,2026-03-25 00:00:00,2026-03-15 00:00:00,1886,Entregado,Suzuki,Duke 390,Jose Ramirez,Victor Rivas
4351,893,2689,servicio integral para carroceria y caja de cambios debido a desgaste.,Finalizado,2026-03-02 00:00:00,2026-02-20 00:00:00,1713,Entregado,KTM,GN125,Jose Ramirez,Mario Lopez
4352,1430,5059,instalacion y calibracion de alineacion y balanceo debido a desgaste.,Finalizado,2026-03-08 00:00:00,2026-03-12 00:00:00,4769,Cliente informado,Honda,MT-07,Jose Ramirez,Roberto Flores
4353,863,2202,correccion especializada de problema y inspeccion y verificacion completa.,En proceso,2026-03-22 00:00:00,2026-03-24 00:00:00,838,Cliente informado,Honda,RC 200,Carlos Mendoza,Wilmer Soto
4354,2106,2203,optimizacion del sistema sensores y centralita segun solicitud del cliente.,Finalizado,2026-03-19 00:00:00,2026-03-23 00:00:00,1765,Cliente informado,Honda,MT-07,Carlos Mendoza,Julio Navarro
4355,758,570,servicio integral para revision y revision con pruebas posteriores.,Finalizado,2026-03-26 00:00:00,2026-03-27 00:00:00,3759,Cliente informado,Suzuki,Ninja 400,Jose Ramirez,Julio Navarro
4356,4127,3315,revision completa de sensores y cableado por falla detectada.,Finalizado,2026-03-29 00:00:00,2026-03-30 00:00:00,4818,Cliente informado,KTM,Duke 390,Jose Ramirez,Manuel Vargas
4357,4223,2008,correccion especializada de filtro de aire y cambio de aceite para mejorar rendimiento.,Finalizado,2026-03-19 00:00:00,2026-03-09 00:00:00,2200,Entregado,AKT,MT-07,Carlos Mendoza,Fernando Herrera
4358,1805,3628,mantenimiento preventivo en direccion y diferencial segun solicitud del cliente.,Finalizado,2026-03-22 00:00:00,2026-03-23 00:00:00,2507,Cliente informado,Yamaha,RC 200,Jose Ramirez,Erick Gutierrez
4359,2613,4595,optimizacion del sistema polarizado y kit aerodinamico y verificacion completa.,Finalizado,2026-03-11 00:00:00,2026-03-13 00:00:00,3359,Cliente informado,Suzuki,R15,Jose Ramirez,Brayan Silva
4360,4944,2595,correccion especializada de diagnostico y diagnostico por falla detectada.,Finalizado,2026-03-03 00:00:00,2026-03-07 00:00:00,1019,Cliente informado,KTM,Apache RTR 200,Carlos Mendoza,Miguel Garcia
4361,3400,4385,ajuste tecnico de inspeccion y test por falla detectada.,Entregado,2026-03-03 00:00:00,2026-03-06 00:00:00,5060,Cliente informado,Yamaha,RC 200,Carlos Mendoza,Wilmer Soto
4362,3894,1817,correccion especializada de direccion y biela por falla detectada.,En proceso,2026-03-20 00:00:00,2026-03-22 00:00:00,1179,Cliente informado,Yamaha,GN125,Jose Ramirez,Victor Rivas
4363,3893,2560,inspeccion avanzada de evaluacion y inspeccion segun solicitud del cliente.,Finalizado,2026-03-03 00:00:00,2026-03-06 00:00:00,2458,Cliente informado,KTM,Duke 390,Jose Ramirez,Alexis Diaz
4364,231,1844,correccion especializada de escaneo y falla para mejorar rendimiento.,Finalizado,2026-03-18 00:00:00,2026-03-21 00:00:00,2696,Cliente informado,Italika,DM200,Carlos Mendoza,Juan Perez
4365,3979,4752,servicio integral para fibra de carbono y custom para mejorar rendimiento.,Finalizado,2026-03-18 00:00:00,2026-03-21 00:00:00,4510,Entregado,Yamaha,GN125,Carlos Mendoza,Carlos Mendoza
4366,844,4307,revision completa de custom y custom incluyendo ajuste final.,Finalizado,2026-03-02 00:00:00,2026-03-06 00:00:00,2468,Cliente informado,Bajaj,FT150,Carlos Mendoza,Miguel Garcia
4367,3118,1347,diagnostico y reparacion de custom y turbo por falla detectada.,Finalizado,2026-03-12 00:00:00,2026-03-13 00:00:00,2837,Cliente informado,Kawasaki,Pulsar NS200,Carlos Mendoza,Edwin Chavez
4368,1732,3477,mantenimiento preventivo en ruido y problema por falla detectada.,Finalizado,2026-03-06 00:00:00,2026-03-10 00:00:00,2152,Cliente informado,Bajaj,FZ16,Carlos Mendoza,Oscar Reyes
4369,52,2859,diagnostico y reparacion de bujias y filtro de aceite para mejorar rendimiento.,Finalizado,2026-03-29 00:00:00,2026-03-30 00:00:00,5647,Cliente informado,Honda,XR150L,Carlos Mendoza,Miguel Garcia
4370,4443,2716,servicio integral para ruido y chequeo y verificacion completa.,Finalizado,2026-03-11 00:00:00,2026-03-13 00:00:00,3515,Cliente informado,KTM,GN125,Jose Ramirez,Miguel Garcia
4371,4913,5187,correccion especializada de frenos y arbol de levas con pruebas posteriores.,Finalizado,2026-03-04 00:00:00,2026-03-05 00:00:00,2360,Entregado,AKT,CBR 600RR,Carlos Mendoza,Oscar Reyes
4372,1401,2283,correccion especializada de diagnostico y inspeccion y verificacion completa.,Finalizado,2026-03-13 00:00:00,2026-03-15 00:00:00,6018,Entregado,Honda,Apache RTR 200,Carlos Mendoza,Julio Navarro
4373,357,301,mantenimiento preventivo en filtro de aire y lubricacion por falla detectada.,Finalizado,2026-03-24 00:00:00,2026-03-24 00:00:00,4064,Cliente informado,Kawasaki,Z650,Jose Ramirez,Oscar Reyes
4374,4344,2673,correccion especializada de pistones y culata y verificacion completa.,Finalizado,2026-03-27 00:00:00,2026-03-31 00:00:00,6098,Entregado,Honda,Pulsar NS200,Carlos Mendoza,Samuel Cruz
4375,4421,3643,servicio integral para performance y pantalla y verificacion completa.,Finalizado,2026-02-28 00:00:00,2026-03-04 00:00:00,1205,Cliente informado,Italika,GSX-R750,Carlos Mendoza,Samuel Cruz
4376,68,5160,instalacion y calibracion de escaneo y chequeo segun solicitud del cliente.,Finalizado,2026-03-25 00:00:00,2026-03-27 00:00:00,898,Entregado,AKT,Ninja 400,Jose Ramirez,Steven Rocha
4377,788,2774,mantenimiento preventivo en alternador y fallo electrico por falla detectada.,Finalizado,2026-03-07 00:00:00,2026-03-09 00:00:00,4465,Cliente informado,TVS,CBR 600RR,Carlos Mendoza,Erick Gutierrez
4378,273,460,correccion especializada de inspeccion y revision general y verificacion completa.,Finalizado,2026-03-20 00:00:00,2026-03-24 00:00:00,752,Entregado,Bajaj,Boxer 150,Jose Ramirez,Henry Tellez
4379,2016,1369,instalacion y calibracion de cambio color y sensores de estacionamiento debido a desgaste.,Finalizado,2026-03-02 00:00:00,2026-03-04 00:00:00,5738,Entregado,Italika,XR150L,Jose Ramirez,Daniel Castillo
4380,3262,1103,correccion especializada de audio y turbo por falla detectada.,Finalizado,2026-03-20 00:00:00,2026-03-21 00:00:00,5281,Cliente informado,Suzuki,GN125,Jose Ramirez,Wilmer Soto
4381,4666,3999,correccion especializada de bomba de agua y biela segun solicitud del cliente.,Finalizado,2026-03-14 00:00:00,2026-03-16 00:00:00,2507,Cliente informado,Yamaha,Z650,Jose Ramirez,Francisco Blandon
4382,3349,3967,correccion especializada de pintar carroceria y cambio color debido a desgaste.,Finalizado,2026-03-15 00:00:00,2026-03-18 00:00:00,3395,Cliente informado,TVS,NKD 125,Carlos Mendoza,Javier Morales
4383,4068,1264,instalacion y calibracion de problema y chequeo incluyendo ajuste final.,En proceso,2026-03-26 00:00:00,2026-03-26 00:00:00,2906,Cliente informado,TVS,R15,Carlos Mendoza,Eduardo Castro
4384,3473,214,revision completa de ruido y test por falla detectada.,Finalizado,2026-03-16 00:00:00,2026-03-06 00:00:00,6059,Entregado,Italika,GN125,Jose Ramirez,Julio Navarro
4385,682,2567,mantenimiento preventivo en fallo electrico y centralita y verificacion completa.,Finalizado,2026-03-26 00:00:00,2026-03-16 00:00:00,4250,Entregado,Yamaha,CB190R,Carlos Mendoza,Manuel Vargas
4386,3024,6,servicio integral para caja de cambios y caja de cambios para mejorar rendimiento.,Finalizado,2026-03-08 00:00:00,2026-03-10 00:00:00,6276,Cliente informado,Bajaj,Duke 390,Carlos Mendoza,Wilmer Soto
4387,1436,2188,revision completa de frenos y suspension con pruebas posteriores.,Finalizado,2026-03-01 00:00:00,2026-03-04 00:00:00,6019,Cliente informado,Suzuki,CB190R,Jose Ramirez,Mario Lopez
4388,1271,3663,ajuste tecnico de alternador y fallo electrico incluyendo ajuste final.,Finalizado,2026-03-08 00:00:00,2026-03-08 00:00:00,3497,Entregado,Italika,Z650,Jose Ramirez,Daniel Castillo
4389,2449,1778,revision completa de reprogramacion y fibra de carbono y verificacion completa.,Finalizado,2026-03-04 00:00:00,2026-02-22 00:00:00,4107,Cliente informado,Yamaha,Apache RTR 200,Carlos Mendoza,Edwin Chavez
4390,2045,5081,inspeccion avanzada de diagnostico y falla incluyendo ajuste final.,Finalizado,2026-03-05 00:00:00,2026-03-06 00:00:00,1845,Cliente informado,KTM,R15,Carlos Mendoza,Wilmer Soto
4391,1869,68,mantenimiento preventivo en cambio de aceite y cambio de aceite incluyendo ajuste final.,Finalizado,2026-03-14 00:00:00,2026-03-14 00:00:00,5005,Cliente informado,Bajaj,Boxer 150,Carlos Mendoza,Brayan Silva
4392,2053,1051,correccion especializada de chequeo y alineacion por falla detectada.,En proceso,2026-03-17 00:00:00,2026-03-19 00:00:00,1175,Cliente informado,Kawasaki,RC 200,Carlos Mendoza,Brayan Silva
4393,4406,4924,servicio integral para filtro de aire y bujias debido a desgaste.,En proceso,2026-03-11 00:00:00,2026-03-15 00:00:00,2014,Entregado,Italika,Boxer 150,Jose Ramirez,Daniel Castillo
4394,4354,3217,revision completa de escaneo y escaneo con pruebas posteriores.,Finalizado,2026-03-07 00:00:00,2026-02-25 00:00:00,5803,Cliente informado,Suzuki,CB190R,Carlos Mendoza,Carlos Mendoza
4395,1006,4570,revision completa de radiador y amortiguadores con pruebas posteriores.,Finalizado,2026-03-03 00:00:00,2026-03-07 00:00:00,3721,Cliente informado,Kawasaki,CB190R,Carlos Mendoza,Wilmer Soto
4396,3587,4379,diagnostico y reparacion de distribucion y radiador y verificacion completa.,Finalizado,2026-03-05 00:00:00,2026-03-06 00:00:00,5420,Cliente informado,KTM,FZ16,Jose Ramirez,Wilmer Soto
4397,1785,3695,optimizacion del sistema embrague y amortiguadores incluyendo ajuste final.,Finalizado,2026-03-08 00:00:00,2026-03-11 00:00:00,3750,Cliente informado,Kawasaki,Duke 390,Jose Ramirez,Eduardo Castro
4398,2968,936,servicio integral para lubricacion y filtro de aceite incluyendo ajuste final.,Finalizado,2026-03-12 00:00:00,2026-03-13 00:00:00,2287,Entregado,Honda,GSX-R750,Jose Ramirez,Manuel Vargas
4399,3570,2827,mantenimiento preventivo en performance y cromado por falla detectada.,Finalizado,2026-03-17 00:00:00,2026-03-21 00:00:00,2488,Cliente informado,Suzuki,R15,Carlos Mendoza,Fernando Herrera
4400,4334,192,revision completa de llantas deportivas y aleron por falla detectada.,Finalizado,2026-03-16 00:00:00,2026-03-19 00:00:00,5362,Entregado,Honda,CB190R,Carlos Mendoza,Henry Tellez
4401,1401,1351,ajuste tecnico de inspeccion y falla y verificacion completa.,Finalizado,2026-03-28 00:00:00,2026-03-29 00:00:00,1214,Entregado,Honda,MT-07,Carlos Mendoza,Francisco Blandon
4402,394,2439,mantenimiento preventivo en caja de cambios y bomba de agua con pruebas posteriores.,Finalizado,2026-03-27 00:00:00,2026-03-31 00:00:00,1119,Entregado,Italika,CBR 600RR,Jose Ramirez,Francisco Blandon
4403,1524,940,revision completa de amortiguadores y pistones por falla detectada.,Finalizado,2026-03-02 00:00:00,2026-03-03 00:00:00,5611,Cliente informado,Suzuki,CBR 600RR,Carlos Mendoza,Alexis Diaz
4404,1673,938,instalacion y calibracion de reprogramacion y aleron por falla detectada.,Finalizado,2026-03-15 00:00:00,2026-03-17 00:00:00,2630,Entregado,Kawasaki,XR150L,Jose Ramirez,Francisco Blandon
4405,4900,560,instalacion y calibracion de turbo y fibra de carbono por falla detectada.,Finalizado,2026-03-06 00:00:00,2026-03-07 00:00:00,1476,Cliente informado,Italika,GN125,Carlos Mendoza,Alexis Diaz
4406,4939,503,ajuste tecnico de alineacion y balanceo segun solicitud del cliente.,Finalizado,2026-03-28 00:00:00,2026-03-30 00:00:00,3111,Entregado,KTM,Boxer 150,Carlos Mendoza,Henry Tellez
4407,3118,1347,ajuste tecnico de reprogramacion y camara segun solicitud del cliente.,Finalizado,2026-03-12 00:00:00,2026-03-13 00:00:00,4346,Cliente informado,Honda,XR150L,Carlos Mendoza,Erick Gutierrez
4408,25,826,diagnostico y reparacion de caja de cambios y bomba de agua con pruebas posteriores.,Finalizado,2026-03-22 00:00:00,2026-03-22 00:00:00,4858,Entregado,AKT,RC 200,Jose Ramirez,Alexis Diaz
4409,356,5311,servicio integral para balanceo y chequeo incluyendo ajuste final.,Finalizado,2026-03-04 00:00:00,2026-03-08 00:00:00,2101,Entregado,Honda,MT-07,Carlos Mendoza,Roberto Flores
4410,1920,4634,inspeccion avanzada de revision general y evaluacion debido a desgaste.,Finalizado,2026-03-10 00:00:00,2026-03-14 00:00:00,6118,Entregado,Italika,MT-07,Jose Ramirez,Francisco Blandon
4411,696,537,inspeccion avanzada de motor de arranque y encendido debido a desgaste.,Finalizado,2026-03-27 00:00:00,2026-03-28 00:00:00,1813,Cliente informado,Suzuki,Apache RTR 200,Carlos Mendoza,Wilmer Soto
4412,4489,3051,diagnostico y reparacion de transmision y amortiguadores y verificacion completa.,Finalizado,2026-03-15 00:00:00,2026-03-17 00:00:00,4686,Entregado,TVS,GN125,Jose Ramirez,Mario Lopez
4413,3633,4118,correccion especializada de balanceo y bujias segun solicitud del cliente.,Finalizado,2026-03-26 00:00:00,2026-03-27 00:00:00,758,Cliente informado,Kawasaki,FT150,Carlos Mendoza,Steven Rocha
4414,4650,3408,ajuste tecnico de diferencial y motor y verificacion completa.,Finalizado,2026-03-08 00:00:00,2026-03-09 00:00:00,1355,Entregado,Suzuki,GSX-R750,Carlos Mendoza,Cristian Molina
4415,4911,2328,inspeccion avanzada de test y inspeccion y verificacion completa.,Finalizado,2026-03-27 00:00:00,2026-03-28 00:00:00,522,Cliente informado,Honda,DM200,Jose Ramirez,Roberto Flores
4416,4017,3408,instalacion y calibracion de balanceo y lubricacion incluyendo ajuste final.,Finalizado,2026-03-23 00:00:00,2026-03-23 00:00:00,4432,Cliente informado,Suzuki,RC 200,Carlos Mendoza,Fernando Herrera
4417,2402,1284,optimizacion del sistema luces y motor de arranque debido a desgaste.,Finalizado,2026-03-06 00:00:00,2026-03-09 00:00:00,5089,Entregado,Suzuki,GSX-R750,Jose Ramirez,Francisco Blandon
4418,3750,595,instalacion y calibracion de revision general y chequeo segun solicitud del cliente.,Finalizado,2026-03-02 00:00:00,2026-03-04 00:00:00,6381,Cliente informado,Suzuki,RC 200,Carlos Mendoza,Henry Tellez
4419,160,5177,inspeccion avanzada de escape deportivo y potencia por falla detectada.,En proceso,2026-03-18 00:00:00,2026-03-18 00:00:00,2169,Entregado,Honda,CB190R,Carlos Mendoza,Julio Navarro
4420,762,2527,servicio integral para niveles y cambio de aceite por falla detectada.,Finalizado,2026-03-07 00:00:00,2026-03-08 00:00:00,3113,Cliente informado,Yamaha,FZ16,Jose Ramirez,Wilmer Soto
4421,4416,773,inspeccion avanzada de sistema electrico y motor de arranque para mejorar rendimiento.,Finalizado,2026-03-07 00:00:00,2026-03-10 00:00:00,3067,Entregado,Italika,GSX-R750,Carlos Mendoza,Cristian Molina
4422,1046,2124,optimizacion del sistema chequeo y diagnostico incluyendo ajuste final.,Finalizado,2026-03-23 00:00:00,2026-03-24 00:00:00,4262,Cliente informado,Bajaj,Ninja 400,Carlos Mendoza,Erick Gutierrez
4423,4782,1361,servicio integral para filtro de aceite y revision debido a desgaste.,Finalizado,2026-03-05 00:00:00,2026-03-06 00:00:00,5930,Entregado,KTM,XR150L,Jose Ramirez,Cristian Molina
4424,4927,60,ajuste tecnico de bujias y balanceo para mejorar rendimiento.,Finalizado,2026-02-28 00:00:00,2026-02-28 00:00:00,2882,Cliente informado,Bajaj,CBR 600RR,Jose Ramirez,Wilmer Soto
4425,2225,1079,instalacion y calibracion de chequeo y chequeo y verificacion completa.,Finalizado,2026-03-11 00:00:00,2026-03-01 00:00:00,5644,Entregado,Honda,MT-07,Jose Ramirez,Andres Ruiz
4426,3191,376,ajuste tecnico de revision y bujias incluyendo ajuste final.,Finalizado,2026-03-23 00:00:00,2026-03-25 00:00:00,1362,Entregado,Bajaj,Pulsar NS200,Carlos Mendoza,Roberto Flores
4427,1988,1627,ajuste tecnico de luces y luces incluyendo ajuste final.,Finalizado,2026-03-29 00:00:00,2026-03-30 00:00:00,2074,Cliente informado,TVS,GSX-R750,Jose Ramirez,Francisco Blandon
4428,3417,4432,correccion especializada de motor de arranque y encendido por falla detectada.,Finalizado,2026-03-29 00:00:00,2026-03-31 00:00:00,2732,Entregado,Kawasaki,Gixxer 250,Carlos Mendoza,Roberto Flores
4429,4464,1935,servicio integral para test y evaluacion para mejorar rendimiento.,Finalizado,2026-03-06 00:00:00,2026-03-10 00:00:00,1487,Cliente informado,KTM,MT-07,Carlos Mendoza,Samuel Cruz
4430,4099,130,mantenimiento preventivo en embrague y arbol de levas debido a desgaste.,Finalizado,2026-03-29 00:00:00,2026-04-01 00:00:00,3946,Cliente informado,Yamaha,CBR 600RR,Jose Ramirez,Erick Gutierrez
4431,4794,4493,ajuste tecnico de filtro de aceite y cambio de aceite con pruebas posteriores.,Finalizado,2026-03-02 00:00:00,2026-03-06 00:00:00,3383,Cliente informado,KTM,MT-07,Carlos Mendoza,Edwin Chavez
4432,3887,1284,inspeccion avanzada de biela y distribucion por falla detectada.,Finalizado,2026-02-28 00:00:00,2026-03-02 00:00:00,1361,Entregado,Italika,GN125,Carlos Mendoza,Eduardo Castro
4433,2481,2099,ajuste tecnico de turbo y frenos deportivos con pruebas posteriores.,Finalizado,2026-03-07 00:00:00,2026-03-08 00:00:00,3492,Entregado,Yamaha,GN125,Carlos Mendoza,Victor Rivas
4434,4806,3666,ajuste tecnico de escaneo y diagnostico por falla detectada.,Finalizado,2026-03-07 00:00:00,2026-03-08 00:00:00,655,Entregado,Honda,RC 200,Jose Ramirez,Oscar Reyes
4435,1344,1765,servicio integral para lubricacion y alineacion incluyendo ajuste final.,Finalizado,2026-03-09 00:00:00,2026-03-13 00:00:00,5927,Cliente informado,AKT,NKD 125,Jose Ramirez,Cristian Molina
4436,638,748,ajuste tecnico de diferencial y distribucion por falla detectada.,Finalizado,2026-03-08 00:00:00,2026-03-09 00:00:00,3334,Cliente informado,Yamaha,CB190R,Carlos Mendoza,Erick Gutierrez
4437,3464,4605,correccion especializada de biela y embrague con pruebas posteriores.,Finalizado,2026-03-06 00:00:00,2026-03-06 00:00:00,1516,Cliente informado,Italika,Boxer 150,Jose Ramirez,Kevin Torres
4438,4801,4467,optimizacion del sistema balanceo y alineacion con pruebas posteriores.,Finalizado,2026-03-17 00:00:00,2026-03-07 00:00:00,5279,Cliente informado,Suzuki,FT150,Carlos Mendoza,Eduardo Castro
4439,3120,3336,correccion especializada de sensores y fallo electrico para mejorar rendimiento.,Finalizado,2026-03-09 00:00:00,2026-03-10 00:00:00,5844,Cliente informado,Italika,Gixxer 250,Jose Ramirez,Wilmer Soto
4440,3349,3967,ajuste tecnico de revision general y problema debido a desgaste.,Finalizado,2026-03-15 00:00:00,2026-03-18 00:00:00,1194,Cliente informado,Yamaha,GN125,Carlos Mendoza,Jose Ramirez
4441,2848,4660,ajuste tecnico de sonido y fibra de carbono debido a desgaste.,Finalizado,2026-03-22 00:00:00,2026-03-25 00:00:00,3939,Cliente informado,KTM,R15,Carlos Mendoza,Mario Lopez
4442,2023,3306,diagnostico y reparacion de amortiguadores y amortiguadores para mejorar rendimiento.,Finalizado,2026-03-04 00:00:00,2026-03-05 00:00:00,1760,Cliente informado,Suzuki,GSX-R750,Jose Ramirez,Daniel Castillo
4443,3400,4385,correccion especializada de ruido y problema segun solicitud del cliente.,Entregado,2026-03-03 00:00:00,2026-03-06 00:00:00,1006,Cliente informado,Kawasaki,GN125,Carlos Mendoza,Eduardo Castro
4444,2546,4762,mantenimiento preventivo en custom y frenos deportivos con pruebas posteriores.,Finalizado,2026-03-13 00:00:00,2026-03-17 00:00:00,5000,Cliente informado,Bajaj,Z650,Carlos Mendoza,Oscar Reyes
4445,1336,3821,servicio integral para cableado y centralita para mejorar rendimiento.,Finalizado,2026-03-20 00:00:00,2026-03-24 00:00:00,610,Entregado,Italika,CB190R,Jose Ramirez,Oscar Reyes
4446,3239,273,diagnostico y reparacion de inspeccion y ruido para mejorar rendimiento.,Finalizado,2026-03-07 00:00:00,2026-03-11 00:00:00,1283,Cliente informado,Yamaha,Duke 390,Jose Ramirez,Edwin Chavez
4447,4920,1858,optimizacion del sistema potencia y polarizado y verificacion completa.,Finalizado,2026-03-06 00:00:00,2026-03-10 00:00:00,6022,Entregado,Honda,DM200,Jose Ramirez,Oscar Reyes
4448,3344,125,correccion especializada de cambio de aceite y filtro de aceite incluyendo ajuste final.,Finalizado,2026-03-08 00:00:00,2026-03-08 00:00:00,1312,Entregado,Kawasaki,MT-07,Jose Ramirez,Kevin Torres
4449,4364,4866,inspeccion avanzada de embrague y distribucion segun solicitud del cliente.,Finalizado,2026-03-11 00:00:00,2026-03-12 00:00:00,4484,Entregado,Bajaj,DM200,Carlos Mendoza,Eduardo Castro
4450,3124,1096,instalacion y calibracion de potencia y llantas deportivas y verificacion completa.,Finalizado,2026-03-11 00:00:00,2026-03-12 00:00:00,6419,Entregado,Suzuki,R15,Jose Ramirez,Francisco Blandon
4451,3557,4343,revision completa de sistema electrico y sistema electrico segun solicitud del cliente.,Finalizado,2026-03-12 00:00:00,2026-03-15 00:00:00,5139,Entregado,TVS,Gixxer 250,Carlos Mendoza,Jose Ramirez
4452,3863,2714,optimizacion del sistema personalizacion y personalizacion para mejorar rendimiento.,Finalizado,2026-03-03 00:00:00,2026-03-05 00:00:00,745,Cliente informado,Bajaj,Apache RTR 200,Carlos Mendoza,Carlos Mendoza
4453,2520,817,optimizacion del sistema ciguenal y amortiguadores para mejorar rendimiento.,Finalizado,2026-03-05 00:00:00,2026-03-09 00:00:00,1322,Entregado,KTM,CBR 600RR,Carlos Mendoza,Cristian Molina
4454,1221,1536,instalacion y calibracion de sensores y bateria segun solicitud del cliente.,Entregado,2026-03-09 00:00:00,2026-03-09 00:00:00,2369,Cliente informado,Suzuki,Boxer 150,Carlos Mendoza,Fernando Herrera
4455,2458,2190,servicio integral para chequeo y niveles debido a desgaste.,Finalizado,2026-03-07 00:00:00,2026-03-08 00:00:00,6305,Cliente informado,Italika,NKD 125,Jose Ramirez,Javier Morales
4456,3275,788,inspeccion avanzada de cableado y fallo electrico debido a desgaste.,Finalizado,2026-03-06 00:00:00,2026-03-10 00:00:00,5364,Cliente informado,Italika,Duke 390,Jose Ramirez,Oscar Reyes
4457,134,2305,ajuste tecnico de inspeccion y test para mejorar rendimiento.,Finalizado,2026-03-21 00:00:00,2026-03-21 00:00:00,5508,Cliente informado,KTM,NKD 125,Carlos Mendoza,Francisco Blandon
4458,2922,599,diagnostico y reparacion de embrague y motor para mejorar rendimiento.,Finalizado,2026-03-14 00:00:00,2026-03-04 00:00:00,4278,Cliente informado,Yamaha,FZ16,Carlos Mendoza,Luis Martinez
4459,2881,1593,revision completa de transmision y radiador por falla detectada.,Finalizado,2026-03-05 00:00:00,2026-03-06 00:00:00,5672,Entregado,KTM,DM200,Jose Ramirez,Steven Rocha
4460,4234,4130,instalacion y calibracion de pistones y caja de cambios por falla detectada.,Finalizado,2026-03-06 00:00:00,2026-03-07 00:00:00,6270,Entregado,Suzuki,XR150L,Jose Ramirez,Jose Ramirez
4461,3651,15,mantenimiento preventivo en potencia y potencia con pruebas posteriores.,Finalizado,2026-03-07 00:00:00,2026-03-08 00:00:00,6026,Cliente informado,Yamaha,Apache RTR 200,Jose Ramirez,Wilmer Soto
4462,1688,396,optimizacion del sistema problema y inspeccion para mejorar rendimiento.,Finalizado,2026-03-23 00:00:00,2026-03-27 00:00:00,3153,Cliente informado,Suzuki,FZ16,Carlos Mendoza,Fernando Herrera
4463,4419,2732,inspeccion avanzada de motor y bomba de agua incluyendo ajuste final.,Finalizado,2026-03-20 00:00:00,2026-03-24 00:00:00,4397,Cliente informado,Bajaj,FT150,Carlos Mendoza,Roberto Flores
4464,2529,4751,revision completa de carroceria y diferencial segun solicitud del cliente.,Finalizado,2026-03-01 00:00:00,2026-02-19 00:00:00,5457,Entregado,Yamaha,GSX-R750,Jose Ramirez,Roberto Flores
4465,1573,5279,instalacion y calibracion de transmision y bomba de agua incluyendo ajuste final.,Finalizado,2026-03-11 00:00:00,2026-03-14 00:00:00,1146,Entregado,Yamaha,Apache RTR 200,Carlos Mendoza,Steven Rocha
4466,3977,4270,servicio integral para problema y escaneo con pruebas posteriores.,Finalizado,2026-03-19 00:00:00,2026-03-20 00:00:00,1688,Entregado,Suzuki,Z650,Jose Ramirez,Miguel Garcia
4467,3958,3798,diagnostico y reparacion de escape deportivo y suspension deportiva para mejorar rendimiento.,Finalizado,2026-03-18 00:00:00,2026-03-08 00:00:00,1853,Entregado,Honda,RC 200,Jose Ramirez,Miguel Garcia
4468,2146,3659,correccion especializada de bujias y filtro de aceite y verificacion completa.,Finalizado,2026-03-05 00:00:00,2026-03-06 00:00:00,6289,Entregado,Italika,Boxer 150,Carlos Mendoza,Jose Ramirez
4469,4415,656,ajuste tecnico de estetico y actualizacion de software con pruebas posteriores.,Finalizado,2026-03-01 00:00:00,2026-03-03 00:00:00,1275,Entregado,Honda,Pulsar NS200,Carlos Mendoza,Miguel Garcia
4470,758,570,ajuste tecnico de pintar carroceria y actualizacion de software debido a desgaste.,Finalizado,2026-03-26 00:00:00,2026-03-27 00:00:00,4878,Cliente informado,Kawasaki,CBR 600RR,Carlos Mendoza,Oscar Reyes
4471,1911,4257,correccion especializada de diagnostico y problema debido a desgaste.,Finalizado,2026-03-21 00:00:00,2026-03-11 00:00:00,5390,Entregado,Honda,RC 200,Carlos Mendoza,Mario Lopez
4472,2144,4165,inspeccion avanzada de problema y revision general para mejorar rendimiento.,Finalizado,2026-03-08 00:00:00,2026-03-09 00:00:00,4292,Entregado,Italika,Z650,Jose Ramirez,Juan Perez
4473,783,192,servicio integral para motor de arranque y sistema electrico por falla detectada.,Finalizado,2026-03-01 00:00:00,2026-03-04 00:00:00,2033,Cliente informado,Honda,XR150L,Carlos Mendoza,Edwin Chavez
4474,4674,4810,ajuste tecnico de pantalla y custom para mejorar rendimiento.,Finalizado,2026-03-12 00:00:00,2026-03-02 00:00:00,6002,Entregado,Italika,Apache RTR 200,Jose Ramirez,Carlos Mendoza
4475,829,1334,ajuste tecnico de estetico y audio con pruebas posteriores.,Finalizado,2026-03-13 00:00:00,2026-03-16 00:00:00,5249,Entregado,Italika,Z650,Jose Ramirez,Juan Perez
4476,1795,4343,servicio integral para evaluacion y test para mejorar rendimiento.,Finalizado,2026-03-29 00:00:00,2026-03-31 00:00:00,6053,Cliente informado,Kawasaki,Pulsar NS200,Carlos Mendoza,Luis Martinez
4477,4120,995,ajuste tecnico de frenos deportivos y polarizado segun solicitud del cliente.,Finalizado,2026-03-18 00:00:00,2026-03-20 00:00:00,6445,Cliente informado,Suzuki,GSX-R750,Jose Ramirez,Brayan Silva
4478,4409,5122,ajuste tecnico de sensores y encendido con pruebas posteriores.,Finalizado,2026-03-24 00:00:00,2026-03-25 00:00:00,1731,Entregado,Kawasaki,DM200,Jose Ramirez,Roberto Flores
4479,161,1051,instalacion y calibracion de bateria y alternador con pruebas posteriores.,Finalizado,2026-03-28 00:00:00,2026-03-28 00:00:00,5146,Cliente informado,Kawasaki,Boxer 150,Carlos Mendoza,Javier Morales
4480,4099,130,servicio integral para escaneo y inspeccion segun solicitud del cliente.,Finalizado,2026-03-29 00:00:00,2026-04-01 00:00:00,4069,Cliente informado,AKT,RC 200,Jose Ramirez,Manuel Vargas
4481,2538,3262,instalacion y calibracion de centralita y bateria segun solicitud del cliente.,Finalizado,2026-03-14 00:00:00,2026-03-18 00:00:00,2181,Entregado,Honda,DM200,Jose Ramirez,Andres Ruiz
4482,4072,3642,diagnostico y reparacion de bujias y revision para mejorar rendimiento.,Finalizado,2026-03-05 00:00:00,2026-03-05 00:00:00,2762,Cliente informado,Bajaj,Ninja 400,Carlos Mendoza,Henry Tellez
4483,2663,1801,mantenimiento preventivo en frenos y distribucion incluyendo ajuste final.,Finalizado,2026-03-12 00:00:00,2026-03-12 00:00:00,1059,Entregado,Yamaha,Pulsar NS200,Jose Ramirez,Roberto Flores
4484,1279,3947,optimizacion del sistema escaneo y test y verificacion completa.,Finalizado,2026-03-20 00:00:00,2026-03-20 00:00:00,548,Cliente informado,AKT,Boxer 150,Carlos Mendoza,Roberto Flores
4485,391,2742,servicio integral para estetico y calipers para mejorar rendimiento.,Finalizado,2026-03-29 00:00:00,2026-03-29 00:00:00,687,Cliente informado,Suzuki,R15,Carlos Mendoza,Kevin Torres
4486,3604,5322,ajuste tecnico de test y evaluacion incluyendo ajuste final.,Finalizado,2026-03-24 00:00:00,2026-03-26 00:00:00,1938,Cliente informado,Italika,RC 200,Jose Ramirez,Oscar Reyes
4487,466,331,optimizacion del sistema chequeo y escaneo para mejorar rendimiento.,Finalizado,2026-03-10 00:00:00,2026-03-10 00:00:00,5925,Cliente informado,Kawasaki,Gixxer 250,Jose Ramirez,Julio Navarro
4488,4106,2717,diagnostico y reparacion de diferencial y carroceria y verificacion completa.,Finalizado,2026-03-21 00:00:00,2026-03-22 00:00:00,5438,Entregado,Italika,FT150,Carlos Mendoza,Francisco Blandon
4489,2977,2733,optimizacion del sistema amortiguadores y distribucion con pruebas posteriores.,Finalizado,2026-03-17 00:00:00,2026-03-21 00:00:00,4110,Entregado,Bajaj,NKD 125,Jose Ramirez,Erick Gutierrez
4490,3031,3545,mantenimiento preventivo en culata y suspension incluyendo ajuste final.,Finalizado,2026-03-15 00:00:00,2026-03-05 00:00:00,5439,Cliente informado,KTM,R15,Carlos Mendoza,Oscar Reyes
4491,2257,4992,servicio integral para bateria y motor de arranque para mejorar rendimiento.,Finalizado,2026-03-25 00:00:00,2026-03-25 00:00:00,4186,Entregado,Italika,Boxer 150,Jose Ramirez,Manuel Vargas
4492,1704,305,inspeccion avanzada de escape deportivo y polarizado por falla detectada.,Finalizado,2026-03-28 00:00:00,2026-03-29 00:00:00,6312,Cliente informado,Suzuki,CBR 600RR,Carlos Mendoza,Fernando Herrera
4493,4146,1331,mantenimiento preventivo en performance y luces led con pruebas posteriores.,Finalizado,2026-03-04 00:00:00,2026-03-06 00:00:00,813,Entregado,Bajaj,Boxer 150,Carlos Mendoza,Andres Ruiz
4494,4072,3642,correccion especializada de fallo electrico y sistema electrico por falla detectada.,Finalizado,2026-03-05 00:00:00,2026-03-05 00:00:00,1042,Cliente informado,Suzuki,Apache RTR 200,Carlos Mendoza,Miguel Garcia
4495,485,1384,servicio integral para test y ruido segun solicitud del cliente.,Finalizado,2026-03-26 00:00:00,2026-03-30 00:00:00,5022,Entregado,KTM,Ninja 400,Jose Ramirez,Javier Morales
4496,4455,3528,optimizacion del sistema bujias y alineacion por falla detectada.,Finalizado,2026-03-20 00:00:00,2026-03-20 00:00:00,3751,Cliente informado,Yamaha,CB190R,Jose Ramirez,Mario Lopez
4497,2486,93,instalacion y calibracion de sonido y kit aerodinamico con pruebas posteriores.,Finalizado,2026-03-09 00:00:00,2026-03-11 00:00:00,5540,Cliente informado,Bajaj,RC 200,Carlos Mendoza,Erick Gutierrez
4498,2004,936,correccion especializada de frenos deportivos y modificacion debido a desgaste.,Finalizado,2026-03-14 00:00:00,2026-03-14 00:00:00,4929,Entregado,Bajaj,CB190R,Carlos Mendoza,Edwin Chavez
4499,2016,4735,servicio integral para bomba de agua y culata segun solicitud del cliente.,Finalizado,2026-03-04 00:00:00,2026-03-04 00:00:00,4836,Entregado,Honda,FZ16,Jose Ramirez,Victor Rivas
4500,2498,925,ajuste tecnico de filtro de aceite y alineacion incluyendo ajuste final.,Finalizado,2026-03-05 00:00:00,2026-03-05 00:00:00,542,Cliente informado,TVS,Apache RTR 200,Jose Ramirez,Alexis Diaz
4501,2670,60,optimizacion del sistema chequeo y ruido con pruebas posteriores.,Finalizado,2026-03-20 00:00:00,2026-03-20 00:00:00,4481,Cliente informado,Honda,Apache RTR 200,Jose Ramirez,Erick Gutierrez
4502,2797,1674,revision completa de suspension y frenos por falla detectada.,Finalizado,2026-03-26 00:00:00,2026-03-27 00:00:00,4581,Entregado,Kawasaki,GN125,Carlos Mendoza,Mario Lopez
4503,3768,3163,diagnostico y reparacion de chequeo y balanceo por falla detectada.,Finalizado,2026-03-18 00:00:00,2026-03-21 00:00:00,6181,Entregado,Honda,Pulsar NS200,Jose Ramirez,Samuel Cruz
4504,1565,2852,optimizacion del sistema ruido y escaneo incluyendo ajuste final.,Finalizado,2026-03-24 00:00:00,2026-03-27 00:00:00,5978,Cliente informado,Honda,RC 200,Jose Ramirez,Edwin Chavez
4505,3295,3651,instalacion y calibracion de frenos deportivos y gps incluyendo ajuste final.,Finalizado,2026-03-19 00:00:00,2026-03-21 00:00:00,6102,Entregado,Honda,Gixxer 250,Carlos Mendoza,Edwin Chavez
4506,2852,2827,revision completa de motor y radiador por falla detectada.,Finalizado,2026-03-15 00:00:00,2026-03-17 00:00:00,1705,Cliente informado,TVS,MT-07,Carlos Mendoza,Carlos Mendoza
4507,4898,257,instalacion y calibracion de sensores de estacionamiento y polarizado y verificacion completa.,Finalizado,2026-03-13 00:00:00,2026-03-14 00:00:00,2317,Cliente informado,Honda,GSX-R750,Carlos Mendoza,Fernando Herrera
4508,2496,180,ajuste tecnico de balanceo y chequeo y verificacion completa.,En proceso,2026-03-07 00:00:00,2026-03-07 00:00:00,847,Entregado,Suzuki,Z650,Jose Ramirez,Juan Perez
4509,1704,305,optimizacion del sistema pantalla y chip debido a desgaste.,Finalizado,2026-03-28 00:00:00,2026-03-29 00:00:00,5249,Cliente informado,Italika,FT150,Carlos Mendoza,Victor Rivas
4510,845,4630,optimizacion del sistema polarizado y custom segun solicitud del cliente.,Finalizado,2026-03-27 00:00:00,2026-03-27 00:00:00,1763,Cliente informado,TVS,Z650,Carlos Mendoza,Victor Rivas
4511,4823,1916,correccion especializada de chequeo y balanceo incluyendo ajuste final.,Finalizado,2026-03-15 00:00:00,2026-03-16 00:00:00,4561,Entregado,Yamaha,Ninja 400,Jose Ramirez,Julio Navarro
4512,979,1369,correccion especializada de caja de cambios y eje por falla detectada.,Finalizado,2026-03-18 00:00:00,2026-03-19 00:00:00,4185,Entregado,Italika,CB190R,Carlos Mendoza,Cristian Molina
4513,1461,4987,instalacion y calibracion de problema y chequeo incluyendo ajuste final.,Finalizado,2026-03-22 00:00:00,2026-03-23 00:00:00,2849,Entregado,Suzuki,CBR 600RR,Jose Ramirez,Francisco Blandon
4514,1581,3306,servicio integral para kit aerodinamico y calipers incluyendo ajuste final.,Finalizado,2026-03-25 00:00:00,2026-03-26 00:00:00,1726,Entregado,Bajaj,Gixxer 250,Carlos Mendoza,Kevin Torres
4515,3615,2346,revision completa de evaluacion y revision general con pruebas posteriores.,Finalizado,2026-03-20 00:00:00,2026-03-21 00:00:00,2639,Entregado,Kawasaki,Z650,Carlos Mendoza,Steven Rocha
4516,356,5311,revision completa de filtro de aceite y cambio de aceite segun solicitud del cliente.,Finalizado,2026-03-04 00:00:00,2026-03-08 00:00:00,746,Entregado,KTM,Gixxer 250,Jose Ramirez,Edwin Chavez
4517,2661,786,diagnostico y reparacion de radiador y caja de cambios segun solicitud del cliente.,En proceso,2026-03-07 00:00:00,2026-03-09 00:00:00,5575,Cliente informado,Kawasaki,NKD 125,Jose Ramirez,Luis Martinez
4518,1822,4197,mantenimiento preventivo en aleron y tuning incluyendo ajuste final.,Finalizado,2026-03-26 00:00:00,2026-03-28 00:00:00,529,Cliente informado,Kawasaki,Gixxer 250,Jose Ramirez,Luis Martinez
4519,332,2405,instalacion y calibracion de filtro de aceite y revision con pruebas posteriores.,Finalizado,2026-03-14 00:00:00,2026-03-16 00:00:00,539,Cliente informado,Italika,GSX-R750,Carlos Mendoza,Fernando Herrera
4520,2769,2169,correccion especializada de niveles y filtro de aire con pruebas posteriores.,Finalizado,2026-03-11 00:00:00,2026-03-15 00:00:00,2076,Entregado,Kawasaki,Boxer 150,Jose Ramirez,Mario Lopez
4521,1484,5173,ajuste tecnico de revision y cambio de aceite segun solicitud del cliente.,Finalizado,2026-03-12 00:00:00,2026-03-02 00:00:00,2641,Entregado,Kawasaki,Pulsar NS200,Jose Ramirez,Andres Ruiz
4522,3642,3490,instalacion y calibracion de distribucion y embrague incluyendo ajuste final.,Finalizado,2026-03-20 00:00:00,2026-03-24 00:00:00,2514,Entregado,Kawasaki,Z650,Jose Ramirez,Andres Ruiz
4523,4650,251,diagnostico y reparacion de pintura y frenos deportivos para mejorar rendimiento.,Finalizado,2026-03-23 00:00:00,2026-03-27 00:00:00,5085,Cliente informado,Italika,CBR 600RR,Jose Ramirez,Steven Rocha
4524,1304,1900,servicio integral para alternador y encendido para mejorar rendimiento.,Finalizado,2026-03-01 00:00:00,2026-03-04 00:00:00,5770,Entregado,Bajaj,FT150,Jose Ramirez,Henry Tellez
4525,548,1857,servicio integral para biela y distribucion con pruebas posteriores.,Finalizado,2026-03-18 00:00:00,2026-03-19 00:00:00,4086,Entregado,KTM,Pulsar NS200,Jose Ramirez,Kevin Torres
4526,4017,3408,revision completa de embrague y culata para mejorar rendimiento.,Finalizado,2026-03-23 00:00:00,2026-03-23 00:00:00,1827,Cliente informado,Suzuki,Z650,Carlos Mendoza,Carlos Mendoza
4527,2675,2783,mantenimiento preventivo en ciguenal y pistones segun solicitud del cliente.,Finalizado,2026-03-18 00:00:00,2026-03-20 00:00:00,4158,Cliente informado,Yamaha,FZ16,Jose Ramirez,Henry Tellez
4528,2449,1778,ajuste tecnico de filtro de aire y niveles y verificacion completa.,Finalizado,2026-03-04 00:00:00,2026-02-22 00:00:00,4849,Cliente informado,Suzuki,CB190R,Jose Ramirez,Mario Lopez
4529,2021,167,inspeccion avanzada de sensores y luces con pruebas posteriores.,Finalizado,2026-03-21 00:00:00,2026-03-24 00:00:00,4120,Entregado,Suzuki,XR150L,Carlos Mendoza,Edwin Chavez
4530,802,4732,optimizacion del sistema distribucion y motor para mejorar rendimiento.,Finalizado,2026-03-09 00:00:00,2026-03-13 00:00:00,1383,Cliente informado,AKT,Gixxer 250,Jose Ramirez,Oscar Reyes
4531,3615,2346,revision completa de ruido y diagnostico debido a desgaste.,Finalizado,2026-03-20 00:00:00,2026-03-21 00:00:00,1485,Entregado,Suzuki,Gixxer 250,Carlos Mendoza,Oscar Reyes
4532,4473,3309,inspeccion avanzada de evaluacion y escaneo incluyendo ajuste final.,Finalizado,2026-03-01 00:00:00,2026-03-03 00:00:00,2859,Entregado,Suzuki,DM200,Carlos Mendoza,Eduardo Castro
4533,4674,4810,inspeccion avanzada de performance y sensores de estacionamiento para mejorar rendimiento.,Finalizado,2026-03-12 00:00:00,2026-03-02 00:00:00,6033,Entregado,KTM,Ninja 400,Carlos Mendoza,Kevin Torres
4534,3909,2476,mantenimiento preventivo en bomba de agua y amortiguadores debido a desgaste.,Finalizado,2026-02-28 00:00:00,2026-03-01 00:00:00,3368,Entregado,Kawasaki,Duke 390,Carlos Mendoza,Oscar Reyes
4535,249,4449,inspeccion avanzada de escaneo y falla debido a desgaste.,Finalizado,2026-03-01 00:00:00,2026-02-19 00:00:00,4459,Entregado,Bajaj,MT-07,Carlos Mendoza,Steven Rocha
4536,3587,4379,mantenimiento preventivo en bomba de agua y embrague segun solicitud del cliente.,Finalizado,2026-03-05 00:00:00,2026-03-06 00:00:00,3976,Cliente informado,Kawasaki,FZ16,Jose Ramirez,Fernando Herrera
4537,4980,2673,servicio integral para sistema electrico y cableado para mejorar rendimiento.,Finalizado,2026-02-28 00:00:00,2026-03-04 00:00:00,5403,Entregado,AKT,FT150,Jose Ramirez,Cristian Molina
4538,4695,5320,revision completa de centralita y sensores segun solicitud del cliente.,Finalizado,2026-03-23 00:00:00,2026-03-24 00:00:00,4064,Entregado,Yamaha,NKD 125,Jose Ramirez,Eduardo Castro
4539,1524,940,inspeccion avanzada de revision general y falla debido a desgaste.,Finalizado,2026-03-02 00:00:00,2026-03-03 00:00:00,3717,Cliente informado,Suzuki,Ninja 400,Jose Ramirez,Samuel Cruz
4540,4351,3126,optimizacion del sistema centralita y centralita segun solicitud del cliente.,Finalizado,2026-03-19 00:00:00,2026-03-20 00:00:00,5873,Cliente informado,Suzuki,XR150L,Jose Ramirez,Carlos Mendoza
4541,91,4109,optimizacion del sistema falla y chequeo incluyendo ajuste final.,Finalizado,2026-03-08 00:00:00,2026-03-12 00:00:00,3992,Cliente informado,Suzuki,GN125,Jose Ramirez,Kevin Torres
4542,84,1427,inspeccion avanzada de lubricacion y bujias debido a desgaste.,Finalizado,2026-03-10 00:00:00,2026-03-12 00:00:00,4934,Entregado,Honda,Z650,Carlos Mendoza,Luis Martinez
4543,905,2923,revision completa de niveles y alineacion por falla detectada.,Finalizado,2026-03-10 00:00:00,2026-03-11 00:00:00,1874,Entregado,Kawasaki,Gixxer 250,Carlos Mendoza,Eduardo Castro
4544,3462,3276,optimizacion del sistema cableado y luces por falla detectada.,Finalizado,2026-03-06 00:00:00,2026-03-07 00:00:00,3879,Cliente informado,Bajaj,CBR 600RR,Jose Ramirez,Eduardo Castro
4545,299,1255,optimizacion del sistema test y ruido por falla detectada.,Finalizado,2026-03-23 00:00:00,2026-03-23 00:00:00,2924,Cliente informado,Kawasaki,Boxer 150,Carlos Mendoza,Carlos Mendoza
4546,4415,656,mantenimiento preventivo en motor y ciguenal y verificacion completa.,Finalizado,2026-03-01 00:00:00,2026-03-03 00:00:00,1420,Entregado,Yamaha,Ninja 400,Carlos Mendoza,Steven Rocha
4547,3769,2366,diagnostico y reparacion de chasis y direccion con pruebas posteriores.,Finalizado,2026-03-24 00:00:00,2026-03-25 00:00:00,606,Entregado,Suzuki,CBR 600RR,Carlos Mendoza,Alexis Diaz
4548,312,4221,inspeccion avanzada de revision y revision para mejorar rendimiento.,Finalizado,2026-03-26 00:00:00,2026-03-28 00:00:00,4876,Entregado,Honda,GN125,Carlos Mendoza,Victor Rivas
4549,4274,5268,revision completa de filtro de aceite y lubricacion segun solicitud del cliente.,Finalizado,2026-03-03 00:00:00,2026-03-06 00:00:00,4917,Cliente informado,Italika,DM200,Carlos Mendoza,Kevin Torres
4550,3185,2721,mantenimiento preventivo en luces y cableado por falla detectada.,Entregado,2026-03-22 00:00:00,2026-03-26 00:00:00,857,Entregado,Yamaha,DM200,Jose Ramirez,Daniel Castillo
4551,1957,2129,inspeccion avanzada de revision general y revision general incluyendo ajuste final.,Finalizado,2026-03-23 00:00:00,2026-03-25 00:00:00,4102,Entregado,Suzuki,GN125,Jose Ramirez,Eduardo Castro
4552,1461,4987,ajuste tecnico de audio y estetico para mejorar rendimiento.,Finalizado,2026-03-22 00:00:00,2026-03-23 00:00:00,4850,Entregado,Honda,MT-07,Carlos Mendoza,Henry Tellez
4553,2929,648,mantenimiento preventivo en fallo electrico y sistema electrico y verificacion completa.,Finalizado,2026-03-03 00:00:00,2026-03-05 00:00:00,4951,Cliente informado,KTM,Gixxer 250,Jose Ramirez,Jose Ramirez
4554,3517,3276,mantenimiento preventivo en custom y chip segun solicitud del cliente.,Finalizado,2026-03-01 00:00:00,2026-03-02 00:00:00,6183,Cliente informado,Kawasaki,R15,Carlos Mendoza,Samuel Cruz
4555,2144,4165,diagnostico y reparacion de cromado y pintura con pruebas posteriores.,Finalizado,2026-03-08 00:00:00,2026-03-09 00:00:00,738,Entregado,Italika,XR150L,Jose Ramirez,Luis Martinez
4556,3759,2943,instalacion y calibracion de cambio de aceite y balanceo incluyendo ajuste final.,Finalizado,2026-03-27 00:00:00,2026-03-31 00:00:00,2854,Cliente informado,Yamaha,DM200,Carlos Mendoza,Henry Tellez
4557,4073,3261,diagnostico y reparacion de test y inspeccion con pruebas posteriores.,Finalizado,2026-03-26 00:00:00,2026-03-28 00:00:00,3208,Entregado,Suzuki,Gixxer 250,Carlos Mendoza,Eduardo Castro
4558,3154,1059,optimizacion del sistema caja de cambios y distribucion por falla detectada.,Entregado,2026-03-27 00:00:00,2026-03-27 00:00:00,2697,Cliente informado,Bajaj,Z650,Jose Ramirez,Daniel Castillo
4559,1112,2367,correccion especializada de luces y motor de arranque incluyendo ajuste final.,Finalizado,2026-03-17 00:00:00,2026-03-19 00:00:00,5679,Entregado,Italika,Apache RTR 200,Carlos Mendoza,Steven Rocha
4560,1193,2853,inspeccion avanzada de performance y cambio color debido a desgaste.,Finalizado,2026-03-16 00:00:00,2026-03-16 00:00:00,5376,Entregado,Honda,DM200,Jose Ramirez,Daniel Castillo
4561,338,940,revision completa de culata y motor para mejorar rendimiento.,Finalizado,2026-03-04 00:00:00,2026-03-06 00:00:00,2904,Entregado,Honda,R15,Jose Ramirez,Wilmer Soto
4562,1436,2188,correccion especializada de cableado y sistema electrico por falla detectada.,Finalizado,2026-03-01 00:00:00,2026-03-04 00:00:00,6489,Cliente informado,AKT,RC 200,Jose Ramirez,Henry Tellez
4563,2234,5148,mantenimiento preventivo en alternador y fallo electrico segun solicitud del cliente.,Finalizado,2026-03-10 00:00:00,2026-03-13 00:00:00,5195,Entregado,Yamaha,Ninja 400,Jose Ramirez,Brayan Silva
4564,2887,4433,correccion especializada de motor y carroceria incluyendo ajuste final.,Finalizado,2026-03-07 00:00:00,2026-03-09 00:00:00,5356,Entregado,Yamaha,GSX-R750,Jose Ramirez,Andres Ruiz
4565,3153,1612,correccion especializada de pistones y caja de cambios incluyendo ajuste final.,Finalizado,2026-03-29 00:00:00,2026-04-01 00:00:00,2882,Cliente informado,KTM,FZ16,Jose Ramirez,Luis Martinez
4566,985,2061,mantenimiento preventivo en cableado y cableado por falla detectada.,Finalizado,2026-03-02 00:00:00,2026-03-04 00:00:00,5781,Cliente informado,Italika,Pulsar NS200,Jose Ramirez,Daniel Castillo
4567,3395,346,revision completa de cableado y cableado para mejorar rendimiento.,Finalizado,2026-03-09 00:00:00,2026-03-11 00:00:00,5381,Entregado,Kawasaki,R15,Carlos Mendoza,Roberto Flores
4568,4419,2732,correccion especializada de sensores y fallo electrico con pruebas posteriores.,Finalizado,2026-03-20 00:00:00,2026-03-24 00:00:00,5706,Cliente informado,Honda,R15,Carlos Mendoza,Daniel Castillo
4569,4068,3934,mantenimiento preventivo en pistones y caja de cambios incluyendo ajuste final.,Finalizado,2026-02-28 00:00:00,2026-03-02 00:00:00,5860,Entregado,TVS,CBR 600RR,Jose Ramirez,Victor Rivas
4570,4099,130,optimizacion del sistema cambio de aceite y chequeo y verificacion completa.,Finalizado,2026-03-29 00:00:00,2026-04-01 00:00:00,5765,Cliente informado,Italika,R15,Jose Ramirez,Francisco Blandon
4571,2497,3063,ajuste tecnico de motor de arranque y centralita incluyendo ajuste final.,Finalizado,2026-03-06 00:00:00,2026-03-08 00:00:00,3186,Cliente informado,Italika,Apache RTR 200,Carlos Mendoza,Wilmer Soto
4572,1732,3477,revision completa de revision y bujias debido a desgaste.,Finalizado,2026-03-06 00:00:00,2026-03-10 00:00:00,5994,Cliente informado,KTM,RC 200,Carlos Mendoza,Andres Ruiz
4573,2130,4496,optimizacion del sistema arbol de levas y amortiguadores para mejorar rendimiento.,Finalizado,2026-03-04 00:00:00,2026-03-06 00:00:00,1016,Entregado,Kawasaki,R15,Jose Ramirez,Samuel Cruz
4574,4709,4253,servicio integral para test y falla y verificacion completa.,Finalizado,2026-03-03 00:00:00,2026-03-05 00:00:00,5919,Entregado,KTM,Boxer 150,Jose Ramirez,Steven Rocha
4575,977,3741,revision completa de test y falla y verificacion completa.,Finalizado,2026-03-14 00:00:00,2026-03-16 00:00:00,5228,Entregado,Honda,GSX-R750,Jose Ramirez,Francisco Blandon
4576,4358,4167,servicio integral para revision y cambio de aceite para mejorar rendimiento.,Finalizado,2026-03-16 00:00:00,2026-03-18 00:00:00,3362,Cliente informado,Suzuki,GSX-R750,Carlos Mendoza,Juan Perez
4577,2931,1084,correccion especializada de diagnostico y chequeo segun solicitud del cliente.,Finalizado,2026-03-18 00:00:00,2026-03-20 00:00:00,3165,Entregado,AKT,Z650,Carlos Mendoza,Roberto Flores
4578,1634,4956,correccion especializada de escaneo y inspeccion por falla detectada.,Finalizado,2026-03-18 00:00:00,2026-03-20 00:00:00,3176,Entregado,Italika,GN125,Carlos Mendoza,Brayan Silva
4579,4047,3884,inspeccion avanzada de falla y test con pruebas posteriores.,Finalizado,2026-03-15 00:00:00,2026-03-17 00:00:00,4018,Entregado,AKT,FT150,Carlos Mendoza,Edwin Chavez
4580,1532,4786,ajuste tecnico de bujias y niveles para mejorar rendimiento.,Finalizado,2026-03-22 00:00:00,2026-03-24 00:00:00,1364,Entregado,Yamaha,RC 200,Carlos Mendoza,Erick Gutierrez
4581,1065,2208,mantenimiento preventivo en camara y suspension deportiva por falla detectada.,Finalizado,2026-03-14 00:00:00,2026-03-16 00:00:00,2174,Entregado,Bajaj,XR150L,Carlos Mendoza,Luis Martinez
4582,2045,232,inspeccion avanzada de filtro de aceite y bujias debido a desgaste.,Finalizado,2026-03-01 00:00:00,2026-03-04 00:00:00,2540,Cliente informado,AKT,GSX-R750,Carlos Mendoza,Brayan Silva
4583,1564,1811,diagnostico y reparacion de diagnostico y test por falla detectada.,Finalizado,2026-03-27 00:00:00,2026-03-29 00:00:00,5113,Entregado,Suzuki,RC 200,Jose Ramirez,Daniel Castillo
4584,3640,1909,servicio integral para sistema electrico y sensores debido a desgaste.,Finalizado,2026-03-08 00:00:00,2026-03-08 00:00:00,3741,Cliente informado,Bajaj,XR150L,Jose Ramirez,Erick Gutierrez
4585,3124,1096,servicio integral para alternador y fallo electrico segun solicitud del cliente.,Finalizado,2026-03-11 00:00:00,2026-03-12 00:00:00,4415,Entregado,Kawasaki,Ninja 400,Jose Ramirez,Alexis Diaz
4586,2769,2169,mantenimiento preventivo en polarizado y pintura y verificacion completa.,Finalizado,2026-03-11 00:00:00,2026-03-15 00:00:00,5321,Entregado,KTM,GSX-R750,Jose Ramirez,Roberto Flores
4587,2277,2131,servicio integral para eje y culata por falla detectada.,Entregado,2026-03-23 00:00:00,2026-03-26 00:00:00,5587,Entregado,Bajaj,Gixxer 250,Jose Ramirez,Samuel Cruz
4588,3504,1781,diagnostico y reparacion de ruido y test debido a desgaste.,Finalizado,2026-03-27 00:00:00,2026-03-27 00:00:00,1674,Cliente informado,TVS,Z650,Carlos Mendoza,Daniel Castillo
4589,3697,3606,correccion especializada de fallo electrico y encendido incluyendo ajuste final.,Finalizado,2026-03-12 00:00:00,2026-03-14 00:00:00,2099,Entregado,Honda,CBR 600RR,Jose Ramirez,Edwin Chavez
4590,1392,2945,servicio integral para inspeccion y revision general incluyendo ajuste final.,Finalizado,2026-03-08 00:00:00,2026-02-26 00:00:00,5171,Cliente informado,Italika,Boxer 150,Carlos Mendoza,Juan Perez
4591,808,1423,revision completa de cambio de aceite y lubricacion con pruebas posteriores.,Finalizado,2026-03-28 00:00:00,2026-03-29 00:00:00,5696,Cliente informado,Suzuki,MT-07,Jose Ramirez,Carlos Mendoza
4592,2977,2733,inspeccion avanzada de chequeo y cambio de aceite incluyendo ajuste final.,Finalizado,2026-03-17 00:00:00,2026-03-21 00:00:00,4303,Entregado,AKT,XR150L,Jose Ramirez,Kevin Torres
4593,4369,4843,correccion especializada de problema y revision general segun solicitud del cliente.,Finalizado,2026-03-07 00:00:00,2026-03-10 00:00:00,1043,Cliente informado,Honda,RC 200,Carlos Mendoza,Brayan Silva
4594,2266,4726,optimizacion del sistema actualizacion de software y pintura incluyendo ajuste final.,Finalizado,2026-03-29 00:00:00,2026-03-19 00:00:00,1547,Cliente informado,Suzuki,R15,Carlos Mendoza,Wilmer Soto
4595,829,3315,revision completa de eje y frenos y verificacion completa.,Finalizado,2026-03-26 00:00:00,2026-03-26 00:00:00,3392,Cliente informado,Kawasaki,GN125,Jose Ramirez,Erick Gutierrez
4596,3079,4340,optimizacion del sistema centralita y sistema electrico segun solicitud del cliente.,Finalizado,2026-03-26 00:00:00,2026-03-30 00:00:00,1796,Cliente informado,Suzuki,CBR 600RR,Carlos Mendoza,Kevin Torres
4597,3278,2437,inspeccion avanzada de biela y suspension segun solicitud del cliente.,Finalizado,2026-03-03 00:00:00,2026-03-03 00:00:00,3631,Cliente informado,Yamaha,CB190R,Carlos Mendoza,Fernando Herrera
4598,4867,4494,instalacion y calibracion de diagnostico y escaneo para mejorar rendimiento.,Finalizado,2026-03-18 00:00:00,2026-03-22 00:00:00,5341,Entregado,Honda,MT-07,Jose Ramirez,Javier Morales
4599,264,2667,correccion especializada de revision general y falla incluyendo ajuste final.,Finalizado,2026-03-15 00:00:00,2026-03-19 00:00:00,1372,Entregado,Honda,FT150,Jose Ramirez,Jose Ramirez
4600,4146,1331,mantenimiento preventivo en niveles y filtro de aire con pruebas posteriores.,Finalizado,2026-03-04 00:00:00,2026-03-06 00:00:00,6456,Entregado,KTM,XR150L,Carlos Mendoza,Daniel Castillo
4601,35,2512,revision completa de revision y filtro de aire para mejorar rendimiento.,Finalizado,2026-02-28 00:00:00,2026-03-04 00:00:00,5047,Entregado,KTM,XR150L,Carlos Mendoza,Fernando Herrera
4602,1812,2830,servicio integral para llantas deportivas y aleron debido a desgaste.,Finalizado,2026-03-03 00:00:00,2026-03-03 00:00:00,3265,Cliente informado,AKT,XR150L,Carlos Mendoza,Javier Morales
4603,783,192,correccion especializada de actualizacion de software y fibra de carbono por falla detectada.,Finalizado,2026-03-01 00:00:00,2026-03-04 00:00:00,3657,Cliente informado,Honda,GSX-R750,Jose Ramirez,Victor Rivas
4604,2697,2328,inspeccion avanzada de chasis y biela incluyendo ajuste final.,Finalizado,2026-03-25 00:00:00,2026-03-25 00:00:00,2233,Entregado,KTM,NKD 125,Carlos Mendoza,Eduardo Castro
4605,2580,3814,instalacion y calibracion de suspension deportiva y potencia debido a desgaste.,Finalizado,2026-03-13 00:00:00,2026-03-16 00:00:00,4318,Entregado,Suzuki,Boxer 150,Carlos Mendoza,Cristian Molina
4606,2492,2461,optimizacion del sistema motor y amortiguadores para mejorar rendimiento.,Finalizado,2026-03-01 00:00:00,2026-03-04 00:00:00,734,Entregado,KTM,GN125,Jose Ramirez,Daniel Castillo
4607,1008,1828,optimizacion del sistema bateria y luces para mejorar rendimiento.,Finalizado,2026-03-07 00:00:00,2026-03-09 00:00:00,3267,Entregado,Yamaha,MT-07,Carlos Mendoza,Mario Lopez
4608,1076,1896,instalacion y calibracion de cambio de aceite y balanceo incluyendo ajuste final.,Finalizado,2026-03-19 00:00:00,2026-03-23 00:00:00,5695,Entregado,AKT,NKD 125,Jose Ramirez,Francisco Blandon
4609,2663,1801,mantenimiento preventivo en niveles y alineacion por falla detectada.,Finalizado,2026-03-12 00:00:00,2026-03-12 00:00:00,3075,Entregado,KTM,Ninja 400,Jose Ramirez,Juan Perez
4610,2968,936,mantenimiento preventivo en tuning y velocidad incluyendo ajuste final.,Finalizado,2026-03-12 00:00:00,2026-03-13 00:00:00,4673,Entregado,Kawasaki,Ninja 400,Jose Ramirez,Erick Gutierrez
4611,4450,715,servicio integral para transmision y amortiguadores por falla detectada.,Finalizado,2026-03-02 00:00:00,2026-03-03 00:00:00,6361,Entregado,Honda,CB190R,Carlos Mendoza,Javier Morales
4612,95,4786,instalacion y calibracion de bateria y sensores segun solicitud del cliente.,Entregado,2026-03-24 00:00:00,2026-03-24 00:00:00,6281,Entregado,Bajaj,FT150,Jose Ramirez,Wilmer Soto
4613,3476,1832,optimizacion del sistema diagnostico y escaneo segun solicitud del cliente.,Finalizado,2026-03-16 00:00:00,2026-03-18 00:00:00,1028,Entregado,Honda,Pulsar NS200,Carlos Mendoza,Kevin Torres
4614,1323,2386,diagnostico y reparacion de chasis y eje con pruebas posteriores.,Entregado,2026-03-10 00:00:00,2026-03-12 00:00:00,4640,Cliente informado,Honda,Pulsar NS200,Jose Ramirez,Edwin Chavez
4615,207,1353,servicio integral para embrague y transmision por falla detectada.,Finalizado,2026-03-22 00:00:00,2026-03-22 00:00:00,5699,Entregado,Honda,GN125,Jose Ramirez,Erick Gutierrez
4616,4066,2108,revision completa de revision general y problema por falla detectada.,Finalizado,2026-03-03 00:00:00,2026-03-06 00:00:00,973,Entregado,Bajaj,FZ16,Jose Ramirez,Oscar Reyes
4617,4116,41,mantenimiento preventivo en alternador y sensores segun solicitud del cliente.,Finalizado,2026-03-05 00:00:00,2026-03-08 00:00:00,5932,Cliente informado,Suzuki,CBR 600RR,Jose Ramirez,Andres Ruiz
4618,406,2289,optimizacion del sistema escaneo y chequeo con pruebas posteriores.,Finalizado,2026-03-09 00:00:00,2026-03-12 00:00:00,3681,Cliente informado,Bajaj,DM200,Carlos Mendoza,Samuel Cruz
4619,4860,2387,servicio integral para chequeo y revision para mejorar rendimiento.,Finalizado,2026-03-20 00:00:00,2026-03-21 00:00:00,1402,Cliente informado,Bajaj,Apache RTR 200,Jose Ramirez,Fernando Herrera
4620,1758,826,diagnostico y reparacion de distribucion y embrague con pruebas posteriores.,Finalizado,2026-03-04 00:00:00,2026-03-04 00:00:00,2619,Entregado,Yamaha,Apache RTR 200,Jose Ramirez,Andres Ruiz
4621,862,811,revision completa de llantas deportivas y cambio color segun solicitud del cliente.,Finalizado,2026-03-24 00:00:00,2026-03-28 00:00:00,851,Cliente informado,Honda,RC 200,Carlos Mendoza,Mario Lopez
4622,160,5177,diagnostico y reparacion de bujias y revision para mejorar rendimiento.,En proceso,2026-03-18 00:00:00,2026-03-18 00:00:00,3545,Entregado,Yamaha,MT-07,Jose Ramirez,Brayan Silva
4623,1845,232,instalacion y calibracion de problema y escaneo y verificacion completa.,Finalizado,2026-03-22 00:00:00,2026-03-24 00:00:00,4536,Cliente informado,Yamaha,Gixxer 250,Jose Ramirez,Oscar Reyes
4624,1809,1018,servicio integral para arbol de levas y motor y verificacion completa.,Finalizado,2026-03-03 00:00:00,2026-03-03 00:00:00,4867,Entregado,Yamaha,R15,Jose Ramirez,Oscar Reyes
4625,1256,3412,diagnostico y reparacion de tuning y pintar carroceria debido a desgaste.,En proceso,2026-03-08 00:00:00,2026-03-10 00:00:00,552,Entregado,Suzuki,R15,Jose Ramirez,Jose Ramirez
4626,2529,4751,revision completa de luces y centralita con pruebas posteriores.,Finalizado,2026-03-01 00:00:00,2026-02-19 00:00:00,2693,Entregado,Yamaha,XR150L,Carlos Mendoza,Henry Tellez
4627,3962,1533,correccion especializada de alineacion y cambio de aceite y verificacion completa.,Finalizado,2026-03-29 00:00:00,2026-03-31 00:00:00,3355,Cliente informado,Suzuki,Gixxer 250,Jose Ramirez,Brayan Silva
4628,4385,4910,inspeccion avanzada de ciguenal y frenos debido a desgaste.,Finalizado,2026-03-05 00:00:00,2026-03-07 00:00:00,4202,Cliente informado,Suzuki,Ninja 400,Jose Ramirez,Victor Rivas
4629,1064,2683,diagnostico y reparacion de encendido y cableado con pruebas posteriores.,Entregado,2026-03-08 00:00:00,2026-03-12 00:00:00,1057,Cliente informado,KTM,Ninja 400,Jose Ramirez,Javier Morales
4630,2881,1593,ajuste tecnico de motor de arranque y encendido por falla detectada.,Finalizado,2026-03-05 00:00:00,2026-03-06 00:00:00,4594,Entregado,Honda,XR150L,Jose Ramirez,Miguel Garcia
4631,3476,2810,inspeccion avanzada de cambio de aceite y lubricacion y verificacion completa.,En proceso,2026-03-12 00:00:00,2026-03-13 00:00:00,5008,Cliente informado,Yamaha,Z650,Carlos Mendoza,Francisco Blandon
4632,4545,405,mantenimiento preventivo en centralita y cableado incluyendo ajuste final.,Finalizado,2026-02-28 00:00:00,2026-02-28 00:00:00,877,Entregado,Suzuki,MT-07,Carlos Mendoza,Brayan Silva
4633,747,2868,instalacion y calibracion de problema y inspeccion con pruebas posteriores.,Entregado,2026-03-21 00:00:00,2026-03-25 00:00:00,3081,Cliente informado,Bajaj,RC 200,Jose Ramirez,Daniel Castillo
4634,291,4745,servicio integral para bateria y motor de arranque debido a desgaste.,Finalizado,2026-03-09 00:00:00,2026-03-11 00:00:00,5453,Entregado,Italika,Apache RTR 200,Carlos Mendoza,Edwin Chavez
4635,2098,2476,inspeccion avanzada de diferencial y carroceria segun solicitud del cliente.,Finalizado,2026-03-17 00:00:00,2026-03-21 00:00:00,4534,Entregado,Bajaj,FZ16,Carlos Mendoza,Erick Gutierrez
4636,3001,2769,correccion especializada de ruido y test por falla detectada.,Finalizado,2026-03-21 00:00:00,2026-03-23 00:00:00,1599,Cliente informado,Yamaha,RC 200,Carlos Mendoza,Francisco Blandon
4637,1346,4052,instalacion y calibracion de test y evaluacion con pruebas posteriores.,Finalizado,2026-03-27 00:00:00,2026-03-30 00:00:00,5061,Cliente informado,Suzuki,CBR 600RR,Carlos Mendoza,Wilmer Soto
4638,845,4630,mantenimiento preventivo en encendido y alternador por falla detectada.,Finalizado,2026-03-27 00:00:00,2026-03-27 00:00:00,3028,Cliente informado,Suzuki,FT150,Jose Ramirez,Julio Navarro
4639,1013,2426,instalacion y calibracion de problema y ruido incluyendo ajuste final.,Finalizado,2026-03-20 00:00:00,2026-03-22 00:00:00,3070,Cliente informado,Italika,GSX-R750,Carlos Mendoza,Alexis Diaz
4640,161,1051,diagnostico y reparacion de sistema electrico y centralita con pruebas posteriores.,Finalizado,2026-03-28 00:00:00,2026-03-28 00:00:00,3598,Cliente informado,Yamaha,RC 200,Jose Ramirez,Erick Gutierrez
4641,709,1627,mantenimiento preventivo en calipers y cambio color para mejorar rendimiento.,Finalizado,2026-03-12 00:00:00,2026-03-15 00:00:00,5592,Cliente informado,KTM,Boxer 150,Jose Ramirez,Andres Ruiz
4642,74,1383,optimizacion del sistema falla y chequeo incluyendo ajuste final.,Finalizado,2026-03-09 00:00:00,2026-03-11 00:00:00,6442,Cliente informado,Suzuki,Duke 390,Carlos Mendoza,Francisco Blandon
4643,4674,4810,revision completa de performance y performance para mejorar rendimiento.,Finalizado,2026-03-12 00:00:00,2026-03-02 00:00:00,2697,Entregado,KTM,MT-07,Jose Ramirez,Brayan Silva
4644,4222,1635,revision completa de distribucion y radiador debido a desgaste.,En proceso,2026-03-10 00:00:00,2026-03-10 00:00:00,5106,Entregado,AKT,FT150,Carlos Mendoza,Fernando Herrera
4645,243,949,inspeccion avanzada de revision general y inspeccion para mejorar rendimiento.,En proceso,2026-03-01 00:00:00,2026-03-01 00:00:00,913,Cliente informado,AKT,FZ16,Carlos Mendoza,Juan Perez
4646,762,2527,mantenimiento preventivo en inspeccion y falla incluyendo ajuste final.,Finalizado,2026-03-07 00:00:00,2026-03-08 00:00:00,4074,Cliente informado,Bajaj,GSX-R750,Jose Ramirez,Victor Rivas
4647,3557,4343,optimizacion del sistema distribucion y culata por falla detectada.,Finalizado,2026-03-12 00:00:00,2026-03-15 00:00:00,5560,Entregado,Bajaj,CB190R,Jose Ramirez,Roberto Flores
4648,2132,175,servicio integral para potencia y chip incluyendo ajuste final.,Finalizado,2026-03-12 00:00:00,2026-03-15 00:00:00,3684,Cliente informado,Yamaha,GSX-R750,Jose Ramirez,Eduardo Castro
4649,4823,1916,diagnostico y reparacion de potencia y reprogramacion incluyendo ajuste final.,Finalizado,2026-03-15 00:00:00,2026-03-16 00:00:00,4630,Entregado,Bajaj,FT150,Carlos Mendoza,Samuel Cruz
4650,1554,4676,inspeccion avanzada de direccion y embrague debido a desgaste.,Finalizado,2026-03-20 00:00:00,2026-03-22 00:00:00,625,Cliente informado,TVS,NKD 125,Jose Ramirez,Juan Perez
4651,4090,4645,revision completa de motor de arranque y alternador para mejorar rendimiento.,Finalizado,2026-03-07 00:00:00,2026-03-11 00:00:00,6227,Cliente informado,Bajaj,GSX-R750,Jose Ramirez,Manuel Vargas
4652,4735,33,inspeccion avanzada de evaluacion y problema y verificacion completa.,Finalizado,2026-03-28 00:00:00,2026-03-31 00:00:00,2987,Entregado,Suzuki,Apache RTR 200,Carlos Mendoza,Javier Morales
4653,3531,4342,instalacion y calibracion de sensores de estacionamiento y fibra de carbono para mejorar rendimiento.,Finalizado,2026-02-28 00:00:00,2026-02-28 00:00:00,6397,Entregado,Suzuki,CB190R,Carlos Mendoza,Edwin Chavez
4654,4072,4080,inspeccion avanzada de chequeo y chequeo para mejorar rendimiento.,Finalizado,2026-03-29 00:00:00,2026-04-02 00:00:00,1589,Cliente informado,Italika,Apache RTR 200,Jose Ramirez,Samuel Cruz
4655,1616,1055,servicio integral para sensores y motor de arranque incluyendo ajuste final.,Finalizado,2026-03-18 00:00:00,2026-03-19 00:00:00,1630,Entregado,Honda,FZ16,Carlos Mendoza,Edwin Chavez
4656,4741,3736,mantenimiento preventivo en ciguenal y amortiguadores debido a desgaste.,Finalizado,2026-03-14 00:00:00,2026-03-17 00:00:00,1129,Entregado,Kawasaki,Boxer 150,Carlos Mendoza,Andres Ruiz
4657,4650,3408,diagnostico y reparacion de kit aerodinamico y cromado segun solicitud del cliente.,Finalizado,2026-03-08 00:00:00,2026-03-09 00:00:00,5351,Entregado,Kawasaki,Pulsar NS200,Carlos Mendoza,Andres Ruiz
4658,4160,3694,optimizacion del sistema direccion y chasis incluyendo ajuste final.,Finalizado,2026-03-22 00:00:00,2026-03-23 00:00:00,6172,Entregado,Yamaha,FZ16,Carlos Mendoza,Eduardo Castro
4659,3768,3163,optimizacion del sistema falla y ruido con pruebas posteriores.,Finalizado,2026-03-18 00:00:00,2026-03-21 00:00:00,1560,Entregado,Honda,RC 200,Jose Ramirez,Henry Tellez
4660,3141,4954,instalacion y calibracion de escaneo y ruido con pruebas posteriores.,Finalizado,2026-03-29 00:00:00,2026-03-31 00:00:00,3296,Entregado,Yamaha,FT150,Jose Ramirez,Javier Morales
4661,1455,3126,inspeccion avanzada de arbol de levas y chasis con pruebas posteriores.,Finalizado,2026-02-28 00:00:00,2026-03-04 00:00:00,1061,Entregado,Bajaj,NKD 125,Carlos Mendoza,Daniel Castillo
4662,1213,3594,servicio integral para revision general y escaneo y verificacion completa.,Finalizado,2026-03-12 00:00:00,2026-03-02 00:00:00,4961,Cliente informado,Italika,MT-07,Carlos Mendoza,Eduardo Castro
4663,4939,503,instalacion y calibracion de vinilado y camara debido a desgaste.,Finalizado,2026-03-28 00:00:00,2026-03-30 00:00:00,2498,Entregado,Yamaha,DM200,Carlos Mendoza,Andres Ruiz
4664,3979,4752,mantenimiento preventivo en chip y reprogramacion segun solicitud del cliente.,Finalizado,2026-03-18 00:00:00,2026-03-21 00:00:00,3122,Entregado,Italika,CB190R,Jose Ramirez,Henry Tellez
4665,3895,1935,diagnostico y reparacion de sistema electrico y motor de arranque debido a desgaste.,Finalizado,2026-03-05 00:00:00,2026-03-05 00:00:00,1081,Cliente informado,Yamaha,NKD 125,Jose Ramirez,Andres Ruiz
4666,1266,5050,instalacion y calibracion de chequeo y revision debido a desgaste.,Finalizado,2026-03-02 00:00:00,2026-03-05 00:00:00,3619,Entregado,KTM,DM200,Jose Ramirez,Alexis Diaz
4667,57,5056,ajuste tecnico de llantas deportivas y velocidad incluyendo ajuste final.,Finalizado,2026-03-02 00:00:00,2026-03-05 00:00:00,4524,Cliente informado,Bajaj,FZ16,Carlos Mendoza,Andres Ruiz
4668,4993,5047,revision completa de motor de arranque y motor de arranque con pruebas posteriores.,Finalizado,2026-03-18 00:00:00,2026-03-19 00:00:00,2824,Entregado,Yamaha,R15,Carlos Mendoza,Carlos Mendoza
4669,2051,2867,revision completa de cableado y alternador con pruebas posteriores.,Finalizado,2026-03-07 00:00:00,2026-03-11 00:00:00,2863,Cliente informado,Suzuki,FT150,Jose Ramirez,Mario Lopez
4670,1532,4786,instalacion y calibracion de sensores y luces segun solicitud del cliente.,Finalizado,2026-03-22 00:00:00,2026-03-24 00:00:00,1783,Entregado,Bajaj,Duke 390,Jose Ramirez,Edwin Chavez
4671,3935,823,inspeccion avanzada de turbo y polarizado segun solicitud del cliente.,Finalizado,2026-02-28 00:00:00,2026-03-01 00:00:00,1514,Entregado,TVS,Gixxer 250,Carlos Mendoza,Javier Morales
4672,2388,5026,inspeccion avanzada de carroceria y diferencial por falla detectada.,Finalizado,2026-03-11 00:00:00,2026-03-11 00:00:00,4388,Cliente informado,KTM,GN125,Jose Ramirez,Miguel Garcia
4673,795,3736,correccion especializada de diagnostico y problema para mejorar rendimiento.,Finalizado,2026-03-22 00:00:00,2026-03-12 00:00:00,2806,Cliente informado,Suzuki,GSX-R750,Carlos Mendoza,Oscar Reyes
4674,1570,1604,inspeccion avanzada de pintar carroceria y cromado incluyendo ajuste final.,Finalizado,2026-03-05 00:00:00,2026-03-09 00:00:00,3468,Entregado,Yamaha,R15,Carlos Mendoza,Javier Morales
4675,4715,2721,servicio integral para niveles y cambio de aceite debido a desgaste.,Finalizado,2026-03-01 00:00:00,2026-03-01 00:00:00,1901,Cliente informado,Honda,FT150,Jose Ramirez,Victor Rivas
4676,4993,5047,inspeccion avanzada de velocidad y chip por falla detectada.,Finalizado,2026-03-18 00:00:00,2026-03-19 00:00:00,5385,Entregado,Italika,GSX-R750,Carlos Mendoza,Henry Tellez
4677,1064,2683,correccion especializada de inspeccion y falla incluyendo ajuste final.,Entregado,2026-03-08 00:00:00,2026-03-12 00:00:00,5764,Cliente informado,Kawasaki,Boxer 150,Jose Ramirez,Javier Morales
4678,4305,521,mantenimiento preventivo en cambio de aceite y bujias y verificacion completa.,Finalizado,2026-03-28 00:00:00,2026-03-28 00:00:00,5060,Entregado,KTM,Pulsar NS200,Carlos Mendoza,Julio Navarro
4679,2004,936,mantenimiento preventivo en revision y cambio de aceite debido a desgaste.,Finalizado,2026-03-14 00:00:00,2026-03-14 00:00:00,3046,Entregado,Kawasaki,FT150,Carlos Mendoza,Daniel Castillo
4680,4522,4978,servicio integral para direccion y chasis incluyendo ajuste final.,Finalizado,2026-03-11 00:00:00,2026-03-11 00:00:00,1291,Entregado,Honda,Z650,Jose Ramirez,Luis Martinez
4681,2503,2151,instalacion y calibracion de diagnostico y chequeo segun solicitud del cliente.,Finalizado,2026-03-21 00:00:00,2026-03-21 00:00:00,4820,Cliente informado,Bajaj,NKD 125,Jose Ramirez,Juan Perez
4682,387,2342,mantenimiento preventivo en aleron y calipers segun solicitud del cliente.,Finalizado,2026-03-14 00:00:00,2026-03-15 00:00:00,3846,Entregado,Suzuki,Duke 390,Carlos Mendoza,Javier Morales
4683,4421,3643,optimizacion del sistema sensores y bateria debido a desgaste.,Finalizado,2026-02-28 00:00:00,2026-03-04 00:00:00,572,Cliente informado,KTM,Apache RTR 200,Carlos Mendoza,Jose Ramirez
4684,2497,3063,ajuste tecnico de diagnostico y escaneo y verificacion completa.,Finalizado,2026-03-06 00:00:00,2026-03-08 00:00:00,2949,Cliente informado,AKT,FT150,Jose Ramirez,Mario Lopez
4685,3173,2302,diagnostico y reparacion de test y evaluacion para mejorar rendimiento.,Finalizado,2026-03-29 00:00:00,2026-03-19 00:00:00,4367,Entregado,Yamaha,MT-07,Carlos Mendoza,Henry Tellez
4686,4393,2682,optimizacion del sistema test y chequeo debido a desgaste.,Finalizado,2026-03-08 00:00:00,2026-03-09 00:00:00,2115,Cliente informado,Kawasaki,Z650,Jose Ramirez,Kevin Torres
4687,2696,773,correccion especializada de diagnostico y chequeo segun solicitud del cliente.,Finalizado,2026-03-19 00:00:00,2026-03-22 00:00:00,552,Entregado,Honda,GN125,Jose Ramirez,Henry Tellez
4688,2121,4930,inspeccion avanzada de lubricacion y niveles por falla detectada.,Finalizado,2026-03-05 00:00:00,2026-03-06 00:00:00,872,Entregado,Suzuki,Pulsar NS200,Jose Ramirez,Eduardo Castro
4689,779,4081,inspeccion avanzada de pintar carroceria y frenos deportivos con pruebas posteriores.,Finalizado,2026-03-10 00:00:00,2026-03-12 00:00:00,1122,Cliente informado,Italika,NKD 125,Carlos Mendoza,Henry Tellez
4690,1392,2945,optimizacion del sistema inspeccion y falla para mejorar rendimiento.,Finalizado,2026-03-08 00:00:00,2026-02-26 00:00:00,2327,Cliente informado,Honda,RC 200,Carlos Mendoza,Juan Perez
4691,1222,2008,inspeccion avanzada de custom y frenos deportivos y verificacion completa.,Entregado,2026-03-17 00:00:00,2026-03-20 00:00:00,3264,Entregado,KTM,Apache RTR 200,Jose Ramirez,Andres Ruiz
4692,1930,5186,revision completa de diagnostico y test segun solicitud del cliente.,Finalizado,2026-03-16 00:00:00,2026-03-16 00:00:00,4179,Entregado,Suzuki,FT150,Carlos Mendoza,Edwin Chavez
4693,3908,4747,revision completa de pintar carroceria y modificacion incluyendo ajuste final.,Finalizado,2026-03-26 00:00:00,2026-03-27 00:00:00,1610,Entregado,Kawasaki,Duke 390,Carlos Mendoza,Miguel Garcia
4694,4047,3884,mantenimiento preventivo en turbo y personalizacion debido a desgaste.,Finalizado,2026-03-15 00:00:00,2026-03-17 00:00:00,4365,Entregado,TVS,DM200,Carlos Mendoza,Alexis Diaz
4695,1313,4727,mantenimiento preventivo en fallo electrico y luces con pruebas posteriores.,Finalizado,2026-03-04 00:00:00,2026-03-07 00:00:00,2774,Entregado,TVS,XR150L,Jose Ramirez,Victor Rivas
4696,4471,257,instalacion y calibracion de suspension deportiva y turbo segun solicitud del cliente.,Finalizado,2026-03-15 00:00:00,2026-03-17 00:00:00,594,Entregado,Honda,XR150L,Jose Ramirez,Manuel Vargas
4697,3344,125,revision completa de ruido y escaneo por falla detectada.,Finalizado,2026-03-08 00:00:00,2026-03-08 00:00:00,6499,Entregado,Suzuki,CB190R,Carlos Mendoza,Cristian Molina
4698,800,3519,mantenimiento preventivo en fibra de carbono y frenos deportivos segun solicitud del cliente.,Finalizado,2026-03-08 00:00:00,2026-03-10 00:00:00,5125,Entregado,Kawasaki,Apache RTR 200,Carlos Mendoza,Fernando Herrera
4699,4276,3738,inspeccion avanzada de ruido y chequeo para mejorar rendimiento.,Finalizado,2026-03-25 00:00:00,2026-03-29 00:00:00,4283,Entregado,Kawasaki,Duke 390,Jose Ramirez,Luis Martinez
4700,4344,2264,correccion especializada de revision y bujias para mejorar rendimiento.,Finalizado,2026-03-07 00:00:00,2026-03-11 00:00:00,920,Cliente informado,Honda,Ninja 400,Jose Ramirez,Juan Perez
4701,4927,60,inspeccion avanzada de biela y pistones con pruebas posteriores.,Finalizado,2026-02-28 00:00:00,2026-02-28 00:00:00,518,Cliente informado,Italika,FT150,Jose Ramirez,Alexis Diaz
4702,3531,4342,optimizacion del sistema fibra de carbono y sonido incluyendo ajuste final.,Finalizado,2026-02-28 00:00:00,2026-02-28 00:00:00,933,Entregado,Suzuki,Duke 390,Jose Ramirez,Alexis Diaz
4703,4894,2139,revision completa de ruido y test incluyendo ajuste final.,Entregado,2026-03-03 00:00:00,2026-03-07 00:00:00,1591,Cliente informado,Yamaha,DM200,Carlos Mendoza,Juan Perez
4704,4041,2501,mantenimiento preventivo en revision y balanceo y verificacion completa.,Finalizado,2026-03-01 00:00:00,2026-03-01 00:00:00,1637,Cliente informado,Suzuki,FT150,Jose Ramirez,Cristian Molina
4705,1222,2008,revision completa de falla y escaneo para mejorar rendimiento.,Entregado,2026-03-17 00:00:00,2026-03-20 00:00:00,657,Entregado,Kawasaki,Gixxer 250,Jose Ramirez,Alexis Diaz
4706,4375,3153,diagnostico y reparacion de filtro de aceite y balanceo debido a desgaste.,Finalizado,2026-02-28 00:00:00,2026-02-28 00:00:00,902,Cliente informado,Suzuki,CB190R,Carlos Mendoza,Carlos Mendoza
4707,2928,2742,servicio integral para chequeo y chequeo para mejorar rendimiento.,Finalizado,2026-03-22 00:00:00,2026-03-26 00:00:00,1895,Cliente informado,Honda,Pulsar NS200,Jose Ramirez,Roberto Flores
4708,3722,460,correccion especializada de frenos deportivos y modificacion incluyendo ajuste final.,Finalizado,2026-02-28 00:00:00,2026-02-28 00:00:00,2253,Cliente informado,Kawasaki,Pulsar NS200,Jose Ramirez,Fernando Herrera
4709,863,2202,mantenimiento preventivo en velocidad y pantalla con pruebas posteriores.,En proceso,2026-03-22 00:00:00,2026-03-24 00:00:00,2965,Cliente informado,Honda,Ninja 400,Jose Ramirez,Luis Martinez
4710,4798,637,correccion especializada de cambio de aceite y revision por falla detectada.,Finalizado,2026-03-13 00:00:00,2026-03-15 00:00:00,4841,Cliente informado,Italika,Pulsar NS200,Jose Ramirez,Miguel Garcia
4711,2071,3721,servicio integral para arbol de levas y diferencial debido a desgaste.,Finalizado,2026-03-04 00:00:00,2026-03-05 00:00:00,5511,Cliente informado,AKT,RC 200,Jose Ramirez,Samuel Cruz
4712,291,4745,mantenimiento preventivo en revision y filtro de aceite para mejorar rendimiento.,Finalizado,2026-03-09 00:00:00,2026-03-11 00:00:00,4687,Entregado,Italika,Pulsar NS200,Carlos Mendoza,Eduardo Castro
4713,1610,3118,mantenimiento preventivo en personalizacion y personalizacion para mejorar rendimiento.,Finalizado,2026-03-16 00:00:00,2026-03-06 00:00:00,4460,Entregado,Suzuki,GN125,Carlos Mendoza,Fernando Herrera
4714,4873,2053,ajuste tecnico de falla y diagnostico debido a desgaste.,Finalizado,2026-03-22 00:00:00,2026-03-22 00:00:00,4099,Cliente informado,Yamaha,CB190R,Jose Ramirez,Javier Morales
4715,2797,1674,correccion especializada de motor de arranque y bateria para mejorar rendimiento.,Finalizado,2026-03-26 00:00:00,2026-03-27 00:00:00,1774,Entregado,Honda,RC 200,Carlos Mendoza,Fernando Herrera
4716,1767,5194,inspeccion avanzada de velocidad y suspension deportiva para mejorar rendimiento.,Finalizado,2026-03-18 00:00:00,2026-03-20 00:00:00,5473,Cliente informado,KTM,XR150L,Jose Ramirez,Mario Lopez
4717,4449,923,diagnostico y reparacion de encendido y alternador para mejorar rendimiento.,Finalizado,2026-03-21 00:00:00,2026-03-21 00:00:00,2953,Entregado,Kawasaki,DM200,Carlos Mendoza,Roberto Flores
4718,3524,412,ajuste tecnico de revision general y inspeccion con pruebas posteriores.,Finalizado,2026-03-23 00:00:00,2026-03-25 00:00:00,2128,Entregado,KTM,Apache RTR 200,Jose Ramirez,Mario Lopez
4719,2527,2575,ajuste tecnico de diagnostico y inspeccion con pruebas posteriores.,Finalizado,2026-03-16 00:00:00,2026-03-18 00:00:00,683,Entregado,Suzuki,RC 200,Jose Ramirez,Julio Navarro
4720,800,3519,mantenimiento preventivo en luces y encendido con pruebas posteriores.,Finalizado,2026-03-08 00:00:00,2026-03-10 00:00:00,1409,Entregado,AKT,RC 200,Jose Ramirez,Daniel Castillo
4721,57,5056,diagnostico y reparacion de alineacion y cambio de aceite segun solicitud del cliente.,Finalizado,2026-03-02 00:00:00,2026-03-05 00:00:00,4144,Cliente informado,Kawasaki,NKD 125,Carlos Mendoza,Alexis Diaz
4722,2016,1369,instalacion y calibracion de encendido y cableado segun solicitud del cliente.,Finalizado,2026-03-02 00:00:00,2026-03-04 00:00:00,5148,Entregado,Kawasaki,XR150L,Jose Ramirez,Francisco Blandon
4723,820,2927,ajuste tecnico de camara y kit aerodinamico con pruebas posteriores.,Finalizado,2026-03-27 00:00:00,2026-03-27 00:00:00,3062,Cliente informado,Italika,RC 200,Carlos Mendoza,Cristian Molina
4724,4894,2139,mantenimiento preventivo en problema y evaluacion con pruebas posteriores.,Entregado,2026-03-03 00:00:00,2026-03-07 00:00:00,4306,Cliente informado,Suzuki,DM200,Carlos Mendoza,Jose Ramirez
4725,4959,637,servicio integral para culata y arbol de levas segun solicitud del cliente.,Finalizado,2026-03-09 00:00:00,2026-03-10 00:00:00,875,Entregado,Suzuki,MT-07,Jose Ramirez,Mario Lopez
4726,1966,1739,instalacion y calibracion de cambio de aceite y filtro de aire con pruebas posteriores.,Finalizado,2026-03-07 00:00:00,2026-03-10 00:00:00,3027,Entregado,Suzuki,Z650,Carlos Mendoza,Erick Gutierrez
4727,3032,4385,optimizacion del sistema chequeo y filtro de aire para mejorar rendimiento.,Finalizado,2026-03-08 00:00:00,2026-03-12 00:00:00,5728,Entregado,Suzuki,NKD 125,Jose Ramirez,Julio Navarro
4728,1249,3244,diagnostico y reparacion de centralita y bateria debido a desgaste.,Finalizado,2026-03-14 00:00:00,2026-03-16 00:00:00,1110,Entregado,Honda,FT150,Jose Ramirez,Eduardo Castro
4729,1791,2788,servicio integral para diagnostico y evaluacion y verificacion completa.,Finalizado,2026-03-25 00:00:00,2026-03-26 00:00:00,1601,Cliente informado,Italika,GN125,Carlos Mendoza,Brayan Silva
4730,2153,4349,inspeccion avanzada de problema y falla con pruebas posteriores.,Finalizado,2026-03-25 00:00:00,2026-03-28 00:00:00,3175,Cliente informado,Yamaha,Z650,Jose Ramirez,Samuel Cruz
4731,4133,2149,instalacion y calibracion de falla y revision general para mejorar rendimiento.,Finalizado,2026-03-21 00:00:00,2026-03-21 00:00:00,4657,Entregado,Suzuki,Gixxer 250,Jose Ramirez,Fernando Herrera
4732,2852,4691,inspeccion avanzada de chequeo y bujias segun solicitud del cliente.,Finalizado,2026-03-03 00:00:00,2026-03-05 00:00:00,3480,Cliente informado,Italika,Apache RTR 200,Carlos Mendoza,Manuel Vargas
4733,2852,2827,revision completa de bujias y balanceo incluyendo ajuste final.,Finalizado,2026-03-15 00:00:00,2026-03-17 00:00:00,1913,Cliente informado,KTM,NKD 125,Carlos Mendoza,Alexis Diaz
4734,1812,2830,mantenimiento preventivo en actualizacion de software y chip para mejorar rendimiento.,Finalizado,2026-03-03 00:00:00,2026-03-03 00:00:00,4913,Cliente informado,KTM,Apache RTR 200,Carlos Mendoza,Andres Ruiz
4735,2903,1202,optimizacion del sistema ruido y falla con pruebas posteriores.,Finalizado,2026-03-17 00:00:00,2026-03-21 00:00:00,1407,Entregado,TVS,FT150,Jose Ramirez,Edwin Chavez
4736,3648,1756,inspeccion avanzada de diagnostico y chequeo incluyendo ajuste final.,Finalizado,2026-03-07 00:00:00,2026-03-10 00:00:00,541,Cliente informado,Honda,R15,Carlos Mendoza,Javier Morales
4737,1974,4930,diagnostico y reparacion de custom y llantas deportivas incluyendo ajuste final.,Finalizado,2026-03-08 00:00:00,2026-03-10 00:00:00,3338,Entregado,KTM,Duke 390,Carlos Mendoza,Julio Navarro
4738,1929,1875,mantenimiento preventivo en luces y centralita segun solicitud del cliente.,Finalizado,2026-03-10 00:00:00,2026-03-12 00:00:00,3247,Entregado,Honda,GN125,Carlos Mendoza,Manuel Vargas
4739,4214,1695,ajuste tecnico de centralita y sistema electrico debido a desgaste.,Finalizado,2026-02-28 00:00:00,2026-03-02 00:00:00,3652,Cliente informado,KTM,NKD 125,Carlos Mendoza,Roberto Flores
4740,1988,3917,ajuste tecnico de kit aerodinamico y personalizacion incluyendo ajuste final.,Finalizado,2026-03-13 00:00:00,2026-03-17 00:00:00,5805,Entregado,Honda,RC 200,Carlos Mendoza,Alexis Diaz
4741,4393,2682,ajuste tecnico de encendido y cableado incluyendo ajuste final.,Finalizado,2026-03-08 00:00:00,2026-03-09 00:00:00,2493,Cliente informado,Yamaha,Ninja 400,Jose Ramirez,Victor Rivas
4742,3211,2692,ajuste tecnico de centralita y bateria con pruebas posteriores.,Finalizado,2026-03-05 00:00:00,2026-03-05 00:00:00,1845,Entregado,Italika,FT150,Jose Ramirez,Brayan Silva
4743,2916,429,ajuste tecnico de motor y direccion por falla detectada.,Finalizado,2026-03-14 00:00:00,2026-03-15 00:00:00,2413,Entregado,KTM,MT-07,Jose Ramirez,Edwin Chavez
4744,1220,1932,servicio integral para test y inspeccion para mejorar rendimiento.,Finalizado,2026-03-29 00:00:00,2026-03-30 00:00:00,1530,Cliente informado,Italika,R15,Jose Ramirez,Oscar Reyes
4745,119,4396,diagnostico y reparacion de embrague y carroceria con pruebas posteriores.,Entregado,2026-03-02 00:00:00,2026-03-04 00:00:00,5319,Cliente informado,Italika,R15,Jose Ramirez,Steven Rocha
4746,4381,3015,diagnostico y reparacion de inspeccion y ruido y verificacion completa.,Finalizado,2026-03-23 00:00:00,2026-03-25 00:00:00,3473,Cliente informado,Italika,XR150L,Jose Ramirez,Miguel Garcia
4747,3079,4340,servicio integral para centralita y fallo electrico segun solicitud del cliente.,Finalizado,2026-03-26 00:00:00,2026-03-30 00:00:00,2351,Cliente informado,Yamaha,CB190R,Jose Ramirez,Samuel Cruz
4748,2516,3208,revision completa de motor de arranque y alternador y verificacion completa.,Finalizado,2026-03-20 00:00:00,2026-03-23 00:00:00,1844,Entregado,Suzuki,CB190R,Jose Ramirez,Victor Rivas
4749,4276,4136,servicio integral para filtro de aire y alineacion con pruebas posteriores.,Finalizado,2026-03-03 00:00:00,2026-03-05 00:00:00,1851,Cliente informado,Honda,FZ16,Carlos Mendoza,Eduardo Castro
4750,4085,3309,revision completa de estetico y audio por falla detectada.,Finalizado,2026-03-27 00:00:00,2026-03-31 00:00:00,1358,Entregado,KTM,XR150L,Jose Ramirez,Oscar Reyes
4751,3720,3889,optimizacion del sistema centralita y encendido debido a desgaste.,Finalizado,2026-03-26 00:00:00,2026-03-30 00:00:00,2564,Entregado,TVS,Z650,Jose Ramirez,Roberto Flores
4752,2563,4306,inspeccion avanzada de frenos y radiador debido a desgaste.,Finalizado,2026-03-24 00:00:00,2026-03-28 00:00:00,4336,Cliente informado,Honda,CBR 600RR,Carlos Mendoza,Miguel Garcia
4753,3813,4236,inspeccion avanzada de inspeccion y escaneo segun solicitud del cliente.,Finalizado,2026-03-02 00:00:00,2026-02-20 00:00:00,3928,Entregado,Italika,MT-07,Jose Ramirez,Miguel Garcia
4754,3463,4494,inspeccion avanzada de caja de cambios y ciguenal por falla detectada.,Finalizado,2026-03-24 00:00:00,2026-03-28 00:00:00,2985,Entregado,AKT,Ninja 400,Jose Ramirez,Victor Rivas
4755,3754,4308,correccion especializada de filtro de aire y filtro de aceite segun solicitud del cliente.,Finalizado,2026-03-03 00:00:00,2026-03-03 00:00:00,653,Cliente informado,Suzuki,Boxer 150,Jose Ramirez,Alexis Diaz
4756,4913,5187,optimizacion del sistema modificacion y gps incluyendo ajuste final.,Finalizado,2026-03-04 00:00:00,2026-03-05 00:00:00,534,Entregado,Italika,Boxer 150,Carlos Mendoza,Javier Morales
4757,834,2118,correccion especializada de bateria y centralita incluyendo ajuste final.,Finalizado,2026-03-02 00:00:00,2026-02-20 00:00:00,3950,Cliente informado,Kawasaki,NKD 125,Jose Ramirez,Wilmer Soto
4758,3688,429,ajuste tecnico de centralita y fallo electrico segun solicitud del cliente.,Finalizado,2026-03-01 00:00:00,2026-03-04 00:00:00,6257,Cliente informado,Suzuki,Duke 390,Carlos Mendoza,Roberto Flores
4759,1344,3238,instalacion y calibracion de escaneo y diagnostico debido a desgaste.,Finalizado,2026-03-07 00:00:00,2026-03-08 00:00:00,1887,Entregado,Bajaj,FT150,Jose Ramirez,Steven Rocha
4760,3035,4531,inspeccion avanzada de lubricacion y revision incluyendo ajuste final.,Entregado,2026-03-18 00:00:00,2026-03-18 00:00:00,2450,Cliente informado,Honda,Ninja 400,Carlos Mendoza,Roberto Flores
4761,15,3767,revision completa de radiador y motor y verificacion completa.,Finalizado,2026-03-20 00:00:00,2026-03-22 00:00:00,3390,Cliente informado,Yamaha,GSX-R750,Jose Ramirez,Cristian Molina
4762,584,62,inspeccion avanzada de encendido y centralita para mejorar rendimiento.,Finalizado,2026-03-18 00:00:00,2026-03-21 00:00:00,4062,Entregado,Yamaha,Z650,Carlos Mendoza,Erick Gutierrez
4763,3745,1361,correccion especializada de filtro de aceite y chequeo por falla detectada.,Finalizado,2026-03-18 00:00:00,2026-03-21 00:00:00,3777,Entregado,Italika,GN125,Jose Ramirez,Jose Ramirez
4764,2301,2406,revision completa de vinilado y personalizacion para mejorar rendimiento.,Finalizado,2026-03-13 00:00:00,2026-03-14 00:00:00,5384,Entregado,Italika,DM200,Jose Ramirez,Javier Morales
4765,4146,1331,inspeccion avanzada de fallo electrico y motor de arranque debido a desgaste.,Finalizado,2026-03-04 00:00:00,2026-03-06 00:00:00,5803,Entregado,Honda,Pulsar NS200,Carlos Mendoza,Erick Gutierrez
4766,4421,3643,diagnostico y reparacion de bateria y centralita para mejorar rendimiento.,Finalizado,2026-02-28 00:00:00,2026-03-04 00:00:00,6462,Cliente informado,Honda,GN125,Jose Ramirez,Erick Gutierrez
4767,3363,536,optimizacion del sistema problema y test y verificacion completa.,Finalizado,2026-03-29 00:00:00,2026-03-31 00:00:00,720,Cliente informado,AKT,XR150L,Jose Ramirez,Wilmer Soto
4768,1930,5186,inspeccion avanzada de camara y cromado segun solicitud del cliente.,Finalizado,2026-03-16 00:00:00,2026-03-16 00:00:00,4285,Entregado,Kawasaki,Apache RTR 200,Jose Ramirez,Steven Rocha
4769,1891,2066,inspeccion avanzada de revision y chequeo para mejorar rendimiento.,Finalizado,2026-03-18 00:00:00,2026-03-18 00:00:00,1631,Cliente informado,Kawasaki,MT-07,Carlos Mendoza,Andres Ruiz
4770,3823,3326,optimizacion del sistema balanceo y niveles segun solicitud del cliente.,Finalizado,2026-03-24 00:00:00,2026-03-25 00:00:00,3521,Cliente informado,Suzuki,DM200,Carlos Mendoza,Mario Lopez
4771,4409,5122,revision completa de distribucion y culata segun solicitud del cliente.,Finalizado,2026-03-24 00:00:00,2026-03-25 00:00:00,2973,Entregado,Suzuki,CB190R,Carlos Mendoza,Miguel Garcia
4772,1274,4766,instalacion y calibracion de cambio de aceite y filtro de aceite debido a desgaste.,Finalizado,2026-03-09 00:00:00,2026-03-09 00:00:00,5961,Entregado,Yamaha,CBR 600RR,Carlos Mendoza,Eduardo Castro
4773,566,4348,mantenimiento preventivo en luces y sistema electrico para mejorar rendimiento.,Finalizado,2026-03-10 00:00:00,2026-03-13 00:00:00,1056,Entregado,Bajaj,FT150,Carlos Mendoza,Alexis Diaz
4774,3154,1059,servicio integral para pantalla y velocidad segun solicitud del cliente.,Entregado,2026-03-27 00:00:00,2026-03-27 00:00:00,1958,Cliente informado,TVS,Duke 390,Jose Ramirez,Miguel Garcia
4775,800,3519,servicio integral para cambio de aceite y lubricacion por falla detectada.,Finalizado,2026-03-08 00:00:00,2026-03-10 00:00:00,5380,Entregado,Yamaha,DM200,Carlos Mendoza,Erick Gutierrez
4776,1588,418,correccion especializada de polarizado y camara incluyendo ajuste final.,En proceso,2026-03-25 00:00:00,2026-03-26 00:00:00,2730,Entregado,Honda,GSX-R750,Jose Ramirez,Alexis Diaz
4777,35,2512,optimizacion del sistema alineacion y filtro de aceite con pruebas posteriores.,Finalizado,2026-02-28 00:00:00,2026-03-04 00:00:00,2733,Entregado,Honda,Ninja 400,Carlos Mendoza,Roberto Flores
4778,4116,41,optimizacion del sistema problema y escaneo debido a desgaste.,Finalizado,2026-03-05 00:00:00,2026-03-08 00:00:00,5116,Cliente informado,Bajaj,CBR 600RR,Jose Ramirez,Brayan Silva
4779,2684,691,revision completa de escaneo y escaneo para mejorar rendimiento.,Finalizado,2026-03-29 00:00:00,2026-03-31 00:00:00,741,Entregado,Suzuki,Pulsar NS200,Carlos Mendoza,Fernando Herrera
4780,2018,3369,correccion especializada de llantas deportivas y pantalla segun solicitud del cliente.,Finalizado,2026-03-23 00:00:00,2026-03-23 00:00:00,1971,Entregado,Yamaha,GSX-R750,Jose Ramirez,Cristian Molina
4781,4234,4130,inspeccion avanzada de fallo electrico y luces con pruebas posteriores.,Finalizado,2026-03-06 00:00:00,2026-03-07 00:00:00,1880,Entregado,Suzuki,XR150L,Jose Ramirez,Manuel Vargas
4782,3163,2619,correccion especializada de problema y test para mejorar rendimiento.,Finalizado,2026-03-28 00:00:00,2026-03-30 00:00:00,4112,Cliente informado,Honda,Apache RTR 200,Jose Ramirez,Jose Ramirez
4783,1430,5059,instalacion y calibracion de centralita y bateria con pruebas posteriores.,Finalizado,2026-03-08 00:00:00,2026-03-12 00:00:00,3229,Cliente informado,Suzuki,FZ16,Jose Ramirez,Manuel Vargas
4784,1616,1055,ajuste tecnico de diagnostico y ruido por falla detectada.,Finalizado,2026-03-18 00:00:00,2026-03-19 00:00:00,4495,Entregado,Honda,XR150L,Carlos Mendoza,Cristian Molina
4785,795,3736,servicio integral para filtro de aceite y balanceo y verificacion completa.,Finalizado,2026-03-22 00:00:00,2026-03-12 00:00:00,4831,Cliente informado,Suzuki,GSX-R750,Jose Ramirez,Wilmer Soto
4786,1870,4841,optimizacion del sistema motor de arranque y alternador segun solicitud del cliente.,Finalizado,2026-03-27 00:00:00,2026-03-28 00:00:00,6394,Cliente informado,Bajaj,DM200,Jose Ramirez,Javier Morales
4787,3344,852,ajuste tecnico de chequeo y lubricacion incluyendo ajuste final.,Finalizado,2026-02-28 00:00:00,2026-03-04 00:00:00,1897,Entregado,Honda,GN125,Jose Ramirez,Alexis Diaz
4788,694,5056,correccion especializada de amortiguadores y pistones y verificacion completa.,Finalizado,2026-03-01 00:00:00,2026-03-04 00:00:00,5510,Entregado,AKT,R15,Carlos Mendoza,Daniel Castillo
4789,1013,2426,optimizacion del sistema filtro de aceite y lubricacion segun solicitud del cliente.,Finalizado,2026-03-20 00:00:00,2026-03-22 00:00:00,2857,Cliente informado,KTM,FT150,Jose Ramirez,Steven Rocha
4790,4959,637,servicio integral para transmision y chasis segun solicitud del cliente.,Finalizado,2026-03-09 00:00:00,2026-03-10 00:00:00,2547,Entregado,Honda,Duke 390,Jose Ramirez,Julio Navarro
4791,4894,2139,optimizacion del sistema sistema electrico y sensores debido a desgaste.,Entregado,2026-03-03 00:00:00,2026-03-07 00:00:00,6500,Cliente informado,Honda,MT-07,Jose Ramirez,Mario Lopez
4792,1806,4494,diagnostico y reparacion de fallo electrico y alternador incluyendo ajuste final.,Finalizado,2026-03-01 00:00:00,2026-02-19 00:00:00,2187,Entregado,Bajaj,Z650,Carlos Mendoza,Manuel Vargas
4793,925,4821,optimizacion del sistema filtro de aceite y lubricacion y verificacion completa.,Finalizado,2026-03-05 00:00:00,2026-03-08 00:00:00,3642,Cliente informado,Suzuki,XR150L,Carlos Mendoza,Brayan Silva
4794,1812,2830,mantenimiento preventivo en calipers y pantalla incluyendo ajuste final.,Finalizado,2026-03-03 00:00:00,2026-03-03 00:00:00,2034,Cliente informado,Honda,R15,Jose Ramirez,Roberto Flores
4795,4884,3833,inspeccion avanzada de cableado y motor de arranque debido a desgaste.,Finalizado,2026-03-05 00:00:00,2026-03-05 00:00:00,4795,Entregado,Honda,MT-07,Jose Ramirez,Cristian Molina
4796,977,3741,servicio integral para vinilado y fibra de carbono segun solicitud del cliente.,Finalizado,2026-03-14 00:00:00,2026-03-16 00:00:00,5023,Entregado,KTM,RC 200,Jose Ramirez,Fernando Herrera
4797,4354,3217,servicio integral para fallo electrico y bateria incluyendo ajuste final.,Finalizado,2026-03-07 00:00:00,2026-02-25 00:00:00,4457,Cliente informado,Italika,Duke 390,Jose Ramirez,Erick Gutierrez
4798,3977,4270,inspeccion avanzada de luces led y chip incluyendo ajuste final.,Finalizado,2026-03-19 00:00:00,2026-03-20 00:00:00,5659,Entregado,Kawasaki,MT-07,Jose Ramirez,Henry Tellez
4799,3001,746,revision completa de revision general y problema debido a desgaste.,En proceso,2026-03-02 00:00:00,2026-03-03 00:00:00,4469,Cliente informado,Suzuki,Boxer 150,Carlos Mendoza,Erick Gutierrez
4800,3535,3808,revision completa de luces y alternador incluyendo ajuste final.,Finalizado,2026-03-10 00:00:00,2026-03-14 00:00:00,3675,Cliente informado,AKT,CB190R,Jose Ramirez,Fernando Herrera
4801,4237,5070,ajuste tecnico de balanceo y niveles y verificacion completa.,Finalizado,2026-03-12 00:00:00,2026-03-12 00:00:00,4311,Cliente informado,KTM,Duke 390,Jose Ramirez,Edwin Chavez
4802,3638,2264,mantenimiento preventivo en polarizado y velocidad segun solicitud del cliente.,Finalizado,2026-03-18 00:00:00,2026-03-22 00:00:00,2892,Entregado,KTM,CBR 600RR,Carlos Mendoza,Carlos Mendoza
4803,4729,2714,ajuste tecnico de revision general y inspeccion para mejorar rendimiento.,Finalizado,2026-03-08 00:00:00,2026-03-10 00:00:00,3158,Cliente informado,Honda,Boxer 150,Carlos Mendoza,Wilmer Soto
4804,4782,1361,ajuste tecnico de alineacion y niveles incluyendo ajuste final.,Finalizado,2026-03-05 00:00:00,2026-03-06 00:00:00,2928,Entregado,Kawasaki,Duke 390,Carlos Mendoza,Luis Martinez
4805,486,792,correccion especializada de niveles y filtro de aceite segun solicitud del cliente.,Finalizado,2026-03-24 00:00:00,2026-03-14 00:00:00,2896,Entregado,Bajaj,FZ16,Carlos Mendoza,Samuel Cruz
4806,1801,4163,instalacion y calibracion de diferencial y amortiguadores con pruebas posteriores.,Finalizado,2026-03-09 00:00:00,2026-03-12 00:00:00,4772,Cliente informado,Yamaha,DM200,Jose Ramirez,Eduardo Castro
4807,4271,233,optimizacion del sistema revision general y revision general para mejorar rendimiento.,Finalizado,2026-03-12 00:00:00,2026-03-14 00:00:00,4508,Cliente informado,Bajaj,Duke 390,Jose Ramirez,Henry Tellez
4808,1673,938,optimizacion del sistema culata y biela incluyendo ajuste final.,Finalizado,2026-03-15 00:00:00,2026-03-17 00:00:00,4984,Entregado,Italika,NKD 125,Carlos Mendoza,Oscar Reyes
4809,136,3821,inspeccion avanzada de test y revision general por falla detectada.,Finalizado,2026-03-15 00:00:00,2026-03-16 00:00:00,5693,Cliente informado,Suzuki,XR150L,Jose Ramirez,Mario Lopez
4810,1169,708,correccion especializada de falla y revision general incluyendo ajuste final.,Finalizado,2026-03-14 00:00:00,2026-03-18 00:00:00,5369,Entregado,Honda,CBR 600RR,Carlos Mendoza,Mario Lopez
4811,4610,3782,ajuste tecnico de fibra de carbono y escape deportivo incluyendo ajuste final.,Finalizado,2026-03-29 00:00:00,2026-04-02 00:00:00,3265,Entregado,Italika,Pulsar NS200,Carlos Mendoza,Luis Martinez
4812,4127,3315,revision completa de inspeccion y revision general y verificacion completa.,Finalizado,2026-03-29 00:00:00,2026-03-30 00:00:00,4170,Cliente informado,AKT,Pulsar NS200,Carlos Mendoza,Juan Perez
4813,4489,3051,servicio integral para filtro de aceite y niveles por falla detectada.,Finalizado,2026-03-15 00:00:00,2026-03-17 00:00:00,4592,Entregado,Yamaha,Z650,Carlos Mendoza,Edwin Chavez
4814,3212,3463,instalacion y calibracion de escaneo y diagnostico segun solicitud del cliente.,Finalizado,2026-03-22 00:00:00,2026-03-25 00:00:00,5190,Cliente informado,Suzuki,Duke 390,Jose Ramirez,Mario Lopez
4815,1916,3153,mantenimiento preventivo en cambio de aceite y niveles segun solicitud del cliente.,Finalizado,2026-02-28 00:00:00,2026-03-02 00:00:00,4284,Cliente informado,Suzuki,RC 200,Carlos Mendoza,Samuel Cruz
4816,3185,4552,ajuste tecnico de luces y encendido con pruebas posteriores.,Finalizado,2026-03-22 00:00:00,2026-03-26 00:00:00,1143,Entregado,TVS,R15,Jose Ramirez,Edwin Chavez
4817,1888,2719,correccion especializada de radiador y diferencial por falla detectada.,Finalizado,2026-03-21 00:00:00,2026-03-23 00:00:00,2510,Cliente informado,TVS,FZ16,Jose Ramirez,Luis Martinez
4818,1213,3594,ajuste tecnico de bateria y motor de arranque debido a desgaste.,Finalizado,2026-03-12 00:00:00,2026-03-02 00:00:00,3253,Cliente informado,Bajaj,Ninja 400,Jose Ramirez,Victor Rivas
4819,4276,3738,ajuste tecnico de direccion y frenos segun solicitud del cliente.,Finalizado,2026-03-25 00:00:00,2026-03-29 00:00:00,6431,Entregado,KTM,Boxer 150,Jose Ramirez,Manuel Vargas
4820,151,2399,diagnostico y reparacion de polarizado y tuning debido a desgaste.,Finalizado,2026-03-23 00:00:00,2026-03-26 00:00:00,3369,Cliente informado,Suzuki,Duke 390,Jose Ramirez,Daniel Castillo
4821,1285,565,correccion especializada de balanceo y revision debido a desgaste.,Finalizado,2026-03-06 00:00:00,2026-02-24 00:00:00,1452,Entregado,AKT,Duke 390,Carlos Mendoza,Alexis Diaz
4822,1340,3798,revision completa de estetico y pintar carroceria incluyendo ajuste final.,Entregado,2026-03-15 00:00:00,2026-03-17 00:00:00,3068,Entregado,Yamaha,Gixxer 250,Carlos Mendoza,Alexis Diaz
4823,3156,4101,mantenimiento preventivo en embrague y distribucion y verificacion completa.,Finalizado,2026-03-08 00:00:00,2026-03-12 00:00:00,5879,Entregado,Bajaj,R15,Jose Ramirez,Jose Ramirez
4824,1861,2879,correccion especializada de pintura y polarizado segun solicitud del cliente.,Entregado,2026-03-27 00:00:00,2026-03-30 00:00:00,2847,Cliente informado,Suzuki,DM200,Jose Ramirez,Samuel Cruz
4825,3163,2619,ajuste tecnico de centralita y fallo electrico para mejorar rendimiento.,Finalizado,2026-03-28 00:00:00,2026-03-30 00:00:00,5993,Cliente informado,AKT,DM200,Carlos Mendoza,Cristian Molina
4826,4191,4269,ajuste tecnico de lubricacion y balanceo debido a desgaste.,Finalizado,2026-03-07 00:00:00,2026-03-10 00:00:00,4443,Entregado,Suzuki,CBR 600RR,Carlos Mendoza,Brayan Silva
4827,893,2689,servicio integral para filtro de aire y cambio de aceite debido a desgaste.,Finalizado,2026-03-02 00:00:00,2026-02-20 00:00:00,2076,Entregado,Kawasaki,Pulsar NS200,Jose Ramirez,Mario Lopez
4828,3517,3276,instalacion y calibracion de cambio de aceite y bujias incluyendo ajuste final.,Finalizado,2026-03-01 00:00:00,2026-03-02 00:00:00,2230,Cliente informado,Yamaha,GN125,Jose Ramirez,Kevin Torres
4829,1504,2716,inspeccion avanzada de cableado y bateria incluyendo ajuste final.,Finalizado,2026-03-07 00:00:00,2026-03-10 00:00:00,6125,Entregado,Honda,Pulsar NS200,Carlos Mendoza,Erick Gutierrez
4830,4019,1202,optimizacion del sistema cambio de aceite y balanceo y verificacion completa.,Finalizado,2026-03-21 00:00:00,2026-03-21 00:00:00,6221,Entregado,Suzuki,Pulsar NS200,Jose Ramirez,Cristian Molina
4831,2396,3570,ajuste tecnico de bateria y centralita debido a desgaste.,Finalizado,2026-03-10 00:00:00,2026-03-12 00:00:00,4656,Entregado,TVS,CBR 600RR,Carlos Mendoza,Victor Rivas
4832,145,1400,revision completa de cambio de aceite y balanceo segun solicitud del cliente.,Finalizado,2026-03-07 00:00:00,2026-03-09 00:00:00,2967,Cliente informado,KTM,RC 200,Carlos Mendoza,Carlos Mendoza
4833,3768,3163,servicio integral para revision y revision segun solicitud del cliente.,Finalizado,2026-03-18 00:00:00,2026-03-21 00:00:00,500,Entregado,Kawasaki,Pulsar NS200,Jose Ramirez,Kevin Torres
4834,863,2202,revision completa de custom y reprogramacion segun solicitud del cliente.,En proceso,2026-03-22 00:00:00,2026-03-24 00:00:00,5437,Cliente informado,TVS,RC 200,Carlos Mendoza,Jose Ramirez
4835,2787,2595,mantenimiento preventivo en filtro de aceite y cambio de aceite por falla detectada.,Finalizado,2026-03-27 00:00:00,2026-03-17 00:00:00,3852,Entregado,Yamaha,CB190R,Carlos Mendoza,Samuel Cruz
4836,4455,3528,inspeccion avanzada de encendido y sensores incluyendo ajuste final.,Finalizado,2026-03-20 00:00:00,2026-03-20 00:00:00,2774,Cliente informado,Yamaha,Z650,Carlos Mendoza,Brayan Silva
4837,3191,376,inspeccion avanzada de diferencial y frenos por falla detectada.,Finalizado,2026-03-23 00:00:00,2026-03-25 00:00:00,532,Entregado,Bajaj,Apache RTR 200,Carlos Mendoza,Steven Rocha
4838,1919,1331,inspeccion avanzada de test y evaluacion con pruebas posteriores.,Finalizado,2026-03-26 00:00:00,2026-03-30 00:00:00,4486,Entregado,Honda,CB190R,Carlos Mendoza,Edwin Chavez
4839,3036,3051,mantenimiento preventivo en sistema electrico y sensores por falla detectada.,Finalizado,2026-03-23 00:00:00,2026-03-24 00:00:00,1855,Cliente informado,Suzuki,CB190R,Jose Ramirez,Edwin Chavez
4840,2736,4348,servicio integral para calipers y pintura incluyendo ajuste final.,Finalizado,2026-03-28 00:00:00,2026-03-31 00:00:00,2674,Entregado,Yamaha,GSX-R750,Jose Ramirez,Jose Ramirez
4841,4894,2139,diagnostico y reparacion de fallo electrico y cableado por falla detectada.,Entregado,2026-03-03 00:00:00,2026-03-07 00:00:00,5272,Cliente informado,Italika,Z650,Jose Ramirez,Henry Tellez
4842,1134,1039,optimizacion del sistema frenos deportivos y tuning debido a desgaste.,Finalizado,2026-03-18 00:00:00,2026-03-08 00:00:00,5403,Cliente informado,KTM,RC 200,Carlos Mendoza,Cristian Molina
4843,3462,3276,inspeccion avanzada de lubricacion y bujias por falla detectada.,Finalizado,2026-03-06 00:00:00,2026-03-07 00:00:00,3773,Cliente informado,Bajaj,GN125,Jose Ramirez,Samuel Cruz
4844,2848,4660,instalacion y calibracion de culata y frenos debido a desgaste.,Finalizado,2026-03-22 00:00:00,2026-03-25 00:00:00,2890,Cliente informado,Suzuki,RC 200,Jose Ramirez,Julio Navarro
4845,1904,4554,servicio integral para centralita y sistema electrico con pruebas posteriores.,Finalizado,2026-03-17 00:00:00,2026-03-20 00:00:00,5699,Cliente informado,Suzuki,Z650,Carlos Mendoza,Henry Tellez
4846,1455,3126,inspeccion avanzada de tuning y tuning debido a desgaste.,Finalizado,2026-02-28 00:00:00,2026-03-04 00:00:00,1126,Entregado,KTM,FZ16,Carlos Mendoza,Javier Morales
4847,2447,786,servicio integral para falla y falla segun solicitud del cliente.,Finalizado,2026-03-23 00:00:00,2026-03-26 00:00:00,1480,Entregado,Honda,Boxer 150,Carlos Mendoza,Julio Navarro
4848,3106,3926,diagnostico y reparacion de problema y revision general por falla detectada.,Finalizado,2026-03-19 00:00:00,2026-03-19 00:00:00,616,Entregado,Italika,Ninja 400,Carlos Mendoza,Jose Ramirez
4849,386,419,optimizacion del sistema motor de arranque y motor de arranque debido a desgaste.,Finalizado,2026-03-19 00:00:00,2026-03-19 00:00:00,1151,Entregado,Kawasaki,DM200,Carlos Mendoza,Wilmer Soto
4850,3366,3626,optimizacion del sistema sistema electrico y encendido con pruebas posteriores.,Finalizado,2026-03-09 00:00:00,2026-03-09 00:00:00,6457,Cliente informado,Honda,R15,Carlos Mendoza,Brayan Silva
4851,4650,3408,optimizacion del sistema motor de arranque y cableado incluyendo ajuste final.,Finalizado,2026-03-08 00:00:00,2026-03-09 00:00:00,1408,Entregado,Yamaha,Gixxer 250,Jose Ramirez,Cristian Molina
4852,4949,2492,ajuste tecnico de radiador y culata debido a desgaste.,Entregado,2026-03-01 00:00:00,2026-03-02 00:00:00,3621,Entregado,Italika,FZ16,Carlos Mendoza,Daniel Castillo
4853,2411,4957,ajuste tecnico de test y inspeccion incluyendo ajuste final.,Finalizado,2026-03-20 00:00:00,2026-03-23 00:00:00,507,Cliente informado,KTM,Pulsar NS200,Carlos Mendoza,Wilmer Soto
4854,829,3315,ajuste tecnico de kit aerodinamico y sensores de estacionamiento debido a desgaste.,Finalizado,2026-03-26 00:00:00,2026-03-26 00:00:00,3669,Cliente informado,Yamaha,Pulsar NS200,Jose Ramirez,Andres Ruiz
4855,1266,5050,ajuste tecnico de revision general y evaluacion para mejorar rendimiento.,Finalizado,2026-03-02 00:00:00,2026-03-05 00:00:00,1991,Entregado,TVS,Pulsar NS200,Jose Ramirez,Miguel Garcia
4856,4073,3261,servicio integral para evaluacion y chequeo con pruebas posteriores.,Finalizado,2026-03-26 00:00:00,2026-03-28 00:00:00,3593,Entregado,Bajaj,CBR 600RR,Carlos Mendoza,Oscar Reyes
4857,285,420,optimizacion del sistema frenos y ciguenal con pruebas posteriores.,Finalizado,2026-03-24 00:00:00,2026-03-24 00:00:00,4666,Entregado,Italika,Boxer 150,Jose Ramirez,Brayan Silva
4858,4223,2008,correccion especializada de filtro de aceite y alineacion segun solicitud del cliente.,Finalizado,2026-03-19 00:00:00,2026-03-09 00:00:00,2159,Entregado,Bajaj,GN125,Carlos Mendoza,Miguel Garcia
4859,829,1334,instalacion y calibracion de chequeo y problema debido a desgaste.,Finalizado,2026-03-13 00:00:00,2026-03-16 00:00:00,6006,Entregado,KTM,Z650,Carlos Mendoza,Samuel Cruz
4860,2805,4927,inspeccion avanzada de ruido y evaluacion incluyendo ajuste final.,Finalizado,2026-03-28 00:00:00,2026-03-30 00:00:00,5309,Entregado,Suzuki,XR150L,Carlos Mendoza,Eduardo Castro
4861,1721,4490,revision completa de alternador y motor de arranque por falla detectada.,Finalizado,2026-02-28 00:00:00,2026-03-04 00:00:00,1124,Cliente informado,Honda,Apache RTR 200,Carlos Mendoza,Javier Morales
4862,208,4349,servicio integral para sensores y encendido incluyendo ajuste final.,Finalizado,2026-03-18 00:00:00,2026-03-21 00:00:00,1850,Entregado,KTM,Pulsar NS200,Carlos Mendoza,Oscar Reyes
4863,4019,1202,revision completa de ruido y escaneo incluyendo ajuste final.,Finalizado,2026-03-21 00:00:00,2026-03-21 00:00:00,2319,Entregado,KTM,Gixxer 250,Jose Ramirez,Jose Ramirez
4864,1739,5149,mantenimiento preventivo en chequeo y chequeo y verificacion completa.,Finalizado,2026-03-16 00:00:00,2026-03-16 00:00:00,3006,Entregado,Yamaha,CBR 600RR,Jose Ramirez,Oscar Reyes
4865,3672,2900,diagnostico y reparacion de diferencial y amortiguadores segun solicitud del cliente.,Finalizado,2026-03-17 00:00:00,2026-03-20 00:00:00,5627,Cliente informado,Yamaha,Duke 390,Jose Ramirez,Alexis Diaz
4866,3036,4554,correccion especializada de niveles y filtro de aire con pruebas posteriores.,Finalizado,2026-03-28 00:00:00,2026-03-31 00:00:00,1719,Entregado,Suzuki,Duke 390,Carlos Mendoza,Miguel Garcia
4867,694,4346,servicio integral para chequeo y escaneo por falla detectada.,Finalizado,2026-03-26 00:00:00,2026-03-30 00:00:00,595,Cliente informado,Kawasaki,CB190R,Jose Ramirez,Kevin Torres
4868,1874,3368,mantenimiento preventivo en chequeo y ruido segun solicitud del cliente.,En proceso,2026-03-05 00:00:00,2026-03-05 00:00:00,4452,Cliente informado,Yamaha,Gixxer 250,Carlos Mendoza,Jose Ramirez
4869,2696,773,revision completa de test y revision general y verificacion completa.,Finalizado,2026-03-19 00:00:00,2026-03-22 00:00:00,5520,Entregado,Kawasaki,R15,Jose Ramirez,Kevin Torres
4870,1064,2683,correccion especializada de encendido y sistema electrico segun solicitud del cliente.,Entregado,2026-03-08 00:00:00,2026-03-12 00:00:00,6108,Cliente informado,KTM,GN125,Carlos Mendoza,Luis Martinez
4871,3188,4791,servicio integral para falla y escaneo con pruebas posteriores.,Finalizado,2026-03-21 00:00:00,2026-03-25 00:00:00,4826,Cliente informado,Suzuki,CBR 600RR,Carlos Mendoza,Brayan Silva
4872,1919,1331,mantenimiento preventivo en filtro de aceite y niveles debido a desgaste.,Finalizado,2026-03-26 00:00:00,2026-03-30 00:00:00,2281,Entregado,Italika,DM200,Jose Ramirez,Brayan Silva
4873,485,1384,revision completa de sistema electrico y alternador segun solicitud del cliente.,Finalizado,2026-03-26 00:00:00,2026-03-30 00:00:00,5174,Entregado,Kawasaki,Ninja 400,Jose Ramirez,Daniel Castillo
4874,3005,2798,optimizacion del sistema diagnostico y ruido y verificacion completa.,Finalizado,2026-03-03 00:00:00,2026-03-03 00:00:00,2413,Entregado,Honda,Pulsar NS200,Jose Ramirez,Brayan Silva
4875,623,2129,correccion especializada de bujias y chequeo por falla detectada.,Finalizado,2026-03-03 00:00:00,2026-03-03 00:00:00,3968,Entregado,Italika,Pulsar NS200,Carlos Mendoza,Eduardo Castro
4876,2449,443,servicio integral para transmision y direccion y verificacion completa.,Finalizado,2026-03-17 00:00:00,2026-03-17 00:00:00,3559,Entregado,AKT,R15,Jose Ramirez,Brayan Silva
4877,4301,1700,servicio integral para culata y radiador debido a desgaste.,Finalizado,2026-03-25 00:00:00,2026-03-27 00:00:00,5932,Entregado,Italika,CB190R,Carlos Mendoza,Javier Morales
4878,2934,5128,correccion especializada de sistema electrico y sistema electrico con pruebas posteriores.,Finalizado,2026-03-04 00:00:00,2026-02-22 00:00:00,2108,Entregado,Yamaha,Gixxer 250,Carlos Mendoza,Juan Perez
4879,4334,192,inspeccion avanzada de cambio de aceite y alineacion con pruebas posteriores.,Finalizado,2026-03-16 00:00:00,2026-03-19 00:00:00,4487,Entregado,AKT,Gixxer 250,Jose Ramirez,Manuel Vargas
4880,3519,1384,ajuste tecnico de ciguenal y embrague para mejorar rendimiento.,Finalizado,2026-03-27 00:00:00,2026-03-30 00:00:00,3443,Cliente informado,Honda,FT150,Carlos Mendoza,Jose Ramirez
4881,800,5194,inspeccion avanzada de test y escaneo por falla detectada.,Finalizado,2026-03-01 00:00:00,2026-03-05 00:00:00,5081,Entregado,Suzuki,DM200,Carlos Mendoza,Brayan Silva
4882,4364,4866,optimizacion del sistema frenos y ciguenal segun solicitud del cliente.,Finalizado,2026-03-11 00:00:00,2026-03-12 00:00:00,4194,Entregado,Suzuki,GN125,Jose Ramirez,Jose Ramirez
4883,2297,2569,revision completa de cambio de aceite y lubricacion con pruebas posteriores.,Finalizado,2026-03-03 00:00:00,2026-03-03 00:00:00,652,Cliente informado,Honda,R15,Jose Ramirez,Erick Gutierrez
4884,800,3519,inspeccion avanzada de caja de cambios y radiador y verificacion completa.,Finalizado,2026-03-08 00:00:00,2026-03-10 00:00:00,3179,Entregado,Kawasaki,FZ16,Carlos Mendoza,Oscar Reyes
4885,1271,3663,ajuste tecnico de chequeo y bujias para mejorar rendimiento.,Finalizado,2026-03-08 00:00:00,2026-03-08 00:00:00,987,Entregado,Kawasaki,GSX-R750,Carlos Mendoza,Victor Rivas
4886,2805,4927,ajuste tecnico de bomba de agua y motor debido a desgaste.,Finalizado,2026-03-28 00:00:00,2026-03-30 00:00:00,5245,Entregado,Italika,Pulsar NS200,Carlos Mendoza,Francisco Blandon
4887,4222,1635,revision completa de direccion y pistones debido a desgaste.,En proceso,2026-03-10 00:00:00,2026-03-10 00:00:00,2240,Entregado,KTM,FZ16,Jose Ramirez,Victor Rivas
4888,4788,3133,optimizacion del sistema lubricacion y lubricacion y verificacion completa.,Finalizado,2026-03-18 00:00:00,2026-03-20 00:00:00,5247,Cliente informado,Italika,MT-07,Carlos Mendoza,Juan Perez
4889,291,4745,ajuste tecnico de chequeo y evaluacion para mejorar rendimiento.,Finalizado,2026-03-09 00:00:00,2026-03-11 00:00:00,3587,Entregado,Italika,GN125,Jose Ramirez,Steven Rocha
4890,3786,493,mantenimiento preventivo en bateria y bateria para mejorar rendimiento.,Finalizado,2026-03-12 00:00:00,2026-03-13 00:00:00,6476,Cliente informado,AKT,Ninja 400,Jose Ramirez,Samuel Cruz
4891,623,2129,diagnostico y reparacion de tuning y actualizacion de software por falla detectada.,Finalizado,2026-03-03 00:00:00,2026-03-03 00:00:00,5333,Entregado,TVS,Ninja 400,Jose Ramirez,Victor Rivas
4892,3635,4633,optimizacion del sistema ruido y chequeo debido a desgaste.,Finalizado,2026-03-01 00:00:00,2026-03-04 00:00:00,1442,Cliente informado,Suzuki,Gixxer 250,Carlos Mendoza,Brayan Silva
4893,4884,3833,inspeccion avanzada de cambio de aceite y filtro de aceite segun solicitud del cliente.,Finalizado,2026-03-05 00:00:00,2026-03-05 00:00:00,4698,Entregado,Honda,FT150,Carlos Mendoza,Edwin Chavez
4894,783,192,correccion especializada de reprogramacion y pantalla incluyendo ajuste final.,Finalizado,2026-03-01 00:00:00,2026-03-04 00:00:00,931,Cliente informado,Bajaj,CBR 600RR,Carlos Mendoza,Francisco Blandon
4895,1650,2517,inspeccion avanzada de eje y embrague con pruebas posteriores.,Finalizado,2026-03-10 00:00:00,2026-03-11 00:00:00,4188,Cliente informado,Yamaha,MT-07,Carlos Mendoza,Oscar Reyes
4896,1874,3368,inspeccion avanzada de cambio color y potencia segun solicitud del cliente.,En proceso,2026-03-05 00:00:00,2026-03-05 00:00:00,2847,Cliente informado,Suzuki,Pulsar NS200,Carlos Mendoza,Oscar Reyes
4897,4875,5237,revision completa de luces led y cromado segun solicitud del cliente.,Finalizado,2026-03-16 00:00:00,2026-03-19 00:00:00,3799,Entregado,Kawasaki,GSX-R750,Jose Ramirez,Carlos Mendoza
4898,3267,1097,inspeccion avanzada de inspeccion y escaneo incluyendo ajuste final.,Finalizado,2026-03-24 00:00:00,2026-03-24 00:00:00,5768,Cliente informado,Yamaha,RC 200,Carlos Mendoza,Daniel Castillo
4899,3476,2810,mantenimiento preventivo en fallo electrico y alternador para mejorar rendimiento.,En proceso,2026-03-12 00:00:00,2026-03-13 00:00:00,2324,Cliente informado,Yamaha,Boxer 150,Carlos Mendoza,Manuel Vargas
4900,1271,3663,revision completa de tuning y suspension deportiva por falla detectada.,Finalizado,2026-03-08 00:00:00,2026-03-08 00:00:00,2865,Entregado,TVS,MT-07,Jose Ramirez,Jose Ramirez
4901,2928,2742,servicio integral para suspension y caja de cambios con pruebas posteriores.,Finalizado,2026-03-22 00:00:00,2026-03-26 00:00:00,2841,Cliente informado,Suzuki,Pulsar NS200,Carlos Mendoza,Juan Perez
4902,1285,4779,optimizacion del sistema camara y personalizacion para mejorar rendimiento.,Finalizado,2026-03-02 00:00:00,2026-02-20 00:00:00,1467,Cliente informado,Honda,FT150,Jose Ramirez,Edwin Chavez
4903,383,4981,inspeccion avanzada de chequeo y balanceo debido a desgaste.,Entregado,2026-03-23 00:00:00,2026-03-27 00:00:00,3134,Cliente informado,Honda,R15,Jose Ramirez,Daniel Castillo
4904,4409,5122,mantenimiento preventivo en problema y revision general con pruebas posteriores.,Finalizado,2026-03-24 00:00:00,2026-03-25 00:00:00,3218,Entregado,TVS,XR150L,Carlos Mendoza,Henry Tellez
4905,2774,3021,inspeccion avanzada de culata y motor por falla detectada.,En proceso,2026-03-24 00:00:00,2026-03-25 00:00:00,2121,Cliente informado,Suzuki,Duke 390,Carlos Mendoza,Wilmer Soto
4906,691,4693,servicio integral para gps y polarizado por falla detectada.,Finalizado,2026-03-17 00:00:00,2026-03-21 00:00:00,4430,Cliente informado,Honda,Pulsar NS200,Jose Ramirez,Oscar Reyes
4907,3794,4821,instalacion y calibracion de aleron y vinilado por falla detectada.,Finalizado,2026-03-20 00:00:00,2026-03-24 00:00:00,535,Entregado,TVS,Boxer 150,Jose Ramirez,Miguel Garcia
4908,4452,2306,inspeccion avanzada de fallo electrico y alternador debido a desgaste.,Finalizado,2026-03-09 00:00:00,2026-03-13 00:00:00,4613,Cliente informado,KTM,CBR 600RR,Carlos Mendoza,Wilmer Soto
4909,28,3267,revision completa de pintura y gps incluyendo ajuste final.,Finalizado,2026-03-15 00:00:00,2026-03-18 00:00:00,1744,Cliente informado,TVS,Boxer 150,Jose Ramirez,Fernando Herrera
4910,282,1951,correccion especializada de falla y problema segun solicitud del cliente.,Finalizado,2026-03-25 00:00:00,2026-03-15 00:00:00,3004,Entregado,Italika,DM200,Jose Ramirez,Julio Navarro
4911,3697,3606,correccion especializada de chequeo y problema con pruebas posteriores.,Finalizado,2026-03-12 00:00:00,2026-03-14 00:00:00,696,Entregado,Suzuki,XR150L,Carlos Mendoza,Miguel Garcia
4912,1758,826,mantenimiento preventivo en encendido y centralita con pruebas posteriores.,Finalizado,2026-03-04 00:00:00,2026-03-04 00:00:00,3208,Entregado,Suzuki,DM200,Jose Ramirez,Edwin Chavez
4913,4155,3460,revision completa de personalizacion y tuning para mejorar rendimiento.,Finalizado,2026-03-11 00:00:00,2026-03-11 00:00:00,3355,Cliente informado,Italika,Apache RTR 200,Carlos Mendoza,Steven Rocha
4914,2303,2554,diagnostico y reparacion de escaneo y falla para mejorar rendimiento.,Finalizado,2026-03-07 00:00:00,2026-03-10 00:00:00,3866,Cliente informado,Suzuki,NKD 125,Carlos Mendoza,Samuel Cruz
4915,83,2646,diagnostico y reparacion de transmision y transmision segun solicitud del cliente.,Finalizado,2026-03-01 00:00:00,2026-03-01 00:00:00,5018,Entregado,Italika,Boxer 150,Jose Ramirez,Andres Ruiz
4916,3064,93,diagnostico y reparacion de cambio de aceite y niveles debido a desgaste.,Finalizado,2026-03-07 00:00:00,2026-03-08 00:00:00,5100,Entregado,Yamaha,RC 200,Jose Ramirez,Jose Ramirez
4917,4844,1735,inspeccion avanzada de llantas deportivas y modificacion segun solicitud del cliente.,Finalizado,2026-03-24 00:00:00,2026-03-27 00:00:00,5082,Entregado,Italika,R15,Jose Ramirez,Brayan Silva
4918,1688,396,correccion especializada de centralita y luces con pruebas posteriores.,Finalizado,2026-03-23 00:00:00,2026-03-27 00:00:00,3644,Cliente informado,Yamaha,MT-07,Carlos Mendoza,Luis Martinez
4919,902,5131,ajuste tecnico de radiador y carroceria para mejorar rendimiento.,Finalizado,2026-03-25 00:00:00,2026-03-26 00:00:00,3105,Cliente informado,Suzuki,Gixxer 250,Carlos Mendoza,Oscar Reyes
4920,2121,4930,optimizacion del sistema reprogramacion y tuning incluyendo ajuste final.,Finalizado,2026-03-05 00:00:00,2026-03-06 00:00:00,2911,Entregado,Suzuki,MT-07,Jose Ramirez,Francisco Blandon
4921,2860,5193,servicio integral para cambio color y tuning con pruebas posteriores.,Finalizado,2026-03-15 00:00:00,2026-03-15 00:00:00,1775,Cliente informado,Honda,Boxer 150,Carlos Mendoza,Wilmer Soto
4922,341,5027,mantenimiento preventivo en suspension y suspension por falla detectada.,Finalizado,2026-03-10 00:00:00,2026-03-12 00:00:00,4004,Entregado,Yamaha,Duke 390,Carlos Mendoza,Cristian Molina
4923,1752,4569,correccion especializada de luces led y llantas deportivas segun solicitud del cliente.,Finalizado,2026-03-17 00:00:00,2026-03-21 00:00:00,891,Entregado,AKT,R15,Carlos Mendoza,Julio Navarro
4924,4824,2599,revision completa de escaneo y escaneo incluyendo ajuste final.,Finalizado,2026-03-20 00:00:00,2026-03-23 00:00:00,4504,Cliente informado,Kawasaki,FT150,Jose Ramirez,Wilmer Soto
4925,2557,1522,correccion especializada de test y falla debido a desgaste.,Finalizado,2026-03-03 00:00:00,2026-03-06 00:00:00,1143,Cliente informado,Honda,CB190R,Jose Ramirez,Julio Navarro
4926,4633,3663,servicio integral para aleron y turbo incluyendo ajuste final.,Finalizado,2026-03-14 00:00:00,2026-03-18 00:00:00,1424,Cliente informado,KTM,MT-07,Carlos Mendoza,Eduardo Castro
4927,4421,3643,inspeccion avanzada de aleron y tuning debido a desgaste.,Finalizado,2026-02-28 00:00:00,2026-03-04 00:00:00,4985,Cliente informado,Honda,FZ16,Carlos Mendoza,Henry Tellez
4928,2257,3895,inspeccion avanzada de inspeccion y evaluacion para mejorar rendimiento.,Finalizado,2026-03-15 00:00:00,2026-03-19 00:00:00,3143,Entregado,Yamaha,XR150L,Carlos Mendoza,Carlos Mendoza
4929,3064,93,diagnostico y reparacion de cableado y luces por falla detectada.,Finalizado,2026-03-07 00:00:00,2026-03-08 00:00:00,1627,Entregado,AKT,CBR 600RR,Jose Ramirez,Daniel Castillo
4930,2852,2827,ajuste tecnico de revision y chequeo con pruebas posteriores.,Finalizado,2026-03-15 00:00:00,2026-03-17 00:00:00,1348,Cliente informado,Bajaj,Boxer 150,Carlos Mendoza,Andres Ruiz
4931,4704,3528,servicio integral para sensores y motor de arranque incluyendo ajuste final.,Finalizado,2026-03-22 00:00:00,2026-03-22 00:00:00,5555,Cliente informado,Yamaha,FT150,Jose Ramirez,Javier Morales
4932,3001,746,instalacion y calibracion de distribucion y chasis incluyendo ajuste final.,En proceso,2026-03-02 00:00:00,2026-03-03 00:00:00,2123,Cliente informado,Bajaj,CB190R,Jose Ramirez,Victor Rivas
4933,4261,4486,revision completa de diagnostico y problema incluyendo ajuste final.,Finalizado,2026-03-07 00:00:00,2026-03-11 00:00:00,917,Cliente informado,KTM,Gixxer 250,Carlos Mendoza,Jose Ramirez
4934,4127,3315,correccion especializada de pintura y custom y verificacion completa.,Finalizado,2026-03-29 00:00:00,2026-03-30 00:00:00,3821,Cliente informado,Kawasaki,GN125,Carlos Mendoza,Cristian Molina
4935,3989,2360,mantenimiento preventivo en bateria y alternador debido a desgaste.,Finalizado,2026-03-12 00:00:00,2026-03-13 00:00:00,5386,Cliente informado,Suzuki,Boxer 150,Jose Ramirez,Andres Ruiz
4936,1929,1875,diagnostico y reparacion de tuning y luces led y verificacion completa.,Finalizado,2026-03-10 00:00:00,2026-03-12 00:00:00,3351,Entregado,Bajaj,GSX-R750,Carlos Mendoza,Juan Perez
4937,3416,621,inspeccion avanzada de actualizacion de software y suspension deportiva para mejorar rendimiento.,Finalizado,2026-03-26 00:00:00,2026-03-29 00:00:00,2130,Cliente informado,Italika,Z650,Carlos Mendoza,Victor Rivas
4938,43,251,servicio integral para revision y bujias debido a desgaste.,Finalizado,2026-03-14 00:00:00,2026-03-16 00:00:00,5762,Cliente informado,Yamaha,RC 200,Carlos Mendoza,Brayan Silva
4939,4354,3217,instalacion y calibracion de motor de arranque y fallo electrico por falla detectada.,Finalizado,2026-03-07 00:00:00,2026-02-25 00:00:00,1950,Cliente informado,TVS,Boxer 150,Carlos Mendoza,Julio Navarro
4940,2911,3616,optimizacion del sistema vinilado y sensores de estacionamiento para mejorar rendimiento.,Finalizado,2026-03-01 00:00:00,2026-03-02 00:00:00,2289,Entregado,TVS,Ninja 400,Jose Ramirez,Daniel Castillo
4941,4884,3833,servicio integral para calipers y kit aerodinamico debido a desgaste.,Finalizado,2026-03-05 00:00:00,2026-03-05 00:00:00,909,Entregado,KTM,Ninja 400,Jose Ramirez,Brayan Silva
4942,3531,4342,mantenimiento preventivo en encendido y encendido con pruebas posteriores.,Finalizado,2026-02-28 00:00:00,2026-02-28 00:00:00,658,Entregado,Italika,FZ16,Carlos Mendoza,Julio Navarro
4943,4991,635,mantenimiento preventivo en velocidad y calipers debido a desgaste.,Finalizado,2026-03-03 00:00:00,2026-03-06 00:00:00,1485,Cliente informado,Yamaha,DM200,Jose Ramirez,Brayan Silva
4944,3563,591,servicio integral para centralita y encendido por falla detectada.,Finalizado,2026-03-24 00:00:00,2026-03-25 00:00:00,6007,Cliente informado,Honda,RC 200,Carlos Mendoza,Samuel Cruz
4945,3863,2714,correccion especializada de culata y culata y verificacion completa.,Finalizado,2026-03-03 00:00:00,2026-03-05 00:00:00,4115,Cliente informado,Bajaj,DM200,Carlos Mendoza,Victor Rivas
4946,1616,1055,diagnostico y reparacion de inspeccion y revision general por falla detectada.,Finalizado,2026-03-18 00:00:00,2026-03-19 00:00:00,5352,Entregado,Italika,CB190R,Jose Ramirez,Jose Ramirez
4947,3416,621,revision completa de evaluacion y escaneo para mejorar rendimiento.,Finalizado,2026-03-26 00:00:00,2026-03-29 00:00:00,5301,Cliente informado,Bajaj,CB190R,Jose Ramirez,Daniel Castillo
4948,312,4221,inspeccion avanzada de inspeccion y revision general por falla detectada.,Finalizado,2026-03-26 00:00:00,2026-03-28 00:00:00,2779,Entregado,Italika,Duke 390,Jose Ramirez,Samuel Cruz
4949,3531,4342,ajuste tecnico de cambio color y sonido para mejorar rendimiento.,Finalizado,2026-02-28 00:00:00,2026-02-28 00:00:00,2333,Entregado,Bajaj,FT150,Carlos Mendoza,Alexis Diaz
4950,2279,3464,servicio integral para eje y amortiguadores segun solicitud del cliente.,Finalizado,2026-03-06 00:00:00,2026-03-08 00:00:00,6468,Cliente informado,Suzuki,RC 200,Jose Ramirez,Manuel Vargas
4951,4697,4363,diagnostico y reparacion de motor de arranque y centralita segun solicitud del cliente.,Finalizado,2026-03-13 00:00:00,2026-03-13 00:00:00,3207,Entregado,Bajaj,Gixxer 250,Jose Ramirez,Mario Lopez
4952,2928,2742,inspeccion avanzada de chequeo y revision general por falla detectada.,Finalizado,2026-03-22 00:00:00,2026-03-26 00:00:00,906,Cliente informado,Bajaj,FZ16,Jose Ramirez,Manuel Vargas
4953,845,4630,revision completa de tuning y chip segun solicitud del cliente.,Finalizado,2026-03-27 00:00:00,2026-03-27 00:00:00,4312,Cliente informado,Suzuki,FT150,Carlos Mendoza,Brayan Silva
4954,969,2859,correccion especializada de encendido y encendido incluyendo ajuste final.,Finalizado,2026-03-14 00:00:00,2026-03-15 00:00:00,5234,Entregado,Kawasaki,NKD 125,Jose Ramirez,Jose Ramirez
4955,4874,311,inspeccion avanzada de lubricacion y cambio de aceite para mejorar rendimiento.,Finalizado,2026-03-11 00:00:00,2026-03-14 00:00:00,5098,Entregado,Italika,Boxer 150,Jose Ramirez,Edwin Chavez
4956,1098,459,revision completa de bateria y alternador incluyendo ajuste final.,Finalizado,2026-03-03 00:00:00,2026-03-06 00:00:00,5486,Cliente informado,Italika,GN125,Carlos Mendoza,Erick Gutierrez
4957,3085,5282,revision completa de eje y diferencial por falla detectada.,Finalizado,2026-03-16 00:00:00,2026-03-16 00:00:00,1329,Cliente informado,Yamaha,XR150L,Carlos Mendoza,Carlos Mendoza
4958,524,60,diagnostico y reparacion de diagnostico y test y verificacion completa.,Finalizado,2026-03-06 00:00:00,2026-03-10 00:00:00,4380,Entregado,Suzuki,MT-07,Carlos Mendoza,Victor Rivas
4959,3759,2943,servicio integral para diagnostico y chequeo por falla detectada.,Finalizado,2026-03-27 00:00:00,2026-03-31 00:00:00,909,Cliente informado,Suzuki,GN125,Carlos Mendoza,Victor Rivas
4960,1801,2615,diagnostico y reparacion de alineacion y filtro de aire debido a desgaste.,Finalizado,2026-03-02 00:00:00,2026-03-03 00:00:00,6119,Entregado,Suzuki,GN125,Carlos Mendoza,Fernando Herrera
4961,3770,1561,servicio integral para distribucion y transmision debido a desgaste.,Finalizado,2026-03-11 00:00:00,2026-03-14 00:00:00,1385,Cliente informado,TVS,NKD 125,Jose Ramirez,Mario Lopez
4962,902,5131,revision completa de test y diagnostico incluyendo ajuste final.,Finalizado,2026-03-25 00:00:00,2026-03-26 00:00:00,4421,Cliente informado,Yamaha,Pulsar NS200,Jose Ramirez,Edwin Chavez
4963,845,4630,correccion especializada de escaneo y chequeo segun solicitud del cliente.,Finalizado,2026-03-27 00:00:00,2026-03-27 00:00:00,2491,Cliente informado,Bajaj,Ninja 400,Carlos Mendoza,Wilmer Soto
4964,1681,1471,correccion especializada de chasis y distribucion para mejorar rendimiento.,Finalizado,2026-03-26 00:00:00,2026-03-26 00:00:00,2255,Entregado,Kawasaki,R15,Jose Ramirez,Francisco Blandon
4965,4388,595,servicio integral para inspeccion y diagnostico para mejorar rendimiento.,En proceso,2026-03-02 00:00:00,2026-03-05 00:00:00,5125,Cliente informado,Yamaha,MT-07,Carlos Mendoza,Luis Martinez
4966,4410,484,servicio integral para diferencial y direccion y verificacion completa.,Finalizado,2026-03-16 00:00:00,2026-03-20 00:00:00,3868,Cliente informado,Yamaha,Pulsar NS200,Carlos Mendoza,Kevin Torres
4967,4782,1361,mantenimiento preventivo en centralita y sensores para mejorar rendimiento.,Finalizado,2026-03-05 00:00:00,2026-03-06 00:00:00,5007,Entregado,Kawasaki,R15,Carlos Mendoza,Carlos Mendoza
4968,3979,4752,correccion especializada de pantalla y cromado y verificacion completa.,Finalizado,2026-03-18 00:00:00,2026-03-21 00:00:00,2898,Entregado,TVS,GN125,Carlos Mendoza,Andres Ruiz
4969,3638,2264,revision completa de radiador y carroceria y verificacion completa.,Finalizado,2026-03-18 00:00:00,2026-03-22 00:00:00,4547,Entregado,Kawasaki,Z650,Jose Ramirez,Oscar Reyes
4970,3282,4548,correccion especializada de encendido y fallo electrico y verificacion completa.,Finalizado,2026-03-24 00:00:00,2026-03-14 00:00:00,2589,Cliente informado,Kawasaki,Pulsar NS200,Carlos Mendoza,Kevin Torres
4971,169,570,revision completa de luces y luces incluyendo ajuste final.,Finalizado,2026-03-20 00:00:00,2026-03-23 00:00:00,1893,Cliente informado,Yamaha,CBR 600RR,Jose Ramirez,Fernando Herrera
4972,1346,4052,diagnostico y reparacion de motor de arranque y cableado segun solicitud del cliente.,Finalizado,2026-03-27 00:00:00,2026-03-30 00:00:00,5911,Cliente informado,Kawasaki,DM200,Jose Ramirez,Julio Navarro
4973,1960,2496,ajuste tecnico de revision y balanceo y verificacion completa.,Finalizado,2026-03-01 00:00:00,2026-03-05 00:00:00,3309,Cliente informado,Honda,NKD 125,Carlos Mendoza,Cristian Molina
4974,95,4786,mantenimiento preventivo en balanceo y chequeo segun solicitud del cliente.,Entregado,2026-03-24 00:00:00,2026-03-24 00:00:00,6190,Entregado,Yamaha,GSX-R750,Jose Ramirez,Francisco Blandon
4975,1213,178,optimizacion del sistema chequeo y balanceo incluyendo ajuste final.,Finalizado,2026-03-18 00:00:00,2026-03-18 00:00:00,1429,Entregado,AKT,Duke 390,Carlos Mendoza,Steven Rocha
4976,4177,1370,diagnostico y reparacion de velocidad y reprogramacion debido a desgaste.,Finalizado,2026-03-04 00:00:00,2026-03-04 00:00:00,3612,Entregado,Yamaha,R15,Carlos Mendoza,Jose Ramirez
4977,2553,1018,revision completa de fallo electrico y centralita segun solicitud del cliente.,Finalizado,2026-03-04 00:00:00,2026-03-08 00:00:00,1660,Cliente informado,Suzuki,CBR 600RR,Carlos Mendoza,Samuel Cruz
4978,3894,1817,revision completa de escaneo y evaluacion y verificacion completa.,En proceso,2026-03-20 00:00:00,2026-03-22 00:00:00,6478,Cliente informado,Kawasaki,Apache RTR 200,Jose Ramirez,Luis Martinez
4979,4221,692,diagnostico y reparacion de audio y gps por falla detectada.,Entregado,2026-03-18 00:00:00,2026-03-20 00:00:00,2061,Entregado,Italika,CB190R,Jose Ramirez,Oscar Reyes
4980,3849,4433,diagnostico y reparacion de test y chequeo incluyendo ajuste final.,Finalizado,2026-03-05 00:00:00,2026-03-05 00:00:00,6194,Entregado,Kawasaki,R15,Jose Ramirez,Cristian Molina
4981,4741,3736,optimizacion del sistema sistema electrico y bateria para mejorar rendimiento.,Finalizado,2026-03-14 00:00:00,2026-03-17 00:00:00,1245,Entregado,Honda,Gixxer 250,Jose Ramirez,Andres Ruiz
4982,2137,4386,inspeccion avanzada de escaneo y diagnostico para mejorar rendimiento.,Finalizado,2026-03-03 00:00:00,2026-03-03 00:00:00,3180,Entregado,Honda,DM200,Carlos Mendoza,Roberto Flores
4983,1444,3734,inspeccion avanzada de evaluacion y problema incluyendo ajuste final.,Finalizado,2026-03-14 00:00:00,2026-03-18 00:00:00,5641,Entregado,KTM,Z650,Carlos Mendoza,Wilmer Soto
4984,1125,1078,instalacion y calibracion de evaluacion y ruido para mejorar rendimiento.,Finalizado,2026-03-11 00:00:00,2026-03-15 00:00:00,5466,Cliente informado,Italika,GN125,Jose Ramirez,Edwin Chavez
4985,4464,1935,inspeccion avanzada de aleron y kit aerodinamico y verificacion completa.,Finalizado,2026-03-06 00:00:00,2026-03-10 00:00:00,1037,Cliente informado,Suzuki,Gixxer 250,Carlos Mendoza,Henry Tellez
4986,3032,4385,ajuste tecnico de aleron y performance segun solicitud del cliente.,Finalizado,2026-03-08 00:00:00,2026-03-12 00:00:00,5336,Entregado,Bajaj,CBR 600RR,Carlos Mendoza,Cristian Molina
4987,4409,5122,servicio integral para escaneo y escaneo y verificacion completa.,Finalizado,2026-03-24 00:00:00,2026-03-25 00:00:00,2507,Entregado,Kawasaki,GN125,Carlos Mendoza,Mario Lopez
4988,3672,2900,diagnostico y reparacion de transmision y motor para mejorar rendimiento.,Finalizado,2026-03-17 00:00:00,2026-03-20 00:00:00,4155,Cliente informado,Suzuki,CBR 600RR,Carlos Mendoza,Javier Morales
4989,4522,4978,mantenimiento preventivo en bateria y alternador incluyendo ajuste final.,Finalizado,2026-03-11 00:00:00,2026-03-11 00:00:00,6085,Entregado,Suzuki,R15,Jose Ramirez,Andres Ruiz
4990,95,4786,revision completa de motor y arbol de levas incluyendo ajuste final.,Entregado,2026-03-24 00:00:00,2026-03-24 00:00:00,1480,Entregado,Kawasaki,RC 200,Carlos Mendoza,Roberto Flores
4991,902,5131,optimizacion del sistema bateria y bateria debido a desgaste.,Finalizado,2026-03-25 00:00:00,2026-03-26 00:00:00,5062,Cliente informado,Honda,Boxer 150,Jose Ramirez,Miguel Garcia
4992,4573,132,revision completa de evaluacion y problema segun solicitud del cliente.,Finalizado,2026-03-09 00:00:00,2026-03-12 00:00:00,6311,Cliente informado,Honda,Gixxer 250,Carlos Mendoza,Roberto Flores
4993,264,2667,revision completa de fallo electrico y sensores para mejorar rendimiento.,Finalizado,2026-03-15 00:00:00,2026-03-19 00:00:00,2440,Entregado,Honda,Z650,Carlos Mendoza,Luis Martinez
4994,3250,1019,instalacion y calibracion de inspeccion y ruido incluyendo ajuste final.,Finalizado,2026-03-16 00:00:00,2026-03-19 00:00:00,3717,Cliente informado,KTM,Pulsar NS200,Jose Ramirez,Daniel Castillo
4995,4666,3999,inspeccion avanzada de centralita y motor de arranque y verificacion completa.,Finalizado,2026-03-14 00:00:00,2026-03-16 00:00:00,3072,Cliente informado,TVS,MT-07,Carlos Mendoza,Fernando Herrera
4996,4614,416,diagnostico y reparacion de radiador y transmision y verificacion completa.,Finalizado,2026-03-22 00:00:00,2026-03-26 00:00:00,3536,Entregado,TVS,R15,Carlos Mendoza,Cristian Molina
4997,4196,4672,mantenimiento preventivo en revision general y revision general segun solicitud del cliente.,Finalizado,2026-03-08 00:00:00,2026-03-09 00:00:00,3502,Cliente informado,Kawasaki,Boxer 150,Carlos Mendoza,Andres Ruiz
4998,1400,656,correccion especializada de sensores y motor de arranque y verificacion completa.,En proceso,2026-03-08 00:00:00,2026-03-08 00:00:00,2693,Cliente informado,Italika,Pulsar NS200,Carlos Mendoza,Roberto Flores
4999,3590,2974,correccion especializada de fallo electrico y fallo electrico por falla detectada.,Finalizado,2026-03-29 00:00:00,2026-04-02 00:00:00,5292,Entregado,Suzuki,Ninja 400,Jose Ramirez,Mario Lopez
5000,3826,1482,correccion especializada de luces led y audio por falla detectada.,Finalizado,2026-03-27 00:00:00,2026-03-30 00:00:00,5019,Cliente informado,Yamaha,CBR 600RR,Jose Ramirez,Daniel Castillo
